{"id":"AD","name":"Andorra","month":"2017-02","access_date":"2017-03-03","data":{"chrome":{"4":null,"5":null,"6":null,"7":null,"8":null,"9":null,"10":0.018591,"11":0.024788,"12":null,"13":null,"14":null,"15":null,"16":null,"17":null,"18":null,"19":null,"20":null,"21":null,"22":0.006197,"23":null,"24":null,"25":null,"26":null,"27":null,"28":null,"29":null,"30":null,"31":0.068167,"32":0.06197,"33":null,"34":0.006197,"35":0.018591,"36":0.006197,"37":0.006197,"38":0.006197,"39":null,"40":0.037182,"41":0.037182,"42":null,"43":0.018591,"44":null,"45":0.006197,"46":0.037182,"47":0.037182,"48":0.012394,"49":3.395956,"50":0.291259,"51":0.099152,"52":0.049576,"53":0.06197,"54":0.235486,"55":7.213308,"56":21.404438,"57":0.012394,"58":null,"59":null},"firefox":{"2":null,"3":null,"3.5":null,"3.6":0.006197,"4":null,"5":null,"6":null,"7":null,"8":null,"9":null,"10":null,"11":null,"12":null,"13":null,"14":null,"15":0.018591,"16":0.030985,"17":null,"18":null,"19":null,"20":null,"21":null,"22":null,"23":0.006197,"24":null,"25":null,"26":null,"27":null,"28":null,"29":null,"30":0.006197,"31":null,"32":null,"33":0.006197,"34":null,"35":null,"36":null,"37":0.037182,"38":0.018591,"39":null,"40":null,"41":null,"42":0.006197,"43":0.018591,"44":0.018591,"45":0.111546,"46":0.012394,"47":0.099152,"48":0.322244,"49":0.092955,"50":0.235486,"51":13.713961,"52":0.12394,"53":null,"54":null},"opera":{"9":null,"9.5-9.6":null,"10.0-10.1":0,"10.5":null,"10.6":null,"11":null,"11.1":null,"11.5":null,"11.6":null,"12":null,"12.1":0.012394,"15":null,"16":null,"17":null,"18":null,"19":null,"20":null,"21":null,"22":null,"23":null,"24":null,"25":null,"26":null,"27":null,"28":null,"29":null,"30":null,"31":null,"32":null,"33":null,"34":null,"35":null,"36":0.030985,"37":null,"38":null,"39":null,"40":null,"41":null,"42":0.043379,"43":0.06197,"44":null,"45":null},"safari":{"3.1":null,"3.2":null,"4":0.012394,"5":0.049576,"5.1":0.241683,"6":null,"6.1":0.092955,"7":0.024788,"7.1":null,"8":0.483366,"9":0.452381,"9.1":1.598826,"10":5.08154,"10.1":null,"0":null},"ios_saf":{"3.2":0,"4.0-4.1":0,"4.2-4.3":0,"5.0-5.1":0,"6.0-6.1":0.0825693551194,"7.0-7.1":0.364551492414,"8":0,"8.1-8.4":0.496974043077,"9.0-9.2":0.0981484787268,"9.3":1.34759419204,"10.0-10.2":12.2934864386},"android":{"2.1":0,"2.2":0,"2.3":0,"3":0,"4":0.0214994047619,"4.1":0.0644982142857,"4.2-4.3":0.20768425,"4.4":0.458797297619,"4.4.3-4.4.4":0.258852833333,"53":null},"ie":{"5.5":null,"6":null,"7":null,"8":0.154925,"9":0.154925,"10":0.161122,"11":2.689498},"op_mob":{"10":0,"11":0,"11.1":0,"11.5":0,"12":0,"12.1":0,"0":5.81091703057e-5},"edge":{"12":0.037182,"13":0.204501,"14":1.654599,"15":null},"bb":{"7":0.0066535,"10":null},"ie_mob":{"10":0.0511608932039,"11":0.241593106796},"and_ff":{"0":0.022812},"and_qq":{"1.2":null},"samsung":{"0":2.551142},"and_uc":{"0":0.007604},"op_mini":{"0":0.0265558908297},"and_chr":{"0":19.311377}},"total":99.2143365}