{"id":"AE","name":"United Arab Emirates","month":"2017-02","access_date":"2017-03-03","data":{"chrome":{"4":null,"5":null,"6":null,"7":0.004548,"8":null,"9":null,"10":null,"11":0.004548,"12":null,"13":null,"14":null,"15":null,"16":null,"17":null,"18":0.013644,"19":0.300168,"20":0.009096,"21":0.013644,"22":0.036384,"23":0.009096,"24":0.850476,"25":0.009096,"26":0.018192,"27":0.009096,"28":0.013644,"29":0.031836,"30":0.29562,"31":0.059124,"32":0.036384,"33":0.031836,"34":0.050028,"35":0.623076,"36":0.077316,"37":0.031836,"38":0.050028,"39":0.036384,"40":0.013644,"41":0.031836,"42":0.031836,"43":0.2274,"44":0.04548,"45":0.031836,"46":0.02274,"47":0.031836,"48":0.036384,"49":0.93234,"50":0.050028,"51":0.254688,"52":0.09096,"53":0.281976,"54":0.177372,"55":5.63952,"56":17.541636,"57":0.109152,"58":0.118248,"59":null},"firefox":{"2":0.277428,"3":0.009096,"3.5":null,"3.6":0.004548,"4":null,"5":null,"6":null,"7":null,"8":null,"9":null,"10":null,"11":null,"12":null,"13":null,"14":null,"15":0.286524,"16":null,"17":null,"18":0.327456,"19":null,"20":null,"21":0.300168,"22":0.009096,"23":0.309264,"24":null,"25":0.573048,"26":null,"27":null,"28":null,"29":0.009096,"30":null,"31":0.009096,"32":null,"33":0.009096,"34":0.013644,"35":0.009096,"36":0.004548,"37":0.013644,"38":0.040932,"39":0.009096,"40":0.013644,"41":0.009096,"42":0.009096,"43":0.040932,"44":0.013644,"45":0.036384,"46":0.027288,"47":0.127344,"48":0.086412,"49":0.054576,"50":0.195564,"51":2.369508,"52":0.2274,"53":null,"54":null},"opera":{"9":null,"9.5-9.6":null,"10.0-10.1":0.27288,"10.5":null,"10.6":null,"11":null,"11.1":null,"11.5":null,"11.6":null,"12":0.004548,"12.1":0.02274,"15":null,"16":null,"17":null,"18":null,"19":null,"20":null,"21":null,"22":null,"23":null,"24":null,"25":null,"26":null,"27":null,"28":0.018192,"29":null,"30":null,"31":null,"32":null,"33":null,"34":null,"35":null,"36":0.013644,"37":null,"38":0.027288,"39":null,"40":null,"41":0.004548,"42":0.140988,"43":0.241044,"44":null,"45":null},"safari":{"3.1":null,"3.2":null,"4":0,"5":0.291072,"5.1":0.027288,"6":0.009096,"6.1":0.027288,"7":0.031836,"7.1":0.009096,"8":0.145536,"9":0.1137,"9.1":0.573048,"10":1.66002,"10.1":0.009096,"0":null},"ios_saf":{"3.2":0,"4.0-4.1":0,"4.2-4.3":0,"5.0-5.1":0,"6.0-6.1":0.0506784369231,"7.0-7.1":0.22375008,"8":0,"8.1-8.4":0.305026818462,"9.0-9.2":0.0602404061538,"9.3":0.827110338462,"10.0-10.2":7.54534992},"android":{"2.1":0,"2.2":0,"2.3":0,"3":0,"4":0.0326841836735,"4.1":0.0980525510204,"4.2-4.3":0.315729214286,"4.4":0.697480479592,"4.4.3-4.4.4":0.393517571429,"53":null},"ie":{"5.5":null,"6":null,"7":0.00457750509731,"8":0.746133330862,"9":0.769020856348,"10":0.837683432808,"11":2.58171287488},"op_mob":{"10":0,"11":0,"11.1":0,"11.5":0,"12":0,"12.1":0,"0":0.00532105676856},"edge":{"12":0.04548,"13":0.154632,"14":1.237056,"15":null},"bb":{"7":0.053157,"10":null},"ie_mob":{"10":0.0485916116505,"11":0.22946038835},"and_ff":{"0":0.032712},"and_qq":{"1.2":null},"samsung":{"0":3.385692},"and_uc":{"0":17.490016},"op_mini":{"0":2.43172294323},"and_chr":{"0":20.248216}},"total":98.203529}