{"id":"AF","name":"Afghanistan","month":"2017-02","access_date":"2017-03-03","data":{"chrome":{"4":0.00609,"5":0.00609,"6":null,"7":null,"8":0.106575,"9":null,"10":null,"11":0.03654,"12":0.00609,"13":null,"14":null,"15":null,"16":0.01218,"17":0.01827,"18":0.00609,"19":0.015225,"20":0.021315,"21":null,"22":0.01827,"23":0.01218,"24":0.021315,"25":0.021315,"26":0.003045,"27":0.009135,"28":0.015225,"29":0.027405,"30":0.08526,"31":0.051765,"32":0.04263,"33":0.027405,"34":0.021315,"35":0.009135,"36":0.03654,"37":0.01827,"38":0.027405,"39":0.015225,"40":0.027405,"41":0.01218,"42":0.027405,"43":0.41412,"44":0.03654,"45":0.1827,"46":0.070035,"47":0.03045,"48":0.082215,"49":0.271005,"50":0.045675,"51":0.16443,"52":0.143115,"53":0.344085,"54":0.25578,"55":3.02673,"56":10.76712,"57":0.0609,"58":0.039585,"59":null},"firefox":{"2":0.00609,"3":0.009135,"3.5":null,"3.6":0.03045,"4":0.01827,"5":null,"6":0.00609,"7":null,"8":0.003045,"9":0.021315,"10":0.015225,"11":0.01218,"12":0.015225,"13":0.05481,"14":0.009135,"15":0.021315,"16":0.00609,"17":0.021315,"18":0.01218,"19":0.00609,"20":0.021315,"21":0.015225,"22":0.01827,"23":0.00609,"24":0.039585,"25":0.01218,"26":0.003045,"27":0.01218,"28":0.04872,"29":0.063945,"30":0.106575,"31":0.03045,"32":0.009135,"33":0.07308,"34":0.027405,"35":0.09135,"36":0.009135,"37":0.021315,"38":0.10353,"39":0.03045,"40":0.03045,"41":0.10353,"42":0.106575,"43":0.26187,"44":0.082215,"45":0.08526,"46":0.082215,"47":0.3654,"48":0.173565,"49":0.130935,"50":0.301455,"51":3.89151,"52":0.34713,"53":null,"54":null},"opera":{"9":null,"9.5-9.6":null,"10.0-10.1":0,"10.5":null,"10.6":null,"11":0.003045,"11.1":null,"11.5":null,"11.6":0.015225,"12":null,"12.1":0.009135,"15":0.00609,"16":null,"17":null,"18":null,"19":null,"20":0.00609,"21":null,"22":0.01218,"23":null,"24":null,"25":null,"26":null,"27":null,"28":null,"29":0.00609,"30":0.00609,"31":null,"32":0.03045,"33":0.00609,"34":0.00609,"35":0.00609,"36":0.009135,"37":0.00609,"38":0.003045,"39":null,"40":0.009135,"41":0.00609,"42":0.22533,"43":0.283185,"44":null,"45":null},"safari":{"3.1":null,"3.2":null,"4":0,"5":null,"5.1":0.01218,"6":null,"6.1":0.00609,"7":0.01218,"7.1":null,"8":0.02436,"9":0.02436,"9.1":0.10962,"10":0.74907,"10.1":null,"0":null},"ios_saf":{"3.2":0,"4.0-4.1":0,"4.2-4.3":0,"5.0-5.1":0,"6.0-6.1":0.0357808201592,"7.0-7.1":0.157975696552,"8":0,"8.1-8.4":0.215360030769,"9.0-9.2":0.0425319183024,"9.3":0.58396998939,"10.0-10.2":5.32729154483},"android":{"2.1":0,"2.2":0,"2.3":0,"3":0,"4":0.179171938776,"4.1":0.537515816327,"4.2-4.3":1.73080092857,"4.4":3.82352917347,"4.4.3-4.4.4":2.15723014286,"53":null},"ie":{"5.5":null,"6":0.027405,"7":0.045675,"8":0.386715,"9":0.26796,"10":0.25578,"11":2.414685},"op_mob":{"10":0,"11":0,"11.1":0,"11.5":0,"12":0,"12.1":0,"0":0.00994513100437},"edge":{"12":0.12789,"13":0.12789,"14":0.423255,"15":null},"bb":{"7":0.006954,"10":null},"ie_mob":{"10":0.0364578640777,"11":0.172162135922},"and_ff":{"0":0.041724},"and_qq":{"1.2":null},"samsung":{"0":6.314232},"and_uc":{"0":6.648024},"op_mini":{"0":4.544924869},"and_chr":{"0":36.704127}},"total":98.611329}