{"id":"AI","name":"Anguilla","month":"2017-02","access_date":"2017-03-03","data":{"chrome":{"4":null,"5":null,"6":null,"7":null,"8":null,"9":null,"10":null,"11":null,"12":null,"13":null,"14":null,"15":null,"16":null,"17":null,"18":null,"19":0.043664,"20":null,"21":null,"22":0.087328,"23":null,"24":null,"25":0.010916,"26":0.010916,"27":null,"28":null,"29":0.010916,"30":0.005458,"31":null,"32":0.016374,"33":null,"34":null,"35":null,"36":0.840532,"37":null,"38":0.125534,"39":null,"40":null,"41":null,"42":0.02729,"43":0.02729,"44":0.016374,"45":null,"46":0.010916,"47":0.010916,"48":null,"49":0.567632,"50":0.049122,"51":0.021832,"52":0.016374,"53":0.08187,"54":0.16374,"55":7.537498,"56":19.07571,"57":0.403892,"58":0.043664,"59":null},"firefox":{"2":null,"3":null,"3.5":null,"3.6":0.016374,"4":null,"5":null,"6":null,"7":null,"8":null,"9":null,"10":null,"11":null,"12":null,"13":null,"14":null,"15":null,"16":null,"17":null,"18":null,"19":null,"20":null,"21":null,"22":null,"23":null,"24":null,"25":null,"26":null,"27":null,"28":null,"29":null,"30":null,"31":null,"32":null,"33":0.010916,"34":null,"35":null,"36":null,"37":null,"38":0.371144,"39":0.010916,"40":null,"41":0.016374,"42":null,"43":0.076412,"44":null,"45":0.005458,"46":0.005458,"47":0.174656,"48":0.08187,"49":0.360228,"50":0.169198,"51":4.61201,"52":0.10916,"53":null,"54":null},"opera":{"9":null,"9.5-9.6":null,"10.0-10.1":0,"10.5":null,"10.6":null,"11":null,"11.1":null,"11.5":null,"11.6":null,"12":null,"12.1":null,"15":null,"16":null,"17":null,"18":null,"19":null,"20":null,"21":null,"22":null,"23":null,"24":null,"25":null,"26":null,"27":null,"28":null,"29":null,"30":null,"31":null,"32":null,"33":null,"34":null,"35":null,"36":null,"37":null,"38":null,"39":null,"40":null,"41":null,"42":0.16374,"43":0.147366,"44":null,"45":null},"safari":{"3.1":null,"3.2":null,"4":0,"5":null,"5.1":0.049122,"6":null,"6.1":null,"7":null,"7.1":null,"8":0.322022,"9":0.08187,"9.1":0.638586,"10":3.5477,"10.1":null,"0":null},"ios_saf":{"3.2":0,"4.0-4.1":0,"4.2-4.3":0,"5.0-5.1":0,"6.0-6.1":0.0583872292838,"7.0-7.1":0.257785125517,"8":0,"8.1-8.4":0.351425021538,"9.0-9.2":0.0694036876393,"9.3":0.952923647745,"10.0-10.2":8.69308728828},"android":{"2.1":0,"2.2":0,"2.3":0,"3":0,"4":0.0732860969388,"4.1":0.219858290816,"4.2-4.3":0.707943696429,"4.4":1.56392530867,"4.4.3-4.4.4":0.882364607143,"53":null},"ie":{"5.5":null,"6":null,"7":null,"8":0.0548155124056,"9":0.158964985976,"10":0.115112576052,"11":4.75250492557},"op_mob":{"10":0,"11":0,"11.1":0,"11.5":0,"12":0,"12.1":0,"0":0.000604938864629},"edge":{"12":0.185572,"13":0.51851,"14":5.32155,"15":null},"bb":{"7":0.0442845,"10":null},"ie_mob":{"10":0.0404811262136,"11":0.191160873786},"and_ff":{"0":0.013626},"and_qq":{"1.2":null},"samsung":{"0":5.763798},"and_uc":{"0":0.644964},"op_mini":{"0":0.276457061135},"and_chr":{"0":27.01412}},"total":99.1032545}