{"id":"AL","name":"Albania","month":"2017-02","access_date":"2017-03-03","data":{"chrome":{"4":null,"5":0.00927,"6":null,"7":null,"8":null,"9":null,"10":0.00927,"11":0.023175,"12":0.00927,"13":0.004635,"14":null,"15":null,"16":0.004635,"17":null,"18":0.01854,"19":null,"20":null,"21":null,"22":0.060255,"23":0.00927,"24":0.004635,"25":0.004635,"26":0.013905,"27":0.00927,"28":0.00927,"29":0.032445,"30":0.01854,"31":0.01854,"32":0.02781,"33":0.032445,"34":0.041715,"35":0.023175,"36":0.10197,"37":0.01854,"38":0.032445,"39":0.041715,"40":0.069525,"41":0.041715,"42":0.013905,"43":0.14832,"44":0.050985,"45":0.02781,"46":0.04635,"47":0.10197,"48":0.069525,"49":4.120515,"50":0.106605,"51":0.54693,"52":0.180765,"53":0.217845,"54":0.14832,"55":6.716115,"56":22.48902,"57":0.10197,"58":0.060255,"59":null},"firefox":{"2":null,"3":0.013905,"3.5":null,"3.6":0.00927,"4":0.00927,"5":null,"6":null,"7":null,"8":null,"9":null,"10":0.00927,"11":0.013905,"12":null,"13":null,"14":0.004635,"15":null,"16":null,"17":0.004635,"18":null,"19":null,"20":null,"21":null,"22":0.00927,"23":null,"24":0.023175,"25":null,"26":0.004635,"27":0.004635,"28":0.004635,"29":0.004635,"30":0.00927,"31":null,"32":null,"33":0.00927,"34":0.013905,"35":0.023175,"36":0.069525,"37":0.00927,"38":0.02781,"39":0.01854,"40":0.023175,"41":0.023175,"42":0.00927,"43":0.11124,"44":0.02781,"45":0.05562,"46":0.06489,"47":0.30591,"48":0.180765,"49":0.07416,"50":0.19467,"51":3.51333,"52":0.088065,"53":0.004635,"54":null},"opera":{"9":null,"9.5-9.6":null,"10.0-10.1":0,"10.5":null,"10.6":null,"11":null,"11.1":null,"11.5":null,"11.6":null,"12":null,"12.1":0.023175,"15":null,"16":null,"17":null,"18":null,"19":null,"20":null,"21":null,"22":null,"23":null,"24":null,"25":null,"26":null,"27":null,"28":0.01854,"29":null,"30":null,"31":null,"32":null,"33":null,"34":null,"35":null,"36":0.050985,"37":null,"38":0.07416,"39":null,"40":0.01854,"41":null,"42":0.180765,"43":0.35226,"44":null,"45":null},"safari":{"3.1":null,"3.2":null,"4":0.00927,"5":0.00927,"5.1":0.013905,"6":null,"6.1":0.013905,"7":0.013905,"7.1":null,"8":0.03708,"9":0.032445,"9.1":0.07416,"10":0.30591,"10.1":null,"0":null},"ios_saf":{"3.2":0,"4.0-4.1":0,"4.2-4.3":0,"5.0-5.1":0,"6.0-6.1":0.0851375692308,"7.0-7.1":0.3758904,"8":0,"8.1-8.4":0.512431784615,"9.0-9.2":0.101201261538,"9.3":1.38950938462,"10.0-10.2":12.6758596},"android":{"2.1":0,"2.2":0,"2.3":0,"3":0,"4":0.115420493197,"4.1":0.346261479592,"4.2-4.3":1.11496196429,"4.4":2.46307332483,"4.4.3-4.4.4":1.3896627381,"53":null},"ie":{"5.5":null,"6":0.0194033823529,"7":0.0291050735294,"8":0.717925147059,"9":0.111569448529,"10":0.111569448529,"11":0.9895725},"op_mob":{"10":0,"11":0,"11.1":0,"11.5":0,"12":0,"12.1":0,"0":0.0026590720524},"edge":{"12":0.04635,"13":0.0927,"14":0.412515,"15":null},"bb":{"7":0.0456025,"10":null},"ie_mob":{"10":0.188452135922,"11":0.889912864078},"and_ff":{"0":0.016095},"and_qq":{"1.2":null},"samsung":{"0":3.406775},"and_uc":{"0":0.23606},"op_mini":{"0":1.21519592795},"and_chr":{"0":27.20229}},"total":98.3426125}