{"id":"oc","name":"Oceania","month":"2017-02","access_date":"2017-03-03","data":{"chrome":{"4":null,"5":null,"6":null,"7":null,"8":null,"9":null,"10":null,"11":0.010562,"12":null,"13":null,"14":null,"15":null,"16":null,"17":null,"18":null,"19":null,"20":null,"21":null,"22":0.015843,"23":null,"24":null,"25":null,"26":0.015843,"27":null,"28":null,"29":0.005281,"30":0.010562,"31":0.021124,"32":0.026405,"33":0.015843,"34":0.031686,"35":0.021124,"36":0.073934,"37":0.015843,"38":0.047529,"39":0.036967,"40":0.026405,"41":0.042248,"42":0.031686,"43":0.068653,"44":0.058091,"45":0.227083,"46":0.063372,"47":0.079215,"48":0.063372,"49":0.987547,"50":0.15843,"51":0.221802,"52":0.221802,"53":0.290455,"54":0.496414,"55":7.615202,"56":19.492171,"57":0.079215,"58":0.047529,"59":null},"firefox":{"2":null,"3":null,"3.5":null,"3.6":0.010562,"4":null,"5":null,"6":null,"7":null,"8":null,"9":null,"10":null,"11":null,"12":null,"13":null,"14":null,"15":null,"16":0.005281,"17":null,"18":null,"19":null,"20":null,"21":null,"22":null,"23":null,"24":0.005281,"25":null,"26":null,"27":null,"28":null,"29":0.005281,"30":null,"31":0.010562,"32":null,"33":0.005281,"34":0.005281,"35":0.010562,"36":0.010562,"37":0.026405,"38":0.058091,"39":0.015843,"40":0.015843,"41":0.026405,"42":0.015843,"43":0.036967,"44":0.031686,"45":0.174273,"46":0.031686,"47":0.116182,"48":0.179554,"49":0.084496,"50":0.311579,"51":4.826834,"52":0.095058,"53":null,"54":null},"opera":{"9":null,"9.5-9.6":null,"10.0-10.1":0,"10.5":null,"10.6":null,"11":null,"11.1":null,"11.5":null,"11.6":null,"12":null,"12.1":0.015843,"15":null,"16":null,"17":null,"18":null,"19":null,"20":null,"21":null,"22":null,"23":null,"24":null,"25":null,"26":null,"27":null,"28":0.010562,"29":null,"30":null,"31":null,"32":null,"33":null,"34":null,"35":null,"36":0.010562,"37":null,"38":0.005281,"39":null,"40":null,"41":null,"42":0.058091,"43":0.10562,"44":null,"45":null},"safari":{"3.1":null,"3.2":null,"4":0,"5":0.047529,"5.1":0.100339,"6":0.010562,"6.1":0.089777,"7":0.036967,"7.1":0.010562,"8":0.242926,"9":0.290455,"9.1":1.0562,"10":3.506584,"10.1":0.015843,"0":null},"ios_saf":{"3.2":0,"4.0-4.1":0,"4.2-4.3":0,"5.0-5.1":0,"6.0-6.1":0.136612575066,"7.0-7.1":0.603157406897,"8":0,"8.1-8.4":0.822253046154,"9.0-9.2":0.162388532626,"9.3":2.22962032891,"10.0-10.2":20.3398081103},"android":{"2.1":0,"2.2":0,"2.3":0,"3":0,"4":0.022074829932,"4.1":0.0662244897959,"4.2-4.3":0.213242857143,"4.4":0.471076870748,"4.4.3-4.4.4":0.265780952381,"53":null},"ie":{"5.5":null,"6":0.00537260450997,"7":0.00537260450997,"8":0.182668553339,"9":0.182668553339,"10":0.161178135299,"11":5.65197994449},"op_mob":{"10":0,"11":0,"11.1":0,"11.5":0,"12":0,"12.1":0,"0":0.00132943231441},"edge":{"12":0.063372,"13":0.274612,"14":2.883426,"15":null},"bb":{"7":0.0059,"10":null},"ie_mob":{"10":0.0470166990291,"11":0.222023300971},"and_ff":{"0":0.0472},"and_qq":{"1.2":null},"samsung":{"0":3.9176},"and_uc":{"0":1.4632},"op_mini":{"0":0.607550567686},"and_chr":{"0":15.570778}},"total":98.9738273955}