{"id":"na","name":"North America","month":"2017-02","access_date":"2017-03-03","data":{"chrome":{"4":null,"5":null,"6":null,"7":null,"8":null,"9":null,"10":null,"11":0.016248,"12":null,"13":null,"14":null,"15":null,"16":null,"17":null,"18":0.016248,"19":null,"20":null,"21":0.010832,"22":0.010832,"23":0.005416,"24":null,"25":0.010832,"26":0.005416,"27":0.016248,"28":null,"29":0.016248,"30":null,"31":0.021664,"32":0.021664,"33":0.010832,"34":0.02708,"35":0.021664,"36":0.05416,"37":0.02708,"38":0.037912,"39":0.032496,"40":0.037912,"41":0.086656,"42":0.070408,"43":0.200392,"44":0.064992,"45":0.075824,"46":0.048744,"47":0.059576,"48":0.119152,"49":1.066952,"50":0.157064,"51":0.46036,"52":0.21664,"53":0.281632,"54":0.498272,"55":8.06984,"56":18.36024,"57":0.075824,"58":0.05416,"59":null},"firefox":{"2":null,"3":0.021664,"3.5":null,"3.6":0.010832,"4":null,"5":null,"6":null,"7":null,"8":null,"9":null,"10":0.005416,"11":0.010832,"12":null,"13":null,"14":null,"15":null,"16":0.010832,"17":null,"18":null,"19":null,"20":null,"21":0.016248,"22":null,"23":null,"24":0.010832,"25":0.005416,"26":0.005416,"27":0.005416,"28":0.010832,"29":0.010832,"30":0.005416,"31":0.02708,"32":0.005416,"33":0.010832,"34":0.005416,"35":0.016248,"36":0.021664,"37":0.021664,"38":0.05416,"39":0.016248,"40":0.016248,"41":0.02708,"42":0.016248,"43":0.05416,"44":0.016248,"45":0.222056,"46":0.064992,"47":0.21664,"48":0.29788,"49":0.113736,"50":0.389952,"51":4.776912,"52":0.043328,"53":0.005416,"54":null},"opera":{"9":null,"9.5-9.6":null,"10.0-10.1":0,"10.5":null,"10.6":null,"11":null,"11.1":null,"11.5":null,"11.6":null,"12":null,"12.1":0.016248,"15":null,"16":null,"17":null,"18":null,"19":null,"20":null,"21":null,"22":null,"23":null,"24":null,"25":null,"26":null,"27":null,"28":0.016248,"29":null,"30":null,"31":null,"32":null,"33":null,"34":null,"35":null,"36":0.010832,"37":null,"38":0.043328,"39":null,"40":null,"41":null,"42":0.075824,"43":0.113736,"44":null,"45":null},"safari":{"3.1":null,"3.2":null,"4":0.02708,"5":0.037912,"5.1":0.102904,"6":0.010832,"6.1":0.070408,"7":0.032496,"7.1":0.010832,"8":0.178728,"9":0.194976,"9.1":0.964048,"10":3.265848,"10.1":0.021664,"0":null},"ios_saf":{"3.2":0,"4.0-4.1":0,"4.2-4.3":0,"5.0-5.1":0,"6.0-6.1":0.120045759151,"7.0-7.1":0.530013351724,"8":0,"8.1-8.4":0.722539569231,"9.0-9.2":0.142695902387,"9.3":1.95923738992,"10.0-10.2":17.8732280276},"android":{"2.1":0,"2.2":0,"2.3":0,"3":0,"4":0.0217358630952,"4.1":0.0652075892857,"4.2-4.3":0.2099684375,"4.4":0.463843318452,"4.4.3-4.4.4":0.261699791667,"53":null},"ie":{"5.5":null,"6":0.05500625,"7":0.03300375,"8":0.390544375,"9":0.291533125,"10":0.313535625,"11":6.65575625},"op_mob":{"10":0,"11":0,"11.1":0,"11.5":0,"12":0,"12.1":0,"0":0.000760829694323},"edge":{"12":0.059576,"13":0.21664,"14":2.935472,"15":null},"bb":{"7":0.0343875,"10":null},"ie_mob":{"10":0.0424668932039,"11":0.200538106796},"and_ff":{"0":0.05502},"and_qq":{"1.2":null},"samsung":{"0":2.883965},"and_uc":{"0":0.371385},"op_mini":{"0":0.347699170306},"and_chr":{"0":19.536139}},"total":98.924707875}