{"id":"ww","name":"Worldwide","month":"2017-02","access_date":"2017-03-03","data":{"chrome":{"4":null,"5":null,"6":null,"7":null,"8":null,"9":null,"10":null,"11":0.02265,"12":0.00453,"13":null,"14":null,"15":null,"16":0.00453,"17":0.00453,"18":0.01359,"19":0.02265,"20":0.00453,"21":0.01359,"22":0.03624,"23":0.00906,"24":0.05436,"25":0.01359,"26":0.01812,"27":0.01359,"28":0.01359,"29":0.01812,"30":0.02718,"31":0.0906,"32":0.0453,"33":0.03171,"34":0.03624,"35":0.06342,"36":0.12684,"37":0.02718,"38":0.03624,"39":0.03624,"40":0.02718,"41":0.04077,"42":0.04077,"43":0.2265,"44":0.04983,"45":0.33069,"46":0.05436,"47":0.14949,"48":0.0906,"49":1.37712,"50":0.15855,"51":0.33069,"52":0.14949,"53":0.23103,"54":0.31257,"55":6.01584,"56":17.25477,"57":0.08154,"58":0.05889,"59":null},"firefox":{"2":0.01812,"3":0.02718,"3.5":null,"3.6":0.01812,"4":0.00453,"5":null,"6":null,"7":null,"8":0.00906,"9":null,"10":0.00453,"11":0.00906,"12":0.00906,"13":null,"14":0.00453,"15":0.02265,"16":0.00906,"17":0.00453,"18":0.01812,"19":0.00453,"20":0.00453,"21":0.02265,"22":0.00453,"23":0.02265,"24":0.00906,"25":0.04077,"26":0.00906,"27":0.00906,"28":0.00906,"29":0.01359,"30":0.00906,"31":0.02718,"32":0.00906,"33":0.01359,"34":0.01359,"35":0.01812,"36":0.01812,"37":0.02265,"38":0.05436,"39":0.02265,"40":0.02265,"41":0.02718,"42":0.02718,"43":0.07701,"44":0.04077,"45":0.17214,"46":0.06342,"47":0.20838,"48":0.21744,"49":0.14949,"50":0.3624,"51":4.59342,"52":0.15855,"53":0.00906,"54":null},"opera":{"9":null,"9.5-9.6":null,"10.0-10.1":0.01812,"10.5":null,"10.6":null,"11":null,"11.1":null,"11.5":null,"11.6":null,"12":0.00453,"12.1":0.07248,"15":null,"16":null,"17":null,"18":null,"19":null,"20":null,"21":null,"22":null,"23":null,"24":null,"25":null,"26":null,"27":null,"28":0.00906,"29":null,"30":null,"31":null,"32":null,"33":null,"34":null,"35":null,"36":0.03171,"37":0.00906,"38":0.02718,"39":null,"40":null,"41":0.00453,"42":0.17214,"43":0.28539,"44":null,"45":null},"safari":{"3.1":null,"3.2":null,"4":0.00906,"5":0.03624,"5.1":0.05436,"6":0.00906,"6.1":0.03624,"7":0.02265,"7.1":0.00906,"8":0.09513,"9":0.10419,"9.1":0.43035,"10":1.5402,"10.1":0.00906,"0":null},"ios_saf":{"3.2":0,"4.0-4.1":0,"4.2-4.3":0,"5.0-5.1":0,"6.0-6.1":0.0551828689655,"7.0-7.1":0.243637572414,"8":0,"8.1-8.4":0.3321384,"9.0-9.2":0.0655947310345,"9.3":0.900626068966,"10.0-10.2":8.21600035862},"android":{"2.1":0,"2.2":0,"2.3":0,"3":0,"4":0.050699829932,"4.1":0.152099489796,"4.2-4.3":0.489760357143,"4.4":1.08193437075,"4.4.3-4.4.4":0.610425952381,"53":null},"ie":{"5.5":null,"6":0.0233113138686,"7":0.0233113138686,"8":0.377643284672,"9":0.242437664234,"10":0.242437664234,"11":3.56196875912},"op_mob":{"10":0,"11":0,"11.1":0,"11.5":0,"12":0,"12.1":0,"0":0.00722565502183},"edge":{"12":0.05436,"13":0.14949,"14":1.48584,"15":null},"bb":{"7":0.04923,"10":null},"ie_mob":{"10":0.0812533980583,"11":0.383696601942},"and_ff":{"0":0.03829},"and_qq":{"1.2":null},"samsung":{"0":3.56644},"and_uc":{"0":9.23336},"op_mini":{"0":3.30212434498},"and_chr":{"0":25.6403}},"total":98.06503}