{"id":"af","name":"Africa","month":"2017-02","access_date":"2017-03-03","data":{"chrome":{"4":0.00752,"5":0.00752,"6":0.00376,"7":null,"8":null,"9":0.00376,"10":0.00752,"11":0.0376,"12":0.01128,"13":0.00376,"14":0.00376,"15":0.01128,"16":0.01128,"17":0.01504,"18":0.0188,"19":0.24064,"20":0.01504,"21":0.01504,"22":0.0188,"23":0.02632,"24":0.71064,"25":0.0188,"26":0.04888,"27":0.02256,"28":0.03008,"29":0.0376,"30":0.25568,"31":0.07144,"32":0.07896,"33":0.1128,"34":0.04512,"35":0.51136,"36":0.13912,"37":0.03384,"38":0.04136,"39":0.04512,"40":0.06392,"41":0.04136,"42":0.04512,"43":1.02648,"44":0.10152,"45":0.06768,"46":0.05264,"47":0.08648,"48":0.06392,"49":1.19192,"50":0.06392,"51":0.19552,"52":0.1128,"53":0.28576,"54":0.19176,"55":3.34264,"56":10.37384,"57":0.06016,"58":0.04136,"59":null},"firefox":{"2":0.23312,"3":0.03008,"3.5":0.00752,"3.6":0.02632,"4":0.01128,"5":0.01128,"6":0.00376,"7":0.01128,"8":0.00752,"9":0.00752,"10":0.01128,"11":0.0188,"12":0.02256,"13":0.02256,"14":0.01128,"15":0.2632,"16":0.01504,"17":0.00752,"18":0.23688,"19":0.02256,"20":0.01504,"21":0.25192,"22":0.01128,"23":0.2444,"24":0.01128,"25":0.4888,"26":0.0188,"27":0.01504,"28":0.0188,"29":0.03384,"30":0.0376,"31":0.03384,"32":0.02632,"33":0.02256,"34":0.02632,"35":0.03384,"36":0.03384,"37":0.0376,"38":0.05264,"39":0.0376,"40":0.05264,"41":0.05264,"42":0.04512,"43":0.19176,"44":0.1128,"45":0.10528,"46":0.08272,"47":0.376,"48":0.24816,"49":0.27824,"50":0.64296,"51":4.27888,"52":0.36096,"53":0.01128,"54":null},"opera":{"9":null,"9.5-9.6":null,"10.0-10.1":0.23312,"10.5":null,"10.6":null,"11":null,"11.1":null,"11.5":null,"11.6":0.00752,"12":0.00752,"12.1":0.0188,"15":0.00376,"16":null,"17":null,"18":0.00376,"19":0.00752,"20":0.00752,"21":0.00376,"22":0.00376,"23":null,"24":null,"25":null,"26":null,"27":null,"28":0.00752,"29":0.00376,"30":0.00752,"31":0.00376,"32":null,"33":0.00376,"34":0.00752,"35":0.00752,"36":0.04888,"37":0.03384,"38":0.01504,"39":0.00376,"40":0.00752,"41":0.01128,"42":0.2256,"43":0.32712,"44":null,"45":null},"safari":{"3.1":null,"3.2":null,"4":0.00752,"5":0.22936,"5.1":0.02256,"6":0.00752,"6.1":0.01128,"7":0.01504,"7.1":0.03384,"8":0.04512,"9":0.04136,"9.1":0.10904,"10":0.34216,"10.1":null,"0":null},"ios_saf":{"3.2":0,"4.0-4.1":0,"4.2-4.3":0,"5.0-5.1":0,"6.0-6.1":0.0135446068966,"7.0-7.1":0.0598007172414,"8":0,"8.1-8.4":0.0815232,"9.0-9.2":0.0161001931034,"9.3":0.221058206897,"10.0-10.2":2.01661307586},"android":{"2.1":0,"2.2":0,"2.3":0,"3":0,"4":0.0920612244898,"4.1":0.276183673469,"4.2-4.3":0.889311428571,"4.4":1.96458653061,"4.4.3-4.4.4":1.10841714286,"53":null},"ie":{"5.5":null,"6":0.011459047619,"7":0.0305574603175,"8":0.756297142857,"9":0.614968888889,"10":0.630247619048,"11":1.32542984127},"op_mob":{"10":0,"11":0,"11.1":0,"11.5":0,"12":0,"12.1":0,"0":0.0457509170306},"edge":{"12":0.0752,"13":0.10904,"14":0.3572,"15":null},"bb":{"7":0.34944,"10":null},"ie_mob":{"10":0.190834951456,"11":0.901165048544},"and_ff":{"0":0.11856},"and_qq":{"1.2":null},"samsung":{"0":3.39456},"and_uc":{"0":5.01696},"op_mini":{"0":20.908169083},"and_chr":{"0":23.78704}},"total":96.58136}