{"id":"sa","name":"South America","month":"2017-02","access_date":"2017-03-03","data":{"chrome":{"4":null,"5":null,"6":null,"7":null,"8":null,"9":null,"10":null,"11":0.012366,"12":null,"13":null,"14":null,"15":null,"16":null,"17":null,"18":0.018549,"19":null,"20":null,"21":null,"22":0.043281,"23":null,"24":null,"25":0.006183,"26":0.024732,"27":0.012366,"28":0.006183,"29":0.012366,"30":0.006183,"31":0.024732,"32":0.210222,"33":0.012366,"34":0.037098,"35":0.18549,"36":1.001646,"37":0.030915,"38":0.043281,"39":0.037098,"40":0.030915,"41":0.030915,"42":0.030915,"43":0.166941,"44":0.06183,"45":0.049464,"46":0.080379,"47":0.908901,"48":0.105111,"49":2.300076,"50":0.098928,"51":0.482274,"52":0.204039,"53":0.278235,"54":0.346248,"55":9.750591,"56":32.720436,"57":0.136026,"58":0.068013,"59":null},"firefox":{"2":0.006183,"3":0.012366,"3.5":null,"3.6":0.018549,"4":null,"5":null,"6":null,"7":null,"8":0.030915,"9":null,"10":null,"11":null,"12":0.006183,"13":null,"14":null,"15":null,"16":null,"17":null,"18":null,"19":null,"20":null,"21":null,"22":null,"23":0.012366,"24":null,"25":0.006183,"26":0.006183,"27":0.055647,"28":0.012366,"29":0.006183,"30":0.006183,"31":0.024732,"32":null,"33":0.018549,"34":0.012366,"35":0.012366,"36":0.012366,"37":0.018549,"38":0.037098,"39":0.018549,"40":0.024732,"41":0.024732,"42":0.018549,"43":0.074196,"44":0.018549,"45":0.105111,"46":0.030915,"47":0.197856,"48":0.148392,"49":0.080379,"50":0.284418,"51":4.396113,"52":0.037098,"53":0.012366,"54":null},"opera":{"9":null,"9.5-9.6":null,"10.0-10.1":0,"10.5":null,"10.6":null,"11":null,"11.1":null,"11.5":null,"11.6":null,"12":null,"12.1":0.012366,"15":null,"16":null,"17":null,"18":null,"19":null,"20":null,"21":null,"22":null,"23":null,"24":null,"25":null,"26":null,"27":null,"28":null,"29":null,"30":null,"31":null,"32":null,"33":null,"34":null,"35":null,"36":0.018549,"37":null,"38":0.024732,"39":null,"40":null,"41":null,"42":0.148392,"43":0.278235,"44":null,"45":null},"safari":{"3.1":null,"3.2":null,"4":0,"5":0.012366,"5.1":0.018549,"6":null,"6.1":0.012366,"7":0.012366,"7.1":null,"8":0.068013,"9":0.068013,"9.1":0.259686,"10":0.847071,"10.1":0.006183,"0":null},"ios_saf":{"3.2":0,"4.0-4.1":0,"4.2-4.3":0,"5.0-5.1":0,"6.0-6.1":0.0169612371353,"7.0-7.1":0.074885462069,"8":0,"8.1-8.4":0.102087446154,"9.0-9.2":0.020161470557,"9.3":0.276820190981,"10.0-10.2":2.5253041931},"android":{"2.1":0,"2.2":0,"2.3":0,"3":0,"4":0.0547863520408,"4.1":0.164359056122,"4.2-4.3":0.529236160714,"4.4":1.16914075255,"4.4.3-4.4.4":0.659627678571,"53":null},"ie":{"5.5":null,"6":0.0189946216216,"7":0.0189946216216,"8":0.322908567568,"9":0.151956972973,"10":0.177283135135,"11":1.41826508108},"op_mob":{"10":0,"11":0,"11.1":0,"11.5":0,"12":0,"12.1":0,"0":0.00254255458515},"edge":{"12":0.055647,"13":0.111294,"14":0.74196,"15":null},"bb":{"7":0.0238625,"10":null},"ie_mob":{"10":0.184153631068,"11":0.869614368932},"and_ff":{"0":0.01909},"and_qq":{"1.2":null},"samsung":{"0":1.912818},"and_uc":{"0":0.49634},"op_mini":{"0":1.16194744541},"and_chr":{"0":28.186455}},"total":98.6169665}