{"id":"eu","name":"Europe","month":"2017-02","access_date":"2017-03-03","data":{"chrome":{"4":null,"5":null,"6":null,"7":null,"8":null,"9":null,"10":null,"11":0.024596,"12":null,"13":null,"14":null,"15":null,"16":0.006149,"17":null,"18":0.024596,"19":0.012298,"20":null,"21":0.006149,"22":0.036894,"23":null,"24":0.036894,"25":0.012298,"26":0.018447,"27":0.006149,"28":0.006149,"29":0.012298,"30":0.018447,"31":0.036894,"32":0.043043,"33":0.012298,"34":0.049192,"35":0.06149,"36":0.12298,"37":0.055341,"38":0.049192,"39":0.055341,"40":0.030745,"41":0.055341,"42":0.043043,"43":0.135278,"44":0.043043,"45":0.055341,"46":0.049192,"47":0.079937,"48":0.086086,"49":1.826253,"50":0.153725,"51":0.43043,"52":0.129129,"53":0.190619,"54":0.30745,"55":7.200479,"56":21.189454,"57":0.079937,"58":0.049192,"59":null},"firefox":{"2":0.018447,"3":0.012298,"3.5":0.006149,"3.6":0.030745,"4":0.006149,"5":null,"6":null,"7":null,"8":null,"9":null,"10":null,"11":null,"12":0.012298,"13":null,"14":null,"15":0.012298,"16":0.012298,"17":null,"18":0.012298,"19":null,"20":0.006149,"21":0.018447,"22":null,"23":0.018447,"24":0.012298,"25":0.036894,"26":0.018447,"27":null,"28":0.012298,"29":0.012298,"30":0.012298,"31":0.024596,"32":0.012298,"33":0.018447,"34":0.012298,"35":0.018447,"36":0.024596,"37":0.024596,"38":0.116831,"39":0.030745,"40":0.030745,"41":0.043043,"42":0.055341,"43":0.086086,"44":0.030745,"45":0.356642,"46":0.135278,"47":0.289003,"48":0.381238,"49":0.332046,"50":0.639496,"51":9.28499,"52":0.092235,"53":0.024596,"54":null},"opera":{"9":null,"9.5-9.6":null,"10.0-10.1":0.012298,"10.5":null,"10.6":null,"11":null,"11.1":null,"11.5":null,"11.6":0.012298,"12":0.018447,"12.1":0.270556,"15":null,"16":null,"17":null,"18":null,"19":null,"20":null,"21":null,"22":null,"23":null,"24":null,"25":null,"26":null,"27":null,"28":0.012298,"29":null,"30":null,"31":null,"32":null,"33":null,"34":null,"35":null,"36":0.098384,"37":0.012298,"38":0.043043,"39":0.006149,"40":null,"41":0.006149,"42":0.418132,"43":0.700986,"44":0.006149,"45":null},"safari":{"3.1":null,"3.2":null,"4":0.012298,"5":0.049192,"5.1":0.098384,"6":0.006149,"6.1":0.06149,"7":0.030745,"7.1":0.006149,"8":0.135278,"9":0.172172,"9.1":0.645645,"10":2.607176,"10.1":0.018447,"0":null},"ios_saf":{"3.2":0,"4.0-4.1":0,"4.2-4.3":0,"5.0-5.1":0,"6.0-6.1":0.0594597580902,"7.0-7.1":0.262520441379,"8":0,"8.1-8.4":0.357880430769,"9.0-9.2":0.0706785803714,"9.3":0.970428127321,"10.0-10.2":8.85277266207},"android":{"2.1":0,"2.2":0,"2.3":0,"3":0,"4":0.0350479591837,"4.1":0.105143877551,"4.2-4.3":0.338563285714,"4.4":0.74792344898,"4.4.3-4.4.4":0.421977428571,"53":null},"ie":{"5.5":null,"6":0.0124192289157,"7":0.0186288433735,"8":0.28564226506,"9":0.22975573494,"10":0.242174963855,"11":4.88075696386},"op_mob":{"10":0,"11":0,"11.1":0,"11.5":0,"12":0,"12.1":0,"0":0.000941973799127},"edge":{"12":0.073788,"13":0.239811,"14":2.570282,"15":null},"bb":{"7":0.026001,"10":null},"ie_mob":{"10":0.113091728155,"11":0.534044271845},"and_ff":{"0":0.046224},"and_qq":{"1.2":null},"samsung":{"0":3.894372},"and_uc":{"0":0.373644},"op_mini":{"0":0.430482026201},"and_chr":{"0":20.843733}},"total":97.675204}