{"id":"an","name":"Antarctica","month":"2017-02","access_date":"2017-03-03","data":{"chrome":{"4":null,"5":null,"6":null,"7":null,"8":null,"9":null,"10":null,"11":null,"12":null,"13":null,"14":null,"15":null,"16":null,"17":null,"18":null,"19":null,"20":null,"21":null,"22":null,"23":null,"24":null,"25":null,"26":null,"27":0.23124,"28":null,"29":null,"30":null,"31":null,"32":null,"33":null,"34":null,"35":null,"36":null,"37":null,"38":null,"39":null,"40":null,"41":null,"42":null,"43":null,"44":0.030832,"45":null,"46":null,"47":0.146452,"48":0.061664,"49":0.23124,"50":null,"51":0.292904,"52":2.512808,"53":0.208116,"54":0.817048,"55":10.968484,"56":28.010872,"57":null,"58":null,"59":null},"firefox":{"2":null,"3":null,"3.5":null,"3.6":null,"4":null,"5":null,"6":null,"7":null,"8":null,"9":null,"10":null,"11":null,"12":null,"13":null,"14":null,"15":null,"16":null,"17":null,"18":null,"19":null,"20":null,"21":null,"22":null,"23":null,"24":null,"25":null,"26":null,"27":null,"28":null,"29":null,"30":null,"31":null,"32":null,"33":null,"34":null,"35":null,"36":null,"37":null,"38":0.084788,"39":null,"40":null,"41":null,"42":null,"43":null,"44":null,"45":1.957832,"46":null,"47":null,"48":0.470188,"49":0.146452,"50":0.23124,"51":9.473132,"52":null,"53":0.354568,"54":0.262072},"opera":{"9":null,"9.5-9.6":null,"10.0-10.1":0,"10.5":null,"10.6":null,"11":null,"11.1":null,"11.5":null,"11.6":null,"12":null,"12.1":null,"15":null,"16":null,"17":null,"18":null,"19":null,"20":null,"21":null,"22":null,"23":null,"24":null,"25":null,"26":null,"27":null,"28":null,"29":null,"30":null,"31":null,"32":null,"33":null,"34":null,"35":null,"36":null,"37":null,"38":null,"39":null,"40":null,"41":null,"42":null,"43":0.061664,"44":null,"45":null},"safari":{"3.1":null,"3.2":null,"4":0,"5":null,"5.1":0.030832,"6":0.030832,"6.1":null,"7":null,"7.1":0.030832,"8":null,"9":1.402856,"9.1":2.366356,"10":4.47064,"10.1":0.262072,"0":null},"ios_saf":{"3.2":0,"4.0-4.1":0,"4.2-4.3":0,"5.0-5.1":0,"6.0-6.1":0.0707898366048,"7.0-7.1":0.312543806897,"8":0,"8.1-8.4":0.426074676923,"9.0-9.2":0.0841464095491,"9.3":1.15534355968,"10.0-10.2":10.5396717103},"android":{"2.1":0,"2.2":0,"2.3":0,"3":0,"4":0.00268101615646,"4.1":0.00804304846939,"4.2-4.3":0.0258986160714,"4.4":0.0572128847789,"4.4.3-4.4.4":0.0322794345238,"53":null},"ie":{"5.5":null,"6":null,"7":null,"8":0.030832,"9":null,"10":null,"11":8.802536},"op_mob":{"10":0,"11":0,"11.1":0,"11.5":0,"12":0,"12.1":0,"0":0},"edge":{"12":null,"13":0.084788,"14":2.836544,"15":null},"bb":{"7":0,"10":null},"ie_mob":{"10":0.127027747573,"11":0.599853252427},"and_ff":{"0":null},"and_qq":{"1.2":null},"samsung":{"0":2.024719},"and_uc":{"0":0.032102},"op_mini":{"0":0},"and_chr":{"0":6.103966}},"total":98.505069}