{"id":"as","name":"Asia","month":"2017-02","access_date":"2017-03-03","data":{"chrome":{"4":null,"5":null,"6":0.003228,"7":null,"8":null,"9":null,"10":0.006456,"11":0.029052,"12":0.006456,"13":0.003228,"14":0.003228,"15":0.003228,"16":0.006456,"17":0.006456,"18":0.009684,"19":0.012912,"20":0.006456,"21":0.01614,"22":0.04842,"23":0.012912,"24":0.029052,"25":0.01614,"26":0.022596,"27":0.012912,"28":0.019368,"29":0.022596,"30":0.025824,"31":0.154944,"32":0.025824,"33":0.041964,"34":0.03228,"35":0.029052,"36":0.045192,"37":0.012912,"38":0.03228,"39":0.029052,"40":0.019368,"41":0.01614,"42":0.03228,"43":0.213048,"44":0.041964,"45":0.648828,"46":0.061332,"47":0.142032,"48":0.077472,"49":1.22664,"50":0.174312,"51":0.219504,"52":0.12912,"53":0.213048,"54":0.235644,"55":4.302924,"56":13.667352,"57":0.0807,"58":0.067788,"59":null},"firefox":{"2":0.006456,"3":0.038736,"3.5":null,"3.6":0.009684,"4":0.006456,"5":null,"6":null,"7":null,"8":0.01614,"9":null,"10":0.003228,"11":0.006456,"12":0.009684,"13":0.006456,"14":0.006456,"15":0.009684,"16":0.006456,"17":0.006456,"18":0.012912,"19":0.003228,"20":0.006456,"21":0.012912,"22":0.003228,"23":0.012912,"24":0.006456,"25":0.019368,"26":0.006456,"27":0.006456,"28":0.006456,"29":0.012912,"30":0.012912,"31":0.03228,"32":0.009684,"33":0.012912,"34":0.012912,"35":0.01614,"36":0.01614,"37":0.01614,"38":0.025824,"39":0.019368,"40":0.019368,"41":0.022596,"42":0.019368,"43":0.074244,"44":0.04842,"45":0.058104,"46":0.03228,"47":0.154944,"48":0.109752,"49":0.0807,"50":0.206592,"51":2.353212,"52":0.2421,"53":0.003228,"54":null},"opera":{"9":null,"9.5-9.6":null,"10.0-10.1":0.006456,"10.5":null,"10.6":null,"11":null,"11.1":null,"11.5":null,"11.6":null,"12":null,"12.1":0.012912,"15":null,"16":null,"17":null,"18":null,"19":null,"20":null,"21":null,"22":null,"23":null,"24":null,"25":null,"26":null,"27":null,"28":0.003228,"29":null,"30":null,"31":null,"32":null,"33":null,"34":null,"35":null,"36":0.012912,"37":0.006456,"38":0.012912,"39":null,"40":0.003228,"41":0.003228,"42":0.093612,"43":0.171084,"44":null,"45":null},"safari":{"3.1":null,"3.2":null,"4":0.003228,"5":0.012912,"5.1":0.01614,"6":0.006456,"6.1":0.012912,"7":0.012912,"7.1":0.003228,"8":0.038736,"9":0.035508,"9.1":0.122664,"10":0.4035,"10.1":null,"0":null},"ios_saf":{"3.2":0,"4.0-4.1":0,"4.2-4.3":0,"5.0-5.1":0,"6.0-6.1":0.0381955170292,"7.0-7.1":0.168636811034,"8":0,"8.1-8.4":0.229893772308,"9.0-9.2":0.0454022183554,"9.3":0.623379664721,"10.0-10.2":5.68680801655},"android":{"2.1":0,"2.2":0,"2.3":0,"3":0,"4":0.0663667517007,"4.1":0.199100255102,"4.2-4.3":0.641102821429,"4.4":1.41626648129,"4.4.3-4.4.4":0.799055690476,"53":null},"ie":{"5.5":null,"6":0.0208115776398,"7":0.0173429813665,"8":0.398888571429,"9":0.211584372671,"10":0.183835602484,"11":1.95628829814},"op_mob":{"10":0,"11":0,"11.1":0,"11.5":0,"12":0,"12.1":0,"0":0.00946305676856},"edge":{"12":0.035508,"13":0.0807,"14":0.480972,"15":null},"bb":{"7":0.042325,"10":null},"ie_mob":{"10":0.0650900970874,"11":0.307369902913},"and_ff":{"0":0.020316},"and_qq":{"1.2":null},"samsung":{"0":4.069972},"and_uc":{"0":18.297944},"op_mini":{"0":4.32461694323},"and_chr":{"0":30.326508}},"total":97.8950844037}