{"id":"AM","name":"Armenia","month":"2017-02","access_date":"2017-03-03","data":{"chrome":{"4":null,"5":0.008458,"6":null,"7":null,"8":0.008458,"9":null,"10":0.016916,"11":0.025374,"12":0.033832,"13":0.016916,"14":null,"15":0.016916,"16":0.025374,"17":0.050748,"18":0.067664,"19":0.016916,"20":0.025374,"21":0.050748,"22":0.109954,"23":0.08458,"24":0.04229,"25":0.016916,"26":0.050748,"27":0.04229,"28":0.016916,"29":0.025374,"30":0.025374,"31":0.016916,"32":0.016916,"33":0.016916,"34":0.04229,"35":0.025374,"36":0.016916,"37":0.033832,"38":0.059206,"39":0.04229,"40":0.067664,"41":0.04229,"42":0.033832,"43":0.16916,"44":0.033832,"45":0.050748,"46":0.033832,"47":0.152244,"48":0.08458,"49":3.154834,"50":0.093038,"51":0.38061,"52":0.25374,"53":0.355236,"54":0.312946,"55":10.44563,"56":38.56848,"57":0.194534,"58":0.25374,"59":null},"firefox":{"2":0.008458,"3":0.025374,"3.5":0.025374,"3.6":0.12687,"4":null,"5":null,"6":null,"7":null,"8":null,"9":null,"10":null,"11":null,"12":null,"13":null,"14":null,"15":null,"16":null,"17":null,"18":null,"19":null,"20":null,"21":0.04229,"22":null,"23":null,"24":0.016916,"25":0.008458,"26":0.016916,"27":null,"28":null,"29":null,"30":null,"31":0.008458,"32":null,"33":null,"34":null,"35":0.016916,"36":0.008458,"37":0.033832,"38":0.04229,"39":null,"40":null,"41":0.016916,"42":0.033832,"43":0.050748,"44":null,"45":0.04229,"46":0.033832,"47":0.16916,"48":0.08458,"49":0.04229,"50":1.674684,"51":15.960246,"52":0.025374,"53":null,"54":null},"opera":{"9":null,"9.5-9.6":0.008458,"10.0-10.1":0,"10.5":null,"10.6":0.008458,"11":null,"11.1":null,"11.5":0.008458,"11.6":0.025374,"12":0.04229,"12.1":0.236824,"15":null,"16":null,"17":null,"18":0.025374,"19":null,"20":null,"21":null,"22":null,"23":null,"24":null,"25":null,"26":null,"27":0.016916,"28":0.033832,"29":0.016916,"30":0.016916,"31":null,"32":null,"33":null,"34":null,"35":0.016916,"36":0.160702,"37":null,"38":0.04229,"39":0.008458,"40":0.016916,"41":0.016916,"42":0.490564,"43":1.09954,"44":null,"45":null},"safari":{"3.1":null,"3.2":null,"4":0.016916,"5":0.050748,"5.1":0.016916,"6":null,"6.1":0.08458,"7":null,"7.1":null,"8":0.033832,"9":0.016916,"9.1":0.109954,"10":0.499022,"10.1":null,"0":null},"ios_saf":{"3.2":0,"4.0-4.1":0,"4.2-4.3":0,"5.0-5.1":0,"6.0-6.1":0.0221462285411,"7.0-7.1":0.0977776882759,"8":0,"8.1-8.4":0.133295224615,"9.0-9.2":0.0263247622281,"9.3":0.361443163926,"10.0-10.2":3.29728093241},"android":{"2.1":0,"2.2":0,"2.3":0,"3":0,"4":0.0229792091837,"4.1":0.068937627551,"4.2-4.3":0.221979160714,"4.4":0.49037632398,"4.4.3-4.4.4":0.276669678571,"53":null},"ie":{"5.5":null,"6":null,"7":null,"8":0.296432761905,"9":0.0926352380952,"10":0.176006952381,"11":0.602129047619},"op_mob":{"10":0,"11":0,"11.1":0,"11.5":0,"12":0,"12.1":0,"0":0.00122551965066},"edge":{"12":0.033832,"13":0.076122,"14":0.448274,"15":null},"bb":{"7":0.006939,"10":null},"ie_mob":{"10":0.0390739805825,"11":0.184516019417},"and_ff":{"0":0.018504},"and_qq":{"1.2":null},"samsung":{"0":0.89436},"and_uc":{"0":0.276018},"op_mini":{"0":0.560062480349},"and_chr":{"0":8.816064}},"total":94.906731}