{"id":"AO","name":"Angola","month":"2017-02","access_date":"2017-03-03","data":{"chrome":{"4":null,"5":null,"6":0.008934,"7":null,"8":null,"9":null,"10":null,"11":0.067005,"12":0.013401,"13":null,"14":0.004467,"15":null,"16":null,"17":null,"18":0.040203,"19":null,"20":0.013401,"21":null,"22":0.017868,"23":0.062538,"24":null,"25":0.013401,"26":0.035736,"27":null,"28":null,"29":0.022335,"30":0.013401,"31":0.035736,"32":0.656649,"33":0.031269,"34":0.008934,"35":0.723654,"36":3.202839,"37":0.008934,"38":0.008934,"39":0.004467,"40":0.035736,"41":0.008934,"42":0.017868,"43":0.75939,"44":0.017868,"45":0.147411,"46":0.026802,"47":4.123041,"48":0.017868,"49":0.821928,"50":0.075939,"51":0.102741,"52":0.093807,"53":0.299289,"54":0.160812,"55":4.140909,"56":12.655011,"57":0.04467,"58":0.035736,"59":null},"firefox":{"2":null,"3":0.013401,"3.5":null,"3.6":0.008934,"4":0.013401,"5":0.017868,"6":0.008934,"7":0.004467,"8":null,"9":0.004467,"10":0.013401,"11":0.017868,"12":0.022335,"13":0.008934,"14":0.022335,"15":0.026802,"16":0.008934,"17":0.008934,"18":0.008934,"19":0.004467,"20":0.008934,"21":0.022335,"22":0.013401,"23":0.008934,"24":0.017868,"25":0.017868,"26":0.026802,"27":0.013401,"28":0.008934,"29":0.013401,"30":0.017868,"31":0.035736,"32":0.008934,"33":0.008934,"34":0.008934,"35":0.013401,"36":0.013401,"37":0.022335,"38":0.013401,"39":0.022335,"40":0.008934,"41":0.026802,"42":0.017868,"43":0.071472,"44":0.026802,"45":0.049137,"46":0.026802,"47":0.232284,"48":0.147411,"49":0.093807,"50":0.321624,"51":3.21624,"52":0.062538,"53":0.008934,"54":null},"opera":{"9":null,"9.5-9.6":null,"10.0-10.1":0,"10.5":null,"10.6":0.004467,"11":null,"11.1":null,"11.5":0.008934,"11.6":0.022335,"12":0.008934,"12.1":0.022335,"15":0.004467,"16":0.013401,"17":null,"18":0.017868,"19":null,"20":null,"21":null,"22":null,"23":null,"24":null,"25":null,"26":null,"27":null,"28":0.013401,"29":0.008934,"30":0.004467,"31":null,"32":0.004467,"33":null,"34":0.008934,"35":0.008934,"36":0.013401,"37":0.017868,"38":0.008934,"39":0.008934,"40":0.031269,"41":0.017868,"42":0.348426,"43":0.451167,"44":null,"45":null},"safari":{"3.1":null,"3.2":null,"4":0.008934,"5":0.004467,"5.1":0.022335,"6":0.004467,"6.1":0.017868,"7":0.013401,"7.1":0.008934,"8":0.084873,"9":0.040203,"9.1":0.263553,"10":1.259694,"10.1":null,"0":null},"ios_saf":{"3.2":0,"4.0-4.1":0,"4.2-4.3":0,"5.0-5.1":0,"6.0-6.1":0.0229309828117,"7.0-7.1":0.101242452414,"8":0,"8.1-8.4":0.138018556923,"9.0-9.2":0.0272575833422,"9.3":0.374250945889,"10.0-10.2":3.41412047862},"android":{"2.1":0,"2.2":0,"2.3":0,"3":0,"4":0.163849255952,"4.1":0.491547767857,"4.2-4.3":1.5827838125,"4.4":3.49654312202,"4.4.3-4.4.4":1.97274504167,"53":null},"ie":{"5.5":null,"6":0.0136637647059,"7":0.00910917647059,"8":0.432685882353,"9":0.218620235294,"10":0.514668470588,"11":3.68921647059},"op_mob":{"10":0,"11":0,"11.1":0,"11.5":0,"12":0,"12.1":0,"0":0.0416666310044},"edge":{"12":0.187614,"13":0.294822,"14":1.098882,"15":null},"bb":{"7":0.02904825,"10":null},"ie_mob":{"10":0.0899246796117,"11":0.424644320388},"and_ff":{"0":0.016599},"and_qq":{"1.2":null},"samsung":{"0":3.364064},"and_uc":{"0":1.405382},"op_mini":{"0":19.041650369},"and_chr":{"0":19.465193}},"total":98.32331225}