{"id":"AR","name":"Argentina","month":"2017-02","access_date":"2017-03-03","data":{"chrome":{"4":null,"5":null,"6":null,"7":null,"8":null,"9":null,"10":null,"11":0.01016,"12":0.00508,"13":null,"14":null,"15":null,"16":null,"17":null,"18":0.01524,"19":null,"20":null,"21":0.01016,"22":0.03048,"23":null,"24":null,"25":0.00508,"26":0.03556,"27":0.02032,"28":null,"29":0.00508,"30":0.00508,"31":0.03048,"32":0.0254,"33":0.01016,"34":0.05588,"35":0.0762,"36":0.13716,"37":0.03048,"38":0.05588,"39":0.03556,"40":0.02032,"41":0.03048,"42":0.04064,"43":0.09652,"44":0.06604,"45":0.0508,"46":0.0762,"47":0.09144,"48":0.05588,"49":3.7084,"50":0.07112,"51":0.28956,"52":0.12192,"53":0.1778,"54":0.20828,"55":7.94512,"56":25.80132,"57":0.08636,"58":0.03556,"59":null},"firefox":{"2":0.01016,"3":0.00508,"3.5":0.00508,"3.6":0.01016,"4":null,"5":null,"6":null,"7":null,"8":null,"9":null,"10":null,"11":0.00508,"12":0.01524,"13":null,"14":null,"15":0.01016,"16":null,"17":null,"18":null,"19":null,"20":null,"21":0.00508,"22":null,"23":null,"24":0.00508,"25":null,"26":null,"27":0.01524,"28":0.02032,"29":0.01524,"30":0.01016,"31":0.01524,"32":null,"33":0.01016,"34":0.01016,"35":0.01016,"36":0.01016,"37":0.01524,"38":0.0254,"39":0.01524,"40":0.0254,"41":0.01524,"42":0.01524,"43":0.07112,"44":0.01524,"45":0.08636,"46":0.02032,"47":0.14732,"48":0.11684,"49":0.06604,"50":0.25908,"51":3.99288,"52":0.0254,"53":null,"54":null},"opera":{"9":null,"9.5-9.6":null,"10.0-10.1":0,"10.5":null,"10.6":null,"11":null,"11.1":null,"11.5":null,"11.6":null,"12":null,"12.1":0.01524,"15":null,"16":null,"17":null,"18":null,"19":null,"20":null,"21":null,"22":null,"23":null,"24":null,"25":null,"26":null,"27":null,"28":null,"29":null,"30":null,"31":null,"32":null,"33":null,"34":null,"35":null,"36":0.02032,"37":null,"38":0.01016,"39":null,"40":null,"41":null,"42":0.1016,"43":0.21336,"44":null,"45":null},"safari":{"3.1":null,"3.2":null,"4":0,"5":0.01016,"5.1":0.01016,"6":null,"6.1":0.01016,"7":0.00508,"7.1":null,"8":0.03048,"9":0.03048,"9.1":0.15748,"10":0.43688,"10.1":null,"0":null},"ios_saf":{"3.2":0,"4.0-4.1":0,"4.2-4.3":0,"5.0-5.1":0,"6.0-6.1":0.0155764328912,"7.0-7.1":0.0687714206897,"8":0,"8.1-8.4":0.0937524923077,"9.0-9.2":0.0185153824934,"9.3":0.254219140584,"10.0-10.2":2.31912513103},"android":{"2.1":0,"2.2":0,"2.3":0,"3":0,"4":0.0471709183673,"4.1":0.141512755102,"4.2-4.3":0.455671071429,"4.4":1.00662739796,"4.4.3-4.4.4":0.567937857143,"53":null},"ie":{"5.5":null,"6":0.0407820979021,"7":0.0407820979021,"8":0.489385174825,"9":0.158030629371,"10":0.336452307692,"11":1.85048769231},"op_mob":{"10":0,"11":0,"11.1":0,"11.5":0,"12":0,"12.1":0,"0":0.00256742358079},"edge":{"12":0.06096,"13":0.09652,"14":0.72136,"15":null},"bb":{"7":0.01107,"10":null},"ie_mob":{"10":0.369716504854,"11":1.74588349515},"and_ff":{"0":0.01476},"and_qq":{"1.2":null},"samsung":{"0":2.091},"and_uc":{"0":0.21156},"op_mini":{"0":1.17331257642},"and_chr":{"0":38.95244}},"total":99.08103}