{"id":"AS","name":"American Samoa","month":"2017-02","access_date":"2017-03-03","data":{"chrome":{"4":null,"5":null,"6":null,"7":null,"8":null,"9":null,"10":null,"11":0.016522,"12":null,"13":null,"14":null,"15":null,"16":null,"17":null,"18":0.008261,"19":null,"20":null,"21":null,"22":null,"23":null,"24":null,"25":null,"26":null,"27":null,"28":null,"29":null,"30":null,"31":null,"32":null,"33":0.024783,"34":0.016522,"35":null,"36":null,"37":null,"38":0.008261,"39":null,"40":null,"41":0.008261,"42":null,"43":0.016522,"44":null,"45":0.024783,"46":0.049566,"47":0.33044,"48":5.088776,"49":0.693924,"50":null,"51":0.049566,"52":0.033044,"53":0.685663,"54":0.066088,"55":3.007004,"56":9.516672,"57":0.024783,"58":null,"59":null},"firefox":{"2":null,"3":null,"3.5":null,"3.6":3.436576,"4":null,"5":null,"6":null,"7":null,"8":null,"9":null,"10":null,"11":null,"12":null,"13":null,"14":null,"15":null,"16":null,"17":0.049566,"18":null,"19":null,"20":null,"21":null,"22":null,"23":null,"24":null,"25":null,"26":0.016522,"27":null,"28":null,"29":null,"30":null,"31":null,"32":null,"33":0.024783,"34":null,"35":0.016522,"36":null,"37":0.008261,"38":null,"39":null,"40":2.189165,"41":null,"42":0.016522,"43":0.024783,"44":14.836756,"45":31.14397,"46":0.008261,"47":3.692667,"48":0.132176,"49":0.24783,"50":0.16522,"51":2.156121,"52":0.041305,"53":null,"54":null},"opera":{"9":null,"9.5-9.6":null,"10.0-10.1":0,"10.5":null,"10.6":null,"11":null,"11.1":null,"11.5":null,"11.6":null,"12":null,"12.1":null,"15":null,"16":null,"17":null,"18":null,"19":null,"20":null,"21":null,"22":null,"23":null,"24":null,"25":null,"26":null,"27":null,"28":null,"29":null,"30":null,"31":null,"32":null,"33":null,"34":null,"35":null,"36":null,"37":null,"38":null,"39":null,"40":null,"41":null,"42":0.016522,"43":0.008261,"44":null,"45":null},"safari":{"3.1":null,"3.2":null,"4":0.008261,"5":0.132176,"5.1":0.363484,"6":0.08261,"6.1":0.016522,"7":0.041305,"7.1":null,"8":0.313918,"9":0.264352,"9.1":0.239569,"10":0.223047,"10.1":null,"0":null},"ios_saf":{"3.2":0,"4.0-4.1":0,"4.2-4.3":0,"5.0-5.1":0,"6.0-6.1":0.0147956149602,"7.0-7.1":0.0653240358621,"8":0,"8.1-8.4":0.0890528523077,"9.0-9.2":0.0175872404244,"9.3":0.241475602653,"10.0-10.2":2.20287165379},"android":{"2.1":0,"2.2":0,"2.3":0,"3":0,"4":0.0318299107143,"4.1":0.0954897321429,"4.2-4.3":0.3074769375,"4.4":0.679250294643,"4.4.3-4.4.4":0.383232125,"53":null},"ie":{"5.5":null,"6":null,"7":null,"8":0.090871,"9":0.066088,"10":0.099132,"11":1.445675},"op_mob":{"10":0,"11":0,"11.1":0,"11.5":0,"12":0,"12.1":0,"0":0.003018569869},"edge":{"12":0.156959,"13":0.206525,"14":0.437833,"15":null},"bb":{"7":0,"10":null},"ie_mob":{"10":0.0255278446602,"11":0.12054815534},"and_ff":{"0":0.003478},"and_qq":{"1.2":null},"samsung":{"0":1.109482},"and_uc":{"0":1.389461},"op_mini":{"0":1.37948643013},"and_chr":{"0":9.454533}},"total":99.703478}