{"id":"AU","name":"Australia","month":"2017-02","access_date":"2017-03-03","data":{"chrome":{"4":null,"5":null,"6":null,"7":null,"8":null,"9":null,"10":null,"11":0.010516,"12":null,"13":null,"14":null,"15":null,"16":null,"17":null,"18":null,"19":null,"20":null,"21":null,"22":0.010516,"23":null,"24":null,"25":null,"26":0.021032,"27":null,"28":null,"29":0.005258,"30":0.010516,"31":0.021032,"32":0.021032,"33":0.015774,"34":0.031548,"35":0.015774,"36":0.05258,"37":0.015774,"38":0.047322,"39":0.036806,"40":0.02629,"41":0.047322,"42":0.036806,"43":0.073612,"44":0.057838,"45":0.226094,"46":0.073612,"47":0.07887,"48":0.057838,"49":0.956956,"50":0.162998,"51":0.226094,"52":0.226094,"53":0.299706,"54":0.515284,"55":7.555746,"56":19.16541,"57":0.073612,"58":0.042064,"59":null},"firefox":{"2":null,"3":null,"3.5":null,"3.6":null,"4":null,"5":null,"6":null,"7":null,"8":null,"9":null,"10":null,"11":null,"12":null,"13":null,"14":null,"15":null,"16":null,"17":null,"18":null,"19":null,"20":null,"21":null,"22":null,"23":null,"24":0.005258,"25":null,"26":null,"27":null,"28":null,"29":0.005258,"30":null,"31":0.010516,"32":null,"33":0.005258,"34":0.005258,"35":0.010516,"36":0.010516,"37":0.02629,"38":0.063096,"39":0.015774,"40":0.010516,"41":0.02629,"42":0.021032,"43":0.036806,"44":0.015774,"45":0.152482,"46":0.031548,"47":0.10516,"48":0.173514,"49":0.084128,"50":0.299706,"51":4.716426,"52":0.084128,"53":null,"54":null},"opera":{"9":null,"9.5-9.6":null,"10.0-10.1":0,"10.5":null,"10.6":null,"11":null,"11.1":null,"11.5":null,"11.6":null,"12":null,"12.1":0.015774,"15":null,"16":null,"17":null,"18":null,"19":null,"20":null,"21":null,"22":null,"23":null,"24":null,"25":null,"26":null,"27":null,"28":0.010516,"29":null,"30":null,"31":null,"32":null,"33":null,"34":null,"35":null,"36":0.010516,"37":null,"38":0.005258,"39":null,"40":null,"41":null,"42":0.05258,"43":0.099902,"44":null,"45":null},"safari":{"3.1":null,"3.2":null,"4":0,"5":0.042064,"5.1":0.099902,"6":0.015774,"6.1":0.094644,"7":0.042064,"7.1":0.010516,"8":0.257642,"9":0.310222,"9.1":1.10418,"10":3.649052,"10.1":0.015774,"0":null},"ios_saf":{"3.2":0,"4.0-4.1":0,"4.2-4.3":0,"5.0-5.1":0,"6.0-6.1":0.145271785358,"7.0-7.1":0.641388637241,"8":0,"8.1-8.4":0.874371689231,"9.0-9.2":0.17268155618,"9.3":2.37094517613,"10.0-10.2":21.6290501559},"android":{"2.1":0,"2.2":0,"2.3":0,"3":0,"4":0.0206612457483,"4.1":0.0619837372449,"4.2-4.3":0.199587633929,"4.4":0.440910984269,"4.4.3-4.4.4":0.24876139881,"53":null},"ie":{"5.5":null,"6":0.00536022654269,"7":0.00536022654269,"8":0.171527249366,"9":0.192968155537,"10":0.171527249366,"11":5.79440489265},"op_mob":{"10":0,"11":0,"11.1":0,"11.5":0,"12":0,"12.1":0,"0":0.00140780786026},"edge":{"12":0.063096,"13":0.278674,"14":2.907674,"15":null},"bb":{"7":0.00592625,"10":null},"ie_mob":{"10":0.0455688349515,"11":0.215186165049},"and_ff":{"0":0.04741},"and_qq":{"1.2":null},"samsung":{"0":3.991922},"and_uc":{"0":0.867603},"op_mini":{"0":0.64336819214},"and_chr":{"0":14.765619}},"total":98.94957325}