{"id":"AW","name":"Aruba","month":"2017-02","access_date":"2017-03-03","data":{"chrome":{"4":null,"5":null,"6":null,"7":null,"8":null,"9":null,"10":null,"11":0.082206,"12":null,"13":null,"14":null,"15":null,"16":null,"17":null,"18":0.031969,"19":null,"20":null,"21":null,"22":0.04567,"23":null,"24":null,"25":null,"26":0.004567,"27":null,"28":null,"29":null,"30":0.018268,"31":0.018268,"32":0.063938,"33":0.013701,"34":0.018268,"35":0.009134,"36":0.150711,"37":0.013701,"38":0.013701,"39":null,"40":0.018268,"41":0.009134,"42":0.018268,"43":0.031969,"44":0.036536,"45":0.086773,"46":0.004567,"47":0.063938,"48":0.054804,"49":1.219389,"50":0.022835,"51":0.036536,"52":0.050237,"53":0.095907,"54":0.086773,"55":5.52607,"56":15.820088,"57":0.059371,"58":0.027402,"59":null},"firefox":{"2":null,"3":null,"3.5":null,"3.6":null,"4":null,"5":null,"6":null,"7":null,"8":null,"9":null,"10":null,"11":null,"12":null,"13":null,"14":null,"15":null,"16":0.004567,"17":null,"18":null,"19":null,"20":null,"21":null,"22":null,"23":null,"24":null,"25":null,"26":null,"27":null,"28":null,"29":null,"30":null,"31":0.009134,"32":null,"33":null,"34":null,"35":null,"36":null,"37":null,"38":null,"39":0.009134,"40":null,"41":0.059371,"42":null,"43":0.013701,"44":null,"45":0.04567,"46":0.013701,"47":0.027402,"48":0.09134,"49":0.036536,"50":0.264886,"51":3.279106,"52":0.059371,"53":null,"54":null},"opera":{"9":null,"9.5-9.6":null,"10.0-10.1":0,"10.5":null,"10.6":null,"11":null,"11.1":null,"11.5":null,"11.6":null,"12":null,"12.1":0.031969,"15":null,"16":null,"17":null,"18":null,"19":null,"20":null,"21":null,"22":null,"23":null,"24":null,"25":null,"26":null,"27":null,"28":null,"29":null,"30":null,"31":null,"32":null,"33":null,"34":null,"35":null,"36":null,"37":0.018268,"38":null,"39":null,"40":null,"41":null,"42":0.041103,"43":0.059371,"44":null,"45":null},"safari":{"3.1":null,"3.2":null,"4":0,"5":null,"5.1":0.031969,"6":null,"6.1":0.027402,"7":0.009134,"7.1":0.009134,"8":0.077639,"9":0.095907,"9.1":0.50237,"10":2.680829,"10.1":0.013701,"0":null},"ios_saf":{"3.2":0,"4.0-4.1":0,"4.2-4.3":0,"5.0-5.1":0,"6.0-6.1":0.112124438196,"7.0-7.1":0.495039972414,"8":0,"8.1-8.4":0.674862184615,"9.0-9.2":0.133279992573,"9.3":1.82995545358,"10.0-10.2":16.6938479586},"android":{"2.1":0,"2.2":0,"2.3":0,"3":0,"4":0.0442773809524,"4.1":0.132832142857,"4.2-4.3":0.4277195,"4.4":0.944879309524,"4.4.3-4.4.4":0.533099666667,"53":null},"ie":{"5.5":null,"6":null,"7":0.050261869802,"8":0.374679393069,"9":0.33355604505,"10":1.72261135594,"11":6.74879833614},"op_mob":{"10":0,"11":0,"11.1":0,"11.5":0,"12":0,"12.1":0,"0":0.000676159388646},"edge":{"12":0.086773,"13":0.305989,"14":3.37958,"15":null},"bb":{"7":0.0570465,"10":null},"ie_mob":{"10":0.0132923883495,"11":0.0627696116505},"and_ff":{"0":0.016299},"and_qq":{"1.2":null},"samsung":{"0":11.278908},"and_uc":{"0":0.396609},"op_mini":{"0":0.309004840611},"and_chr":{"0":20.695263}},"total":99.1197175}