{"id":"AX","name":"Aland Islands","month":"2017-02","access_date":"2017-03-03","data":{"chrome":{"4":null,"5":null,"6":null,"7":null,"8":null,"9":null,"10":null,"11":null,"12":null,"13":null,"14":null,"15":null,"16":null,"17":null,"18":null,"19":null,"20":null,"21":null,"22":0.010904,"23":null,"24":null,"25":null,"26":null,"27":null,"28":null,"29":null,"30":null,"31":null,"32":0.010904,"33":null,"34":0.005452,"35":null,"36":0.043616,"37":0.005452,"38":null,"39":0.070876,"40":null,"41":0.021808,"42":0.010904,"43":null,"44":null,"45":null,"46":null,"47":0.010904,"48":null,"49":1.482944,"50":null,"51":0.032712,"52":0.021808,"53":0.16356,"54":0.08178,"55":8.412436,"56":21.006556,"57":0.021808,"58":0.212628,"59":null},"firefox":{"2":null,"3":null,"3.5":null,"3.6":null,"4":null,"5":null,"6":null,"7":null,"8":null,"9":null,"10":null,"11":null,"12":0.010904,"13":null,"14":null,"15":null,"16":0.005452,"17":null,"18":null,"19":null,"20":0.016356,"21":null,"22":null,"23":null,"24":null,"25":null,"26":null,"27":null,"28":null,"29":0.021808,"30":null,"31":0.005452,"32":null,"33":null,"34":null,"35":null,"36":0.010904,"37":0.010904,"38":0.016356,"39":null,"40":null,"41":0.250792,"42":null,"43":0.005452,"44":0.010904,"45":0.278052,"46":0.043616,"47":0.114492,"48":0.10904,"49":0.070876,"50":0.370736,"51":6.520592,"52":0.021808,"53":null,"54":null},"opera":{"9":null,"9.5-9.6":null,"10.0-10.1":0,"10.5":null,"10.6":null,"11":null,"11.1":null,"11.5":null,"11.6":null,"12":null,"12.1":0.016356,"15":null,"16":null,"17":null,"18":null,"19":null,"20":null,"21":null,"22":null,"23":null,"24":null,"25":null,"26":null,"27":null,"28":0.005452,"29":null,"30":null,"31":null,"32":null,"33":null,"34":null,"35":null,"36":0.010904,"37":null,"38":null,"39":null,"40":null,"41":null,"42":0.16356,"43":0.228984,"44":null,"45":null},"safari":{"3.1":null,"3.2":null,"4":0,"5":0.005452,"5.1":0.158108,"6":0.021808,"6.1":0.043616,"7":0.010904,"7.1":null,"8":0.114492,"9":0.087232,"9.1":1.095852,"10":1.760996,"10.1":null,"0":null},"ios_saf":{"3.2":0,"4.0-4.1":0,"4.2-4.3":0,"5.0-5.1":0,"6.0-6.1":0.11089302748,"7.0-7.1":0.489603177931,"8":0,"8.1-8.4":0.667450486154,"9.0-9.2":0.131816240212,"9.3":1.80985790133,"10.0-10.2":16.5105071669},"android":{"2.1":0,"2.2":0,"2.3":0,"3":0,"4":0.0072512755102,"4.1":0.0217538265306,"4.2-4.3":0.0700473214286,"4.4":0.154742219388,"4.4.3-4.4.4":0.0873053571429,"53":null},"ie":{"5.5":null,"6":null,"7":0.010904,"8":0.147204,"9":0.08178,"10":0.103588,"11":7.071244},"op_mob":{"10":0,"11":0,"11.1":0,"11.5":0,"12":0,"12.1":0,"0":0.000675248908297},"edge":{"12":0.010904,"13":0.278052,"14":3.233036,"15":null},"bb":{"7":0,"10":null},"ie_mob":{"10":0.135115339806,"11":0.638044660194},"and_ff":{"0":0.013644},"and_qq":{"1.2":null},"samsung":{"0":4.061364},"and_uc":{"0":0.009096},"op_mini":{"0":0.308588751092},"and_chr":{"0":20.13216}},"total":99.541892}