{"id":"AZ","name":"Azerbaijan","month":"2017-02","access_date":"2017-03-03","data":{"chrome":{"4":0.00432,"5":0.01296,"6":0.00864,"7":0.00432,"8":0.01728,"9":0.00864,"10":0.01296,"11":0.03888,"12":0.0216,"13":0.01296,"14":0.04752,"15":0.00864,"16":0.01728,"17":0.01296,"18":0.01296,"19":null,"20":0.00432,"21":0.01728,"22":0.1512,"23":0.00864,"24":0.01296,"25":0.01296,"26":0.04752,"27":0.01728,"28":0.03024,"29":0.01296,"30":0.01296,"31":0.02592,"32":0.03456,"33":0.00864,"34":0.03456,"35":0.01728,"36":0.0432,"37":0.01296,"38":0.03888,"39":0.03888,"40":0.02592,"41":0.03456,"42":0.01728,"43":0.1512,"44":0.0432,"45":0.04752,"46":0.03888,"47":0.07344,"48":0.07344,"49":1.86624,"50":0.06912,"51":0.24624,"52":0.18576,"53":0.27216,"54":0.21168,"55":5.91408,"56":21.23712,"57":0.0648,"58":0.06048,"59":null},"firefox":{"2":null,"3":0.01296,"3.5":0.00864,"3.6":0.03888,"4":0.00432,"5":null,"6":null,"7":null,"8":null,"9":null,"10":null,"11":null,"12":null,"13":null,"14":null,"15":0.00432,"16":null,"17":null,"18":null,"19":null,"20":null,"21":0.00864,"22":null,"23":null,"24":null,"25":null,"26":null,"27":null,"28":0.00864,"29":0.00432,"30":null,"31":0.00864,"32":null,"33":0.00432,"34":0.00432,"35":null,"36":0.00864,"37":0.00864,"38":0.00864,"39":null,"40":0.00432,"41":0.00864,"42":0.00432,"43":0.02592,"44":0.01728,"45":0.01728,"46":0.00864,"47":0.09072,"48":0.05184,"49":0.0432,"50":0.12528,"51":1.09296,"52":0.01728,"53":null,"54":null},"opera":{"9":null,"9.5-9.6":0.00864,"10.0-10.1":0,"10.5":null,"10.6":0.00864,"11":0.01296,"11.1":null,"11.5":0.00864,"11.6":0.02592,"12":0.03456,"12.1":0.35424,"15":0.01728,"16":0.00864,"17":0.00864,"18":0.02592,"19":0.01296,"20":0.01728,"21":0.00864,"22":null,"23":null,"24":0.00432,"25":0.01296,"26":null,"27":0.00864,"28":0.03456,"29":0.00864,"30":0.01728,"31":0.02592,"32":0.00864,"33":0.00864,"34":0.01728,"35":0.01296,"36":0.18576,"37":0.03024,"38":0.04752,"39":0.03456,"40":0.03456,"41":0.06048,"42":0.97632,"43":1.9656,"44":0.01296,"45":null},"safari":{"3.1":null,"3.2":null,"4":0.00864,"5":0.01296,"5.1":0.03456,"6":null,"6.1":null,"7":0.00864,"7.1":null,"8":0.03024,"9":0.01728,"9.1":0.12528,"10":0.49248,"10.1":null,"0":null},"ios_saf":{"3.2":0,"4.0-4.1":0,"4.2-4.3":0,"5.0-5.1":0,"6.0-6.1":0.0431836689655,"7.0-7.1":0.190659972414,"8":0,"8.1-8.4":0.2599168,"9.0-9.2":0.0513315310345,"9.3":0.704790068966,"10.0-10.2":6.42947795862},"android":{"2.1":0,"2.2":0,"2.3":0,"3":0,"4":0.129925170068,"4.1":0.389775510204,"4.2-4.3":1.25507714286,"4.4":2.77260312925,"4.4.3-4.4.4":1.56429904762,"53":null},"ie":{"5.5":null,"6":0.00480233009709,"7":0.00960466019417,"8":0.211302524272,"9":0.0720349514563,"10":0.110453592233,"11":0.581081941748},"op_mob":{"10":0,"11":0,"11.1":0,"11.5":0,"12":0,"12.1":0,"0":0.0145968558952},"edge":{"12":0.01728,"13":0.08208,"14":0.22464,"15":null},"bb":{"7":0.0497,"10":null},"ie_mob":{"10":0.0794097087379,"11":0.374990291262},"and_ff":{"0":0.01136},"and_qq":{"1.2":null},"samsung":{"0":5.69136},"and_uc":{"0":0.83496},"op_mini":{"0":6.6707631441},"and_chr":{"0":29.162}},"total":95.88418}