{"id":"BA","name":"Bosnia and Herzegovina","month":"2017-02","access_date":"2017-03-03","data":{"chrome":{"4":null,"5":null,"6":null,"7":null,"8":null,"9":null,"10":null,"11":0.015126,"12":0.005042,"13":null,"14":null,"15":null,"16":null,"17":null,"18":null,"19":null,"20":null,"21":null,"22":0.030252,"23":0.005042,"24":null,"25":0.015126,"26":0.030252,"27":null,"28":null,"29":null,"30":0.010084,"31":0.010084,"32":0.015126,"33":0.020168,"34":0.035294,"35":0.015126,"36":0.065546,"37":0.015126,"38":0.045378,"39":0.030252,"40":0.020168,"41":0.010084,"42":0.010084,"43":0.065546,"44":0.040336,"45":0.020168,"46":0.020168,"47":0.05042,"48":0.035294,"49":3.438644,"50":0.045378,"51":0.10084,"52":0.055462,"53":0.15126,"54":0.095798,"55":7.457118,"56":23.616728,"57":0.110924,"58":0.045378,"59":null},"firefox":{"2":0.055462,"3":0.005042,"3.5":null,"3.6":0.010084,"4":null,"5":null,"6":null,"7":null,"8":null,"9":null,"10":null,"11":null,"12":0.005042,"13":null,"14":0.010084,"15":0.015126,"16":null,"17":null,"18":null,"19":null,"20":null,"21":null,"22":null,"23":null,"24":null,"25":null,"26":0.005042,"27":null,"28":0.005042,"29":null,"30":0.005042,"31":0.005042,"32":null,"33":null,"34":0.005042,"35":0.015126,"36":0.010084,"37":0.020168,"38":0.020168,"39":0.040336,"40":0.010084,"41":0.030252,"42":0.02521,"43":0.080672,"44":0.015126,"45":0.191596,"46":0.02521,"47":0.156302,"48":0.095798,"49":0.080672,"50":0.337814,"51":7.300816,"52":0.156302,"53":null,"54":null},"opera":{"9":null,"9.5-9.6":null,"10.0-10.1":0,"10.5":null,"10.6":null,"11":null,"11.1":null,"11.5":null,"11.6":null,"12":null,"12.1":0.02521,"15":null,"16":null,"17":null,"18":null,"19":null,"20":null,"21":null,"22":null,"23":null,"24":null,"25":null,"26":null,"27":null,"28":0.005042,"29":null,"30":0.010084,"31":null,"32":null,"33":null,"34":null,"35":0.010084,"36":0.156302,"37":0.065546,"38":0.010084,"39":null,"40":0.005042,"41":0.005042,"42":0.383192,"43":0.70588,"44":0.005042,"45":null},"safari":{"3.1":null,"3.2":null,"4":0,"5":0.040336,"5.1":0.010084,"6":null,"6.1":0.005042,"7":0.010084,"7.1":null,"8":0.015126,"9":0.040336,"9.1":0.10084,"10":0.342856,"10.1":null,"0":null},"ios_saf":{"3.2":0,"4.0-4.1":0,"4.2-4.3":0,"5.0-5.1":0,"6.0-6.1":0.0269883535279,"7.0-7.1":0.119156126897,"8":0,"8.1-8.4":0.162439335385,"9.0-9.2":0.0320804957029,"9.3":0.440470298143,"10.0-10.2":4.01820939034},"android":{"2.1":0,"2.2":0,"2.3":0,"3":0,"4":0.0986540816327,"4.1":0.295962244898,"4.2-4.3":0.952998428571,"4.4":2.10527810204,"4.4.3-4.4.4":1.18779514286,"53":null},"ie":{"5.5":null,"6":null,"7":null,"8":0.086215251462,"9":0.0659293099415,"10":0.0710007953216,"11":1.51130264327},"op_mob":{"10":0,"11":0,"11.1":0,"11.5":0,"12":0,"12.1":0,"0":0.00058456768559},"edge":{"12":0.030252,"13":0.105882,"14":0.635292,"15":null},"bb":{"7":0.004958,"10":null},"ie_mob":{"10":0.159426174757,"11":0.752845825243},"and_ff":{"0":0.014874},"and_qq":{"1.2":null},"samsung":{"0":1.978242},"and_uc":{"0":0.04958},"op_mini":{"0":0.267147432314},"and_chr":{"0":37.338356}},"total":98.953782}