{"id":"BB","name":"Barbados","month":"2017-02","access_date":"2017-03-03","data":{"chrome":{"4":null,"5":null,"6":null,"7":null,"8":null,"9":null,"10":null,"11":0.036498,"12":null,"13":null,"14":null,"15":null,"16":null,"17":null,"18":0.006083,"19":null,"20":null,"21":null,"22":0.206822,"23":null,"24":null,"25":null,"26":null,"27":0.006083,"28":null,"29":0.024332,"30":null,"31":0.012166,"32":0.036498,"33":0.006083,"34":0.018249,"35":0.334565,"36":0.504889,"37":0.018249,"38":0.06083,"39":0.024332,"40":0.018249,"41":0.012166,"42":0.024332,"43":0.036498,"44":0.018249,"45":null,"46":0.012166,"47":0.024332,"48":0.012166,"49":1.684991,"50":0.072996,"51":0.212905,"52":0.066913,"53":0.279818,"54":0.170324,"55":8.400623,"56":23.942688,"57":0.079079,"58":0.042581,"59":null},"firefox":{"2":null,"3":null,"3.5":null,"3.6":0.006083,"4":null,"5":null,"6":null,"7":null,"8":null,"9":0.012166,"10":null,"11":0.018249,"12":null,"13":null,"14":null,"15":null,"16":null,"17":null,"18":null,"19":null,"20":null,"21":0.048664,"22":null,"23":null,"24":null,"25":null,"26":null,"27":null,"28":0.006083,"29":null,"30":null,"31":null,"32":null,"33":null,"34":null,"35":null,"36":null,"37":0.012166,"38":0.018249,"39":0.036498,"40":0.024332,"41":null,"42":0.012166,"43":0.030415,"44":0.012166,"45":0.072996,"46":0.036498,"47":0.139909,"48":0.085162,"49":0.048664,"50":0.742126,"51":6.247241,"52":0.139909,"53":null,"54":0.012166},"opera":{"9":null,"9.5-9.6":null,"10.0-10.1":0,"10.5":null,"10.6":null,"11":null,"11.1":null,"11.5":null,"11.6":null,"12":null,"12.1":0.054747,"15":null,"16":null,"17":null,"18":null,"19":null,"20":null,"21":null,"22":null,"23":null,"24":null,"25":null,"26":null,"27":null,"28":null,"29":0.018249,"30":null,"31":null,"32":null,"33":0.018249,"34":null,"35":null,"36":0.012166,"37":0.012166,"38":0.018249,"39":null,"40":null,"41":null,"42":0.145992,"43":0.352814,"44":null,"45":null},"safari":{"3.1":null,"3.2":null,"4":0.018249,"5":null,"5.1":0.079079,"6":null,"6.1":0.018249,"7":0.012166,"7.1":0.018249,"8":0.127743,"9":0.103411,"9.1":0.48664,"10":2.214212,"10.1":null,"0":null},"ios_saf":{"3.2":0,"4.0-4.1":0,"4.2-4.3":0,"5.0-5.1":0,"6.0-6.1":0.0397800961273,"7.0-7.1":0.175632877241,"8":0,"8.1-8.4":0.239431144615,"9.0-9.2":0.0472857746419,"9.3":0.649241191512,"10.0-10.2":5.92273091586},"android":{"2.1":0,"2.2":0,"2.3":0,"3":0,"4":0.0829364795918,"4.1":0.248809438776,"4.2-4.3":0.801166392857,"4.4":1.76986447449,"4.4.3-4.4.4":0.998555214286,"53":null},"ie":{"5.5":null,"6":null,"7":0.00624572993631,"8":0.268566387261,"9":0.212354817834,"10":0.243583467516,"11":4.17214759745},"op_mob":{"10":0,"11":0,"11.1":0,"11.5":0,"12":0,"12.1":0,"0":0.0015736419214},"edge":{"12":0.079079,"13":0.407561,"14":4.921147,"15":null},"bb":{"7":0.11653075,"10":null},"ie_mob":{"10":0.0917262524272,"11":0.433151747573},"and_ff":{"0":0.027419},"and_qq":{"1.2":null},"samsung":{"0":5.017677},"and_uc":{"0":0.31336},"op_mini":{"0":0.719154358079},"and_chr":{"0":22.031123}},"total":97.91712775}