{"id":"BD","name":"Bangladesh","month":"2017-02","access_date":"2017-03-03","data":{"chrome":{"4":0.005178,"5":null,"6":null,"7":null,"8":null,"9":null,"10":0.005178,"11":0.012945,"12":0.007767,"13":null,"14":0.005178,"15":null,"16":0.002589,"17":0.002589,"18":0.005178,"19":0.007767,"20":0.005178,"21":0.010356,"22":0.007767,"23":0.005178,"24":0.005178,"25":0.015534,"26":0.005178,"27":0.010356,"28":0.033657,"29":0.018123,"30":0.015534,"31":0.108738,"32":0.023301,"33":0.046602,"34":0.007767,"35":0.005178,"36":0.028479,"37":0.005178,"38":0.007767,"39":0.012945,"40":0.007767,"41":0.005178,"42":0.005178,"43":0.222654,"44":0.012945,"45":0.023301,"46":0.007767,"47":0.036246,"48":0.044013,"49":0.377994,"50":0.023301,"51":0.12945,"52":0.062136,"53":0.163107,"54":0.062136,"55":2.172171,"56":8.271855,"57":0.100971,"58":0.121683,"59":null},"firefox":{"2":null,"3":0.07767,"3.5":0.005178,"3.6":0.023301,"4":0.015534,"5":0.005178,"6":0.002589,"7":0.002589,"8":0.007767,"9":0.007767,"10":0.010356,"11":0.059547,"12":0.02589,"13":0.015534,"14":0.018123,"15":0.012945,"16":0.012945,"17":0.012945,"18":0.010356,"19":0.010356,"20":0.018123,"21":0.012945,"22":0.007767,"23":0.007767,"24":0.010356,"25":0.018123,"26":0.010356,"27":0.015534,"28":0.007767,"29":0.059547,"30":0.038835,"31":0.020712,"32":0.018123,"33":0.02589,"34":0.020712,"35":0.036246,"36":0.041424,"37":0.028479,"38":0.069903,"39":0.05178,"40":0.059547,"41":0.046602,"42":0.046602,"43":0.170874,"44":0.160518,"45":0.07767,"46":0.067314,"47":0.331392,"48":0.243366,"49":0.176052,"50":0.427185,"51":5.294505,"52":1.258254,"53":0.012945,"54":0.002589},"opera":{"9":null,"9.5-9.6":0.005178,"10.0-10.1":0.002589,"10.5":null,"10.6":0.002589,"11":0.012945,"11.1":0.010356,"11.5":0.010356,"11.6":0.010356,"12":0.005178,"12.1":0.018123,"15":null,"16":null,"17":0.002589,"18":null,"19":null,"20":null,"21":null,"22":null,"23":null,"24":null,"25":null,"26":null,"27":null,"28":0.002589,"29":0.005178,"30":0.005178,"31":null,"32":null,"33":0.005178,"34":0.005178,"35":0.007767,"36":0.018123,"37":0.036246,"38":0.012945,"39":null,"40":0.005178,"41":0.007767,"42":0.209709,"43":0.377994,"44":null,"45":null},"safari":{"3.1":null,"3.2":null,"4":0.007767,"5":null,"5.1":0.005178,"6":0.010356,"6.1":null,"7":0.005178,"7.1":null,"8":0.007767,"9":0.010356,"9.1":0.02589,"10":0.082848,"10.1":null,"0":null},"ios_saf":{"3.2":0,"4.0-4.1":0,"4.2-4.3":0,"5.0-5.1":0,"6.0-6.1":0.00558364137931,"7.0-7.1":0.0246523034483,"8":0,"8.1-8.4":0.0336072,"9.0-9.2":0.00663715862069,"9.3":0.0911292413793,"10.0-10.2":0.831330455172},"android":{"2.1":0,"2.2":0,"2.3":0,"3":0,"4":0.110582908163,"4.1":0.33174872449,"4.2-4.3":1.06823089286,"4.4":2.3598392602,"4.4.3-4.4.4":1.33141821429,"53":null},"ie":{"5.5":null,"6":0.00875925991189,"7":0.00291975330396,"8":0.268617303965,"9":0.0321172863436,"10":0.0554753127753,"11":0.291975330396},"op_mob":{"10":0,"11":0,"11.1":0,"11.5":0,"12":0,"12.1":0,"0":0.0457705021834},"edge":{"12":0.098382,"13":0.059547,"14":0.173463,"15":null},"bb":{"7":0.0055575,"10":null},"ie_mob":{"10":0.126905242718,"11":0.599274757282},"and_ff":{"0":0.03705},"and_qq":{"1.2":null},"samsung":{"0":1.59315},"and_uc":{"0":18.05076},"op_mini":{"0":20.9171194978},"and_chr":{"0":26.7}},"total":97.7108227467}