{"id":"BF","name":"Burkina Faso","month":"2017-02","access_date":"2017-03-03","data":{"chrome":{"4":null,"5":null,"6":null,"7":null,"8":null,"9":null,"10":null,"11":0.139806,"12":0.005178,"13":0.010356,"14":0.007767,"15":0.015534,"16":0.007767,"17":0.018123,"18":null,"19":0.005178,"20":null,"21":null,"22":null,"23":null,"24":0.007767,"25":0.010356,"26":0.007767,"27":0.082848,"28":0.020712,"29":0.020712,"30":0.012945,"31":0.028479,"32":0.372816,"33":0.023301,"34":0.007767,"35":0.007767,"36":0.170874,"37":0.007767,"38":0.005178,"39":0.012945,"40":0.010356,"41":0.002589,"42":0.012945,"43":0.033657,"44":0.005178,"45":0.028479,"46":0.007767,"47":0.015534,"48":0.010356,"49":0.300324,"50":0.020712,"51":0.137217,"52":0.036246,"53":0.256311,"54":0.036246,"55":1.649193,"56":5.563761,"57":0.108738,"58":null,"59":null},"firefox":{"2":0.005178,"3":0.372816,"3.5":0.036246,"3.6":0.018123,"4":0.015534,"5":0.007767,"6":0.005178,"7":null,"8":null,"9":null,"10":0.018123,"11":0.010356,"12":0.028479,"13":0.015534,"14":0.012945,"15":0.010356,"16":0.031068,"17":0.007767,"18":0.010356,"19":0.012945,"20":0.033657,"21":0.041424,"22":0.007767,"23":0.005178,"24":0.036246,"25":0.023301,"26":0.010356,"27":0.018123,"28":0.015534,"29":0.012945,"30":0.05178,"31":0.064725,"32":0.02589,"33":0.072492,"34":0.072492,"35":0.088026,"36":0.054369,"37":0.036246,"38":0.041424,"39":0.046602,"40":0.144984,"41":0.062136,"42":0.082848,"43":0.339159,"44":0.183819,"45":0.093204,"46":0.041424,"47":0.688674,"48":0.390939,"49":0.157929,"50":0.636894,"51":7.40454,"52":0.199353,"53":0.005178,"54":null},"opera":{"9":null,"9.5-9.6":null,"10.0-10.1":0,"10.5":null,"10.6":null,"11":0.005178,"11.1":null,"11.5":0.023301,"11.6":0.010356,"12":0.010356,"12.1":0.075081,"15":0.002589,"16":null,"17":null,"18":0.002589,"19":null,"20":null,"21":null,"22":null,"23":null,"24":null,"25":null,"26":null,"27":null,"28":0.002589,"29":0.005178,"30":null,"31":null,"32":null,"33":null,"34":0.005178,"35":0.005178,"36":0.059547,"37":0.015534,"38":0.002589,"39":0.041424,"40":0.005178,"41":0.005178,"42":0.375405,"43":0.403884,"44":null,"45":null},"safari":{"3.1":null,"3.2":null,"4":0,"5":0.054369,"5.1":0.012945,"6":0.033657,"6.1":0.010356,"7":0.049191,"7.1":null,"8":0.041424,"9":0.064725,"9.1":0.119094,"10":0.243366,"10.1":null,"0":null},"ios_saf":{"3.2":0,"4.0-4.1":0,"4.2-4.3":0,"5.0-5.1":0,"6.0-6.1":0.00600114079576,"7.0-7.1":0.0264956027586,"8":0,"8.1-8.4":0.0361200738462,"9.0-9.2":0.00713343151194,"9.3":0.0979431469496,"10.0-10.2":0.893490604138},"android":{"2.1":0,"2.2":0,"2.3":0,"3":0,"4":0.144312840136,"4.1":0.432938520408,"4.2-4.3":1.39406203571,"4.4":3.0796360085,"4.4.3-4.4.4":1.73752659524,"53":null},"ie":{"5.5":null,"6":0.0103965587467,"7":0.00259913968668,"8":0.278107946475,"9":0.0415862349869,"10":0.187138057441,"11":1.47111306266},"op_mob":{"10":0,"11":0,"11.1":0,"11.5":0,"12":0,"12.1":0,"0":0.0514077445415},"edge":{"12":0.191586,"13":0.126861,"14":0.253722,"15":null},"bb":{"7":0.10560675,"10":null},"ie_mob":{"10":0.0841832038835,"11":0.397531796117},"and_ff":{"0":0.103754},"and_qq":{"1.2":null},"samsung":{"0":1.504433},"and_uc":{"0":18.164361},"op_mini":{"0":23.4933392555},"and_chr":{"0":21.390865}},"total":98.45343875}