{"id":"BG","name":"Bulgaria","month":"2017-02","access_date":"2017-03-03","data":{"chrome":{"4":null,"5":null,"6":null,"7":null,"8":null,"9":null,"10":null,"11":0.019506,"12":null,"13":null,"14":null,"15":null,"16":0.039012,"17":null,"18":0.019506,"19":null,"20":null,"21":null,"22":0.03251,"23":null,"24":null,"25":0.013004,"26":0.058518,"27":null,"28":null,"29":0.013004,"30":0.013004,"31":0.019506,"32":0.013004,"33":0.006502,"34":0.045514,"35":0.045514,"36":0.039012,"37":0.013004,"38":0.045514,"39":0.03251,"40":0.026008,"41":0.019506,"42":0.013004,"43":0.104032,"44":0.039012,"45":0.026008,"46":0.03251,"47":0.052016,"48":0.052016,"49":3.524084,"50":0.123538,"51":0.409626,"52":0.13004,"53":0.175554,"54":0.169052,"55":8.02997,"56":25.305784,"57":0.071522,"58":0.052016,"59":null},"firefox":{"2":null,"3":0.013004,"3.5":0.013004,"3.6":0.019506,"4":0.006502,"5":null,"6":null,"7":null,"8":null,"9":null,"10":0.013004,"11":0.019506,"12":0.013004,"13":null,"14":null,"15":null,"16":0.006502,"17":null,"18":0.013004,"19":null,"20":0.013004,"21":null,"22":null,"23":0.006502,"24":0.019506,"25":0.006502,"26":0.013004,"27":null,"28":0.006502,"29":0.006502,"30":0.013004,"31":0.019506,"32":0.019506,"33":0.019506,"34":0.026008,"35":0.019506,"36":0.208064,"37":0.03251,"38":0.078024,"39":0.045514,"40":0.03251,"41":0.045514,"42":0.058518,"43":0.156048,"44":0.039012,"45":0.208064,"46":0.084526,"47":0.364112,"48":0.273084,"49":0.221068,"50":0.74773,"51":12.665896,"52":0.104032,"53":0.013004,"54":null},"opera":{"9":null,"9.5-9.6":0.026008,"10.0-10.1":0,"10.5":null,"10.6":null,"11":null,"11.1":null,"11.5":null,"11.6":0.006502,"12":0.013004,"12.1":0.175554,"15":null,"16":null,"17":null,"18":null,"19":null,"20":null,"21":null,"22":null,"23":null,"24":null,"25":null,"26":null,"27":null,"28":0.006502,"29":null,"30":null,"31":0.006502,"32":null,"33":null,"34":0.006502,"35":0.006502,"36":0.175554,"37":0.006502,"38":0.06502,"39":0.013004,"40":null,"41":0.013004,"42":0.468144,"43":0.903778,"44":0.013004,"45":null},"safari":{"3.1":null,"3.2":null,"4":0.006502,"5":null,"5.1":0.019506,"6":0.013004,"6.1":0.006502,"7":null,"7.1":null,"8":0.019506,"9":0.026008,"9.1":0.078024,"10":0.500654,"10.1":0.006502,"0":null},"ios_saf":{"3.2":0,"4.0-4.1":0,"4.2-4.3":0,"5.0-5.1":0,"6.0-6.1":0.0216374960212,"7.0-7.1":0.0955315862069,"8":0,"8.1-8.4":0.130233230769,"9.0-9.2":0.0257200424403,"9.3":0.353140265252,"10.0-10.2":3.22153737931},"android":{"2.1":0,"2.2":0,"2.3":0,"3":0,"4":0.0509381377551,"4.1":0.152814413265,"4.2-4.3":0.492062410714,"4.4":1.08701985969,"4.4.3-4.4.4":0.613295178571,"53":null},"ie":{"5.5":null,"6":null,"7":0.00657950728477,"8":0.322395856954,"9":0.309236842384,"10":0.197385218543,"11":4.13193057483},"op_mob":{"10":0,"11":0,"11.1":0,"11.5":0,"12":0,"12.1":0,"0":0.000733205240175},"edge":{"12":0.026008,"13":0.110534,"14":0.968798,"15":null},"bb":{"7":0.005247,"10":null},"ie_mob":{"10":0.110645475728,"11":0.522492524272},"and_ff":{"0":0.020988},"and_qq":{"1.2":null},"samsung":{"0":2.403126},"and_uc":{"0":0.220374},"op_mini":{"0":0.33507479476},"and_chr":{"0":25.52094}},"total":98.543979}