{"id":"BH","name":"Bahrain","month":"2017-02","access_date":"2017-03-03","data":{"chrome":{"4":null,"5":null,"6":null,"7":null,"8":null,"9":null,"10":null,"11":0.014692,"12":null,"13":null,"14":null,"15":null,"16":null,"17":null,"18":0.011019,"19":0.003673,"20":null,"21":0.058768,"22":0.011019,"23":0.007346,"24":0.018365,"25":0.003673,"26":0.022038,"27":0.003673,"28":0.011019,"29":0.022038,"30":0.022038,"31":0.051422,"32":0.044076,"33":0.029384,"34":0.025711,"35":0.007346,"36":0.091825,"37":0.003673,"38":0.029384,"39":0.022038,"40":0.007346,"41":0.011019,"42":0.011019,"43":0.132228,"44":0.040403,"45":0.014692,"46":0.029384,"47":0.029384,"48":0.018365,"49":0.962326,"50":0.025711,"51":0.091825,"52":0.080806,"53":0.18365,"54":0.205688,"55":4.745516,"56":15.287026,"57":0.091825,"58":0.113863,"59":null},"firefox":{"2":null,"3":0.003673,"3.5":0.003673,"3.6":0.007346,"4":null,"5":null,"6":null,"7":null,"8":null,"9":null,"10":null,"11":0.003673,"12":null,"13":null,"14":0.011019,"15":0.003673,"16":0.003673,"17":null,"18":null,"19":null,"20":null,"21":0.003673,"22":null,"23":null,"24":null,"25":0.011019,"26":null,"27":null,"28":null,"29":null,"30":null,"31":0.007346,"32":0.003673,"33":null,"34":null,"35":null,"36":null,"37":0.011019,"38":0.022038,"39":0.040403,"40":null,"41":0.003673,"42":0.011019,"43":0.014692,"44":0.011019,"45":0.033057,"46":0.011019,"47":0.066114,"48":0.161612,"49":0.051422,"50":0.194669,"51":2.53437,"52":0.088152,"53":null,"54":null},"opera":{"9":null,"9.5-9.6":null,"10.0-10.1":0,"10.5":null,"10.6":null,"11":null,"11.1":null,"11.5":null,"11.6":null,"12":null,"12.1":0.014692,"15":null,"16":null,"17":null,"18":null,"19":null,"20":null,"21":null,"22":null,"23":null,"24":null,"25":null,"26":null,"27":null,"28":null,"29":null,"30":null,"31":null,"32":null,"33":null,"34":0.007346,"35":null,"36":0.003673,"37":null,"38":0.011019,"39":null,"40":null,"41":0.044076,"42":0.084479,"43":0.03673,"44":null,"45":null},"safari":{"3.1":null,"3.2":0.007346,"4":0,"5":0.018365,"5.1":0.047749,"6":0.040403,"6.1":0.022038,"7":0.088152,"7.1":0.007346,"8":0.187323,"9":0.216707,"9.1":0.664813,"10":1.729983,"10.1":null,"0":null},"ios_saf":{"3.2":0,"4.0-4.1":0,"4.2-4.3":0,"5.0-5.1":0,"6.0-6.1":0.0571752697082,"7.0-7.1":0.252434209655,"8":0,"8.1-8.4":0.344130396923,"9.0-9.2":0.0679630564456,"9.3":0.933143552785,"10.0-10.2":8.51264251448},"android":{"2.1":0,"2.2":0,"2.3":0,"3":0,"4":0.0535320153061,"4.1":0.160596045918,"4.2-4.3":0.517119267857,"4.4":1.14237320663,"4.4.3-4.4.4":0.644525464286,"53":null},"ie":{"5.5":null,"6":0.00367570272259,"7":0.00735140544518,"8":0.42638151582,"9":0.246272082414,"10":0.19848794702,"11":4.11311134658},"op_mob":{"10":0,"11":0,"11.1":0,"11.5":0,"12":0,"12.1":0,"0":0.00460019868996},"edge":{"12":0.33057,"13":0.249764,"14":0.995383,"15":null},"bb":{"7":0.02056275,"10":null},"ie_mob":{"10":0.034276368932,"11":0.161860631068},"and_ff":{"0":0.012654},"and_qq":{"1.2":null},"samsung":{"0":6.13719},"and_uc":{"0":14.950701},"op_mini":{"0":2.10229080131},"and_chr":{"0":26.421909}},"total":98.24793175}