{"id":"BI","name":"Burundi","month":"2017-02","access_date":"2017-03-03","data":{"chrome":{"4":null,"5":null,"6":null,"7":null,"8":0.02942,"9":null,"10":0.001471,"11":0.005884,"12":null,"13":null,"14":null,"15":null,"16":0.013239,"17":null,"18":null,"19":0.002942,"20":0.001471,"21":null,"22":null,"23":null,"24":null,"25":null,"26":0.016181,"27":0.004413,"28":0.001471,"29":null,"30":0.007355,"31":0.002942,"32":0.025007,"33":0.033833,"34":0.001471,"35":null,"36":1.260647,"37":null,"38":null,"39":null,"40":0.004413,"41":0.002942,"42":0.01471,"43":0.145629,"44":0.013239,"45":0.026478,"46":0.008826,"47":0.002942,"48":0.004413,"49":0.133861,"50":0.011768,"51":0.036775,"52":0.033833,"53":0.116209,"54":0.057369,"55":1.065004,"56":3.715746,"57":0.032362,"58":0.010297,"59":null},"firefox":{"2":0.002942,"3":0.113267,"3.5":0.001471,"3.6":0.050014,"4":0.004413,"5":null,"6":0.002942,"7":0.013239,"8":null,"9":0.005884,"10":0.005884,"11":0.027949,"12":0.01471,"13":0.004413,"14":0.002942,"15":0.013239,"16":0.008826,"17":0.001471,"18":0.002942,"19":0.005884,"20":0.008826,"21":0.016181,"22":0.019123,"23":0.005884,"24":0.023536,"25":0.005884,"26":0.011768,"27":0.007355,"28":0.017652,"29":0.017652,"30":0.013239,"31":0.085318,"32":0.025007,"33":0.011768,"34":0.010297,"35":0.010297,"36":0.027949,"37":0.039717,"38":0.038246,"39":0.008826,"40":0.016181,"41":0.023536,"42":0.030891,"43":0.097086,"44":0.07355,"45":0.022065,"46":0.025007,"47":0.253012,"48":0.107383,"49":0.076492,"50":0.207411,"51":2.944942,"52":0.195643,"53":0.002942,"54":null},"opera":{"9":null,"9.5-9.6":null,"10.0-10.1":0.017652,"10.5":null,"10.6":null,"11":0.019123,"11.1":null,"11.5":0.001471,"11.6":0.007355,"12":null,"12.1":0.011768,"15":null,"16":null,"17":null,"18":null,"19":null,"20":null,"21":0.007355,"22":null,"23":null,"24":null,"25":null,"26":null,"27":null,"28":0.002942,"29":0.005884,"30":0.007355,"31":null,"32":0.002942,"33":0.002942,"34":0.060311,"35":0.002942,"36":0.01471,"37":0.111796,"38":0.002942,"39":null,"40":null,"41":0.001471,"42":0.150042,"43":0.177991,"44":null,"45":null},"safari":{"3.1":null,"3.2":null,"4":0,"5":null,"5.1":0.008826,"6":null,"6.1":null,"7":0.005884,"7.1":0.001471,"8":0.047072,"9":0.023536,"9.1":0.02942,"10":0.16181,"10.1":null,"0":null},"ios_saf":{"3.2":0,"4.0-4.1":0,"4.2-4.3":0,"5.0-5.1":0,"6.0-6.1":0.00393284180371,"7.0-7.1":0.0173638675862,"8":0,"8.1-8.4":0.0236712553846,"9.0-9.2":0.00467488742706,"9.3":0.0641869464191,"10.0-10.2":0.585548201379},"android":{"2.1":0,"2.2":0,"2.3":0,"3":0,"4":0.0727068239796,"4.1":0.218120471939,"4.2-4.3":0.702347919643,"4.4":1.55156362372,"4.4.3-4.4.4":0.875390160714,"53":null},"ie":{"5.5":null,"6":0.004413,"7":0.002942,"8":0.228005,"9":0.026478,"10":0.070608,"11":0.975273},"op_mob":{"10":0,"11":0,"11.1":0,"11.5":0,"12":0,"12.1":0,"0":0.137637203057},"edge":{"12":0.051485,"13":0.095615,"14":0.089731,"15":null},"bb":{"7":0.01919025,"10":null},"ie_mob":{"10":0.0596201941748,"11":0.281539805825},"and_ff":{"0":0.025587},"and_qq":{"1.2":null},"samsung":{"0":0.972306},"and_uc":{"0":3.855108},"op_mini":{"0":62.9002017969},"and_chr":{"0":12.200967}},"total":98.61088825}