{"id":"BJ","name":"Benin","month":"2017-02","access_date":"2017-03-03","data":{"chrome":{"4":0.003163,"5":null,"6":0.003163,"7":0.003163,"8":0.003163,"9":null,"10":0.003163,"11":0.060097,"12":0.079075,"13":0.009489,"14":0.03163,"15":0.015815,"16":0.015815,"17":0.006326,"18":0.012652,"19":0.22141,"20":null,"21":0.003163,"22":0.015815,"23":0.015815,"24":0.009489,"25":0.012652,"26":0.082238,"27":0.022141,"28":0.022141,"29":0.056934,"30":0.03163,"31":0.037956,"32":0.120194,"33":0.041119,"34":0.012652,"35":0.015815,"36":0.060097,"37":0.025304,"38":0.025304,"39":0.006326,"40":0.018978,"41":0.009489,"42":0.034793,"43":0.110705,"44":0.025304,"45":0.050608,"46":0.098053,"47":0.167639,"48":0.050608,"49":0.964715,"50":0.069586,"51":0.107542,"52":0.069586,"53":0.370071,"54":0.199269,"55":3.276868,"56":11.462712,"57":0.06326,"58":0.088564,"59":null},"firefox":{"2":0.003163,"3":0.06326,"3.5":0.025304,"3.6":0.044282,"4":0.006326,"5":null,"6":null,"7":0.003163,"8":null,"9":null,"10":0.009489,"11":0.015815,"12":0.009489,"13":0.009489,"14":0.006326,"15":0.012652,"16":0.025304,"17":null,"18":0.009489,"19":0.018978,"20":0.012652,"21":0.009489,"22":0.018978,"23":0.009489,"24":0.025304,"25":0.015815,"26":0.012652,"27":0.018978,"28":0.003163,"29":0.037956,"30":0.037956,"31":0.056934,"32":0.034793,"33":0.028467,"34":0.037956,"35":0.044282,"36":0.060097,"37":0.041119,"38":0.037956,"39":0.056934,"40":0.072749,"41":0.148661,"42":0.050608,"43":0.389049,"44":0.079075,"45":0.186617,"46":0.053771,"47":0.458635,"48":0.18978,"49":0.230899,"50":0.404864,"51":5.551065,"52":0.275181,"53":0.088564,"54":null},"opera":{"9":null,"9.5-9.6":null,"10.0-10.1":0.006326,"10.5":null,"10.6":null,"11":null,"11.1":null,"11.5":0.003163,"11.6":0.006326,"12":0.006326,"12.1":0.015815,"15":0.012652,"16":null,"17":null,"18":null,"19":0.003163,"20":null,"21":null,"22":null,"23":null,"24":null,"25":null,"26":null,"27":null,"28":null,"29":0.003163,"30":0.009489,"31":null,"32":null,"33":null,"34":0.006326,"35":0.009489,"36":0.034793,"37":0.037956,"38":0.012652,"39":0.009489,"40":0.041119,"41":0.025304,"42":0.300485,"43":0.389049,"44":null,"45":null},"safari":{"3.1":null,"3.2":null,"4":0.003163,"5":null,"5.1":0.012652,"6":null,"6.1":null,"7":0.06326,"7.1":0.006326,"8":0.142335,"9":0.107542,"9.1":0.113868,"10":0.401701,"10.1":0.037956,"0":null},"ios_saf":{"3.2":0,"4.0-4.1":0,"4.2-4.3":0,"5.0-5.1":0,"6.0-6.1":0.00711265623342,"7.0-7.1":0.0314030482759,"8":0,"8.1-8.4":0.0428101384615,"9.0-9.2":0.0084546668435,"9.3":0.116083917772,"10.0-10.2":1.05898057241},"android":{"2.1":0,"2.2":0,"2.3":0,"3":0,"4":0.0927297193878,"4.1":0.278189158163,"4.2-4.3":0.895769089286,"4.4":1.97885221173,"4.4.3-4.4.4":1.11646582143,"53":null},"ie":{"5.5":null,"6":0.0128314609929,"7":0.00962359574468,"8":0.16360112766,"9":0.028870787234,"10":0.0898202269504,"11":0.599870801418},"op_mob":{"10":0,"11":0,"11.1":0,"11.5":0,"12":0,"12.1":0,"0":0.0701613537118},"edge":{"12":0.088564,"13":0.069586,"14":0.268855,"15":null},"bb":{"7":0.0649515,"10":null},"ie_mob":{"10":0.189975669903,"11":0.897107330097},"and_ff":{"0":0.027348},"and_qq":{"1.2":null},"samsung":{"0":1.210149},"and_uc":{"0":9.22995},"op_mini":{"0":32.0637386463},"and_chr":{"0":18.47087}},"total":98.3708895}