{"id":"BM","name":"Bermuda","month":"2017-02","access_date":"2017-03-03","data":{"chrome":{"4":null,"5":null,"6":null,"7":null,"8":null,"9":null,"10":null,"11":0.022707,"12":null,"13":null,"14":null,"15":null,"16":null,"17":null,"18":null,"19":null,"20":null,"21":null,"22":null,"23":null,"24":null,"25":null,"26":null,"27":null,"28":null,"29":null,"30":null,"31":null,"32":0.052983,"33":null,"34":0.015138,"35":null,"36":0.15138,"37":null,"38":0.030276,"39":0.083259,"40":null,"41":null,"42":0.060552,"43":0.045414,"44":0.022707,"45":0.022707,"46":0.052983,"47":0.060552,"48":0.045414,"49":1.718163,"50":0.204363,"51":0.105966,"52":0.030276,"53":0.068121,"54":0.07569,"55":7.818777,"56":22.85838,"57":0.037845,"58":0.022707,"59":null},"firefox":{"2":null,"3":null,"3.5":0.030276,"3.6":null,"4":null,"5":null,"6":0.015138,"7":null,"8":null,"9":null,"10":null,"11":null,"12":null,"13":null,"14":null,"15":null,"16":null,"17":0.007569,"18":null,"19":null,"20":null,"21":null,"22":null,"23":null,"24":null,"25":null,"26":0.022707,"27":null,"28":null,"29":null,"30":null,"31":null,"32":null,"33":null,"34":null,"35":null,"36":null,"37":null,"38":0.015138,"39":null,"40":null,"41":0.052983,"42":null,"43":0.030276,"44":null,"45":0.022707,"46":null,"47":0.022707,"48":0.287622,"49":0.022707,"50":0.287622,"51":4.140243,"52":0.052983,"53":null,"54":null},"opera":{"9":null,"9.5-9.6":null,"10.0-10.1":0,"10.5":null,"10.6":null,"11":null,"11.1":null,"11.5":null,"11.6":null,"12":null,"12.1":null,"15":null,"16":null,"17":null,"18":null,"19":null,"20":null,"21":null,"22":null,"23":null,"24":null,"25":null,"26":null,"27":null,"28":null,"29":null,"30":null,"31":null,"32":null,"33":null,"34":null,"35":null,"36":null,"37":null,"38":null,"39":null,"40":null,"41":null,"42":0.030276,"43":0.07569,"44":null,"45":null},"safari":{"3.1":null,"3.2":null,"4":0.007569,"5":0.143811,"5.1":0.423864,"6":0.07569,"6.1":0.22707,"7":0.037845,"7.1":0.007569,"8":0.22707,"9":0.204363,"9.1":1.453248,"10":4.140243,"10.1":0.007569,"0":null},"ios_saf":{"3.2":0,"4.0-4.1":0,"4.2-4.3":0,"5.0-5.1":0,"6.0-6.1":0.061926662069,"7.0-7.1":0.273412055172,"8":0,"8.1-8.4":0.3727284,"9.0-9.2":0.073610937931,"9.3":1.01068986207,"10.0-10.2":9.22006208276},"android":{"2.1":0,"2.2":0,"2.3":0,"3":0,"4":0.0113694727891,"4.1":0.0341084183673,"4.2-4.3":0.109829107143,"4.4":0.24262454932,"4.4.3-4.4.4":0.136888452381,"53":null},"ie":{"5.5":null,"6":null,"7":null,"8":0.317898,"9":1.392696,"10":0.862866,"11":21.109941},"op_mob":{"10":0,"11":0,"11.1":0,"11.5":0,"12":0,"12.1":0,"0":0.000530786026201},"edge":{"12":0.105966,"13":0.582813,"14":4.972833,"15":null},"bb":{"7":0.1713855,"10":null},"ie_mob":{"10":0.0157188932039,"11":0.0742281067961},"and_ff":{"0":0.004862},"and_qq":{"1.2":null},"samsung":{"0":4.480333},"and_uc":{"0":0.017017},"op_mini":{"0":0.242569213974},"and_chr":{"0":7.319571}},"total":98.8973935}