{"id":"BN","name":"Brunei Darussalam","month":"2017-02","access_date":"2017-03-03","data":{"chrome":{"4":null,"5":null,"6":null,"7":null,"8":null,"9":null,"10":null,"11":0.010452,"12":null,"13":null,"14":0.006968,"15":null,"16":null,"17":null,"18":0.003484,"19":null,"20":0.013936,"21":0.006968,"22":0.006968,"23":null,"24":null,"25":null,"26":null,"27":0.010452,"28":0.006968,"29":0.003484,"30":null,"31":0.048776,"32":0.097552,"33":0.062712,"34":0.010452,"35":0.006968,"36":0.421564,"37":0.003484,"38":0.01742,"39":0.013936,"40":0.010452,"41":0.010452,"42":0.006968,"43":0.041808,"44":0.01742,"45":0.020904,"46":0.048776,"47":0.038324,"48":0.076648,"49":1.08004,"50":0.066196,"51":0.073164,"52":0.073164,"53":0.257816,"54":0.146328,"55":5.4873,"56":14.869712,"57":0.03484,"58":0.0871,"59":null},"firefox":{"2":null,"3":0.010452,"3.5":null,"3.6":0.01742,"4":null,"5":null,"6":0.010452,"7":0.003484,"8":null,"9":0.020904,"10":0.003484,"11":0.010452,"12":0.006968,"13":0.048776,"14":null,"15":null,"16":0.006968,"17":null,"18":null,"19":null,"20":null,"21":null,"22":0.003484,"23":null,"24":0.006968,"25":0.003484,"26":null,"27":null,"28":0.013936,"29":0.01742,"30":0.006968,"31":0.020904,"32":0.066196,"33":0.010452,"34":0.024388,"35":0.010452,"36":0.010452,"37":0.024388,"38":0.024388,"39":0.020904,"40":0.024388,"41":0.013936,"42":0.010452,"43":0.073164,"44":0.059228,"45":0.05226,"46":0.090584,"47":0.146328,"48":0.19162,"49":0.076648,"50":0.38324,"51":3.860272,"52":0.428532,"53":null,"54":null},"opera":{"9":null,"9.5-9.6":null,"10.0-10.1":0,"10.5":null,"10.6":null,"11":null,"11.1":null,"11.5":null,"11.6":null,"12":null,"12.1":0.01742,"15":null,"16":null,"17":null,"18":null,"19":null,"20":null,"21":0.003484,"22":null,"23":null,"24":null,"25":null,"26":null,"27":null,"28":null,"29":null,"30":null,"31":null,"32":null,"33":null,"34":null,"35":0.010452,"36":0.010452,"37":0.024388,"38":null,"39":null,"40":null,"41":null,"42":0.083616,"43":0.160264,"44":0.027872,"45":null},"safari":{"3.1":null,"3.2":null,"4":0,"5":0.055744,"5.1":0.062712,"6":0.013936,"6.1":0.024388,"7":0.010452,"7.1":0.003484,"8":0.094068,"9":0.128908,"9.1":0.303108,"10":1.459796,"10.1":0.006968,"0":null},"ios_saf":{"3.2":0,"4.0-4.1":0,"4.2-4.3":0,"5.0-5.1":0,"6.0-6.1":0.0644893877984,"7.0-7.1":0.284726731034,"8":0,"8.1-8.4":0.388153107692,"9.0-9.2":0.076657196817,"9.3":1.05251548011,"10.0-10.2":9.60161809655},"android":{"2.1":0,"2.2":0,"2.3":0,"3":0,"4":0.101951020408,"4.1":0.305853061224,"4.2-4.3":0.984846857143,"4.4":2.17563477551,"4.4.3-4.4.4":1.22749028571,"53":null},"ie":{"5.5":null,"6":0.00349709774436,"7":0.00699419548872,"8":0.125895518797,"9":0.241299744361,"10":0.0769361503759,"11":1.40583329323},"op_mob":{"10":0,"11":0,"11.1":0,"11.5":0,"12":0,"12.1":0,"0":0.0279135196507},"edge":{"12":0.020904,"13":0.06968,"14":0.581828,"15":null},"bb":{"7":0.003258,"10":null},"ie_mob":{"10":0.0136646213592,"11":0.0645273786408},"and_ff":{"0":0.026064},"and_qq":{"1.2":null},"samsung":{"0":5.649372},"and_uc":{"0":8.451252},"op_mini":{"0":12.7564784803},"and_chr":{"0":21.466944}},"total":98.772542}