{"id":"BO","name":"Bolivia","month":"2017-02","access_date":"2017-03-03","data":{"chrome":{"4":null,"5":null,"6":null,"7":null,"8":0.008236,"9":null,"10":null,"11":0.037062,"12":null,"13":0.004118,"14":null,"15":null,"16":null,"17":null,"18":0.04118,"19":null,"20":null,"21":0.008236,"22":0.016472,"23":0.02059,"24":0.008236,"25":0.032944,"26":0.037062,"27":0.008236,"28":0.008236,"29":0.016472,"30":0.008236,"31":0.049416,"32":0.02059,"33":0.053534,"34":0.02059,"35":0.016472,"36":0.2059,"37":0.016472,"38":0.107068,"39":0.032944,"40":0.024708,"41":0.028826,"42":0.012354,"43":0.111186,"44":0.065888,"45":0.053534,"46":0.053534,"47":0.098832,"48":0.070006,"49":1.618374,"50":0.074124,"51":0.16472,"52":0.210018,"53":0.280024,"54":0.304732,"55":5.90933,"56":18.341572,"57":0.06177,"58":0.012354,"59":null},"firefox":{"2":null,"3":0.028826,"3.5":0.008236,"3.6":0.02059,"4":0.008236,"5":0.004118,"6":null,"7":null,"8":0.012354,"9":null,"10":0.004118,"11":0.004118,"12":0.024708,"13":null,"14":0.004118,"15":0.008236,"16":0.016472,"17":0.02059,"18":0.008236,"19":0.004118,"20":0.008236,"21":0.008236,"22":0.016472,"23":0.004118,"24":0.008236,"25":0.012354,"26":0.012354,"27":0.008236,"28":0.012354,"29":0.012354,"30":0.028826,"31":0.02059,"32":0.02059,"33":0.032944,"34":0.032944,"35":0.057652,"36":0.028826,"37":0.045298,"38":0.065888,"39":0.049416,"40":0.045298,"41":0.037062,"42":0.057652,"43":0.234726,"44":0.057652,"45":0.127658,"46":0.070006,"47":0.387092,"48":0.374738,"49":0.16472,"50":0.485924,"51":5.369872,"52":0.057652,"53":0.024708,"54":null},"opera":{"9":null,"9.5-9.6":null,"10.0-10.1":0,"10.5":null,"10.6":null,"11":null,"11.1":null,"11.5":null,"11.6":null,"12":null,"12.1":0.02059,"15":null,"16":null,"17":null,"18":null,"19":null,"20":null,"21":null,"22":null,"23":null,"24":null,"25":null,"26":0.004118,"27":null,"28":0.008236,"29":0.008236,"30":null,"31":null,"32":null,"33":null,"34":null,"35":0.004118,"36":0.02059,"37":0.012354,"38":0.008236,"39":0.008236,"40":null,"41":0.004118,"42":0.156484,"43":0.284142,"44":null,"45":null},"safari":{"3.1":null,"3.2":null,"4":0,"5":0.008236,"5.1":0.016472,"6":null,"6.1":0.02059,"7":0.012354,"7.1":0.008236,"8":0.140012,"9":0.107068,"9.1":0.263552,"10":0.605346,"10.1":null,"0":null},"ios_saf":{"3.2":0,"4.0-4.1":0,"4.2-4.3":0,"5.0-5.1":0,"6.0-6.1":0.0116098510345,"7.0-7.1":0.0512585875862,"8":0,"8.1-8.4":0.06987816,"9.0-9.2":0.0138003889655,"9.3":0.189481531034,"10.0-10.2":1.72855348138},"android":{"2.1":0,"2.2":0,"2.3":0,"3":0,"4":0.126292942177,"4.1":0.378878826531,"4.2-4.3":1.21998982143,"4.4":2.69509138605,"4.4.3-4.4.4":1.52056702381,"53":null},"ie":{"5.5":null,"6":0.00416996214511,"7":null,"8":0.266877577287,"9":0.104249053628,"10":0.112588977918,"11":0.833992429022},"op_mob":{"10":0,"11":0,"11.1":0,"11.5":0,"12":0,"12.1":0,"0":0.00823223144105},"edge":{"12":0.049416,"13":0.078242,"14":0.362384,"15":null},"bb":{"7":0.005882,"10":null},"ie_mob":{"10":0.0678428737864,"11":0.320369126214},"and_ff":{"0":0.035292},"and_qq":{"1.2":null},"samsung":{"0":6.781946},"and_uc":{"0":2.282216},"op_mini":{"0":3.76212976856},"and_chr":{"0":38.046058}},"total":99.28056}