{"id":"BR","name":"Brazil","month":"2017-02","access_date":"2017-03-03","data":{"chrome":{"4":null,"5":null,"6":null,"7":null,"8":null,"9":null,"10":null,"11":0.006759,"12":null,"13":null,"14":null,"15":null,"16":null,"17":null,"18":0.020277,"19":null,"20":null,"21":null,"22":0.033795,"23":null,"24":null,"25":0.006759,"26":0.013518,"27":null,"28":0.006759,"29":0.013518,"30":null,"31":0.013518,"32":0.493407,"33":0.013518,"34":0.027036,"35":0.378504,"36":2.331855,"37":0.027036,"38":0.027036,"39":0.033795,"40":0.027036,"41":0.033795,"42":0.027036,"43":0.263601,"44":0.054072,"45":0.033795,"46":0.060831,"47":2.29806,"48":0.06759,"49":1.196343,"50":0.101385,"51":0.621828,"52":0.189252,"53":0.256842,"54":0.344709,"55":10.537281,"56":35.336052,"57":0.20277,"58":0.121662,"59":null},"firefox":{"2":null,"3":0.006759,"3.5":null,"3.6":0.006759,"4":null,"5":null,"6":null,"7":null,"8":null,"9":null,"10":null,"11":null,"12":null,"13":null,"14":null,"15":null,"16":null,"17":null,"18":null,"19":null,"20":null,"21":0.006759,"22":null,"23":0.006759,"24":0.006759,"25":null,"26":null,"27":null,"28":null,"29":null,"30":0.006759,"31":0.040554,"32":null,"33":0.013518,"34":null,"35":0.013518,"36":0.006759,"37":0.013518,"38":0.047313,"39":0.013518,"40":0.013518,"41":0.027036,"42":0.013518,"43":0.06759,"44":0.013518,"45":0.108144,"46":0.040554,"47":0.223047,"48":0.13518,"49":0.074349,"50":0.304155,"51":4.765095,"52":0.040554,"53":0.013518,"54":null},"opera":{"9":null,"9.5-9.6":null,"10.0-10.1":0,"10.5":null,"10.6":null,"11":null,"11.1":null,"11.5":null,"11.6":null,"12":null,"12.1":0.013518,"15":null,"16":null,"17":null,"18":null,"19":null,"20":null,"21":null,"22":null,"23":null,"24":null,"25":null,"26":null,"27":null,"28":0.006759,"29":null,"30":null,"31":null,"32":null,"33":null,"34":null,"35":null,"36":0.013518,"37":null,"38":0.040554,"39":null,"40":null,"41":null,"42":0.175734,"43":0.33795,"44":null,"45":null},"safari":{"3.1":null,"3.2":null,"4":0.006759,"5":0.006759,"5.1":0.013518,"6":null,"6.1":0.013518,"7":0.013518,"7.1":null,"8":0.047313,"9":0.047313,"9.1":0.182493,"10":0.831357,"10.1":0.013518,"0":null},"ios_saf":{"3.2":0,"4.0-4.1":0,"4.2-4.3":0,"5.0-5.1":0,"6.0-6.1":0.0166396550663,"7.0-7.1":0.0734656468966,"8":0,"8.1-8.4":0.100151886154,"9.0-9.2":0.019779212626,"9.3":0.271571728912,"10.0-10.2":2.47742487034},"android":{"2.1":0,"2.2":0,"2.3":0,"3":0,"4":0.0511229166667,"4.1":0.15336875,"4.2-4.3":0.493847375,"4.4":1.09096304167,"4.4.3-4.4.4":0.615519916667,"53":null},"ie":{"5.5":null,"6":null,"7":null,"8":0.268090554745,"9":0.176375364964,"10":0.126990262774,"11":1.36161781752},"op_mob":{"10":0,"11":0,"11.1":0,"11.5":0,"12":0,"12.1":0,"0":0.00228568340611},"edge":{"12":0.047313,"13":0.121662,"14":0.919224,"15":null},"bb":{"7":0.003241,"10":null},"ie_mob":{"10":0.118375165049,"11":0.558993834951},"and_ff":{"0":0.012964},"and_qq":{"1.2":null},"samsung":{"0":1.895985},"and_uc":{"0":0.638477},"op_mini":{"0":1.04455731659},"and_chr":{"0":22.629908}},"total":98.304072}