{"id":"BS","name":"Bahamas","month":"2017-02","access_date":"2017-03-03","data":{"chrome":{"4":null,"5":null,"6":null,"7":null,"8":null,"9":null,"10":null,"11":0.015018,"12":null,"13":null,"14":null,"15":null,"16":null,"17":null,"18":0.020024,"19":null,"20":null,"21":null,"22":0.005006,"23":null,"24":null,"25":0.005006,"26":null,"27":null,"28":null,"29":0.005006,"30":0.010012,"31":0.005006,"32":0.05006,"33":0.035042,"34":0.010012,"35":0.005006,"36":0.45054,"37":0.02503,"38":0.020024,"39":0.020024,"40":0.010012,"41":null,"42":0.030036,"43":0.07509,"44":0.030036,"45":0.010012,"46":0.010012,"47":0.020024,"48":0.030036,"49":1.27653,"50":0.085102,"51":0.415498,"52":0.070084,"53":0.210252,"54":0.10012,"55":7.218652,"56":17.480952,"57":0.055066,"58":0.040048,"59":null},"firefox":{"2":null,"3":null,"3.5":null,"3.6":null,"4":null,"5":null,"6":null,"7":null,"8":null,"9":null,"10":null,"11":0.010012,"12":null,"13":0.005006,"14":null,"15":null,"16":0.015018,"17":null,"18":null,"19":null,"20":null,"21":null,"22":null,"23":0.010012,"24":0.010012,"25":null,"26":null,"27":null,"28":null,"29":null,"30":null,"31":0.020024,"32":0.010012,"33":0.020024,"34":null,"35":null,"36":null,"37":null,"38":0.020024,"39":null,"40":null,"41":null,"42":0.005006,"43":0.045054,"44":null,"45":0.070084,"46":0.035042,"47":0.180216,"48":0.280336,"49":0.020024,"50":0.220264,"51":3.208846,"52":0.030036,"53":null,"54":null},"opera":{"9":null,"9.5-9.6":null,"10.0-10.1":0,"10.5":null,"10.6":null,"11":null,"11.1":null,"11.5":null,"11.6":null,"12":null,"12.1":null,"15":null,"16":null,"17":null,"18":null,"19":null,"20":null,"21":null,"22":null,"23":null,"24":null,"25":null,"26":null,"27":null,"28":null,"29":0.015018,"30":null,"31":null,"32":null,"33":0.005006,"34":null,"35":null,"36":null,"37":0.005006,"38":0.120144,"39":null,"40":null,"41":null,"42":0.045054,"43":0.07509,"44":null,"45":null},"safari":{"3.1":null,"3.2":null,"4":0,"5":0.030036,"5.1":0.145174,"6":0.010012,"6.1":0.055066,"7":0.020024,"7.1":null,"8":0.095114,"9":0.140168,"9.1":0.730876,"10":2.112532,"10.1":0.010012,"0":null},"ios_saf":{"3.2":0,"4.0-4.1":0,"4.2-4.3":0,"5.0-5.1":0,"6.0-6.1":0.0649559115119,"7.0-7.1":0.286786477241,"8":0,"8.1-8.4":0.390961052308,"9.0-9.2":0.0772117438727,"9.3":1.0601294992,"10.0-10.2":9.67107731586},"android":{"2.1":0,"2.2":0,"2.3":0,"3":0,"4":0.0398118622449,"4.1":0.119435586735,"4.2-4.3":0.384582589286,"4.4":0.849585140306,"4.4.3-4.4.4":0.479334821429,"53":null},"ie":{"5.5":null,"6":null,"7":0.010012,"8":0.180216,"9":0.22527,"10":0.380456,"11":6.037236},"op_mob":{"10":0,"11":0,"11.1":0,"11.5":0,"12":0,"12.1":0,"0":0.0010903930131},"edge":{"12":0.180216,"13":0.570684,"14":4.445328,"15":null},"bb":{"7":0.017479,"10":null},"ie_mob":{"10":0.0846555728155,"11":0.399762427184},"and_ff":{"0":0.054934},"and_qq":{"1.2":null},"samsung":{"0":8.329992},"and_uc":{"0":0.279664},"op_mini":{"0":0.498309606987},"and_chr":{"0":27.949436}},"total":98.746375}