{"id":"BT","name":"Bhutan","month":"2017-02","access_date":"2017-03-03","data":{"chrome":{"4":0.006858,"5":0.009144,"6":0.002286,"7":0.006858,"8":null,"9":null,"10":0.002286,"11":0.016002,"12":0.009144,"13":null,"14":0.01143,"15":null,"16":0.004572,"17":null,"18":0.089154,"19":0.006858,"20":0.01143,"21":0.020574,"22":0.009144,"23":0.025146,"24":0.032004,"25":0.016002,"26":null,"27":0.020574,"28":0.006858,"29":0.013716,"30":0.075438,"31":0.066294,"32":0.086868,"33":0.029718,"34":0.004572,"35":0.016002,"36":0.016002,"37":null,"38":0.018288,"39":0.052578,"40":0.013716,"41":0.01143,"42":0.004572,"43":0.18288,"44":0.03429,"45":0.01143,"46":0.03429,"47":0.054864,"48":0.025146,"49":1.001268,"50":0.048006,"51":0.066294,"52":0.04572,"53":0.24003,"54":0.144018,"55":3.595878,"56":9.29259,"57":0.121158,"58":0.221742,"59":null},"firefox":{"2":null,"3":0.018288,"3.5":null,"3.6":0.025146,"4":null,"5":null,"6":0.002286,"7":0.004572,"8":null,"9":null,"10":0.048006,"11":0.013716,"12":0.004572,"13":null,"14":0.006858,"15":0.009144,"16":0.006858,"17":0.006858,"18":0.029718,"19":0.002286,"20":null,"21":0.002286,"22":null,"23":null,"24":0.002286,"25":0.009144,"26":0.004572,"27":0.004572,"28":null,"29":0.032004,"30":0.004572,"31":0.013716,"32":0.004572,"33":0.004572,"34":0.002286,"35":0.016002,"36":0.002286,"37":0.009144,"38":0.020574,"39":0.016002,"40":0.054864,"41":0.006858,"42":0.013716,"43":0.064008,"44":0.084582,"45":0.029718,"46":0.013716,"47":0.173736,"48":0.075438,"49":0.084582,"50":0.198882,"51":2.462022,"52":0.379476,"53":null,"54":null},"opera":{"9":null,"9.5-9.6":null,"10.0-10.1":0,"10.5":null,"10.6":null,"11":null,"11.1":null,"11.5":null,"11.6":null,"12":0.006858,"12.1":null,"15":null,"16":null,"17":null,"18":null,"19":null,"20":null,"21":null,"22":null,"23":null,"24":null,"25":null,"26":null,"27":null,"28":0.004572,"29":null,"30":null,"31":null,"32":null,"33":null,"34":null,"35":null,"36":null,"37":0.002286,"38":null,"39":0.002286,"40":null,"41":0.002286,"42":0.121158,"43":0.123444,"44":null,"45":null},"safari":{"3.1":null,"3.2":null,"4":0,"5":null,"5.1":0.018288,"6":0.004572,"6.1":null,"7":0.020574,"7.1":null,"8":0.03429,"9":0.029718,"9.1":0.107442,"10":0.294894,"10.1":0.004572,"0":null},"ios_saf":{"3.2":0,"4.0-4.1":0,"4.2-4.3":0,"5.0-5.1":0,"6.0-6.1":0.0333580369231,"7.0-7.1":0.14727888,"8":0,"8.1-8.4":0.200777618462,"9.0-9.2":0.0396520061538,"9.3":0.544428338462,"10.0-10.2":4.96657112},"android":{"2.1":0,"2.2":0,"2.3":0,"3":0,"4":0.0519842261905,"4.1":0.155952678571,"4.2-4.3":0.502167625,"4.4":1.1093433869,"4.4.3-4.4.4":0.625890083333,"53":null},"ie":{"5.5":null,"6":null,"7":null,"8":0.086868,"9":0.059436,"10":0.018288,"11":0.89154},"op_mob":{"10":0,"11":0,"11.1":0,"11.5":0,"12":0,"12.1":0,"0":0.0219293187773},"edge":{"12":0.070866,"13":0.059436,"14":0.226314,"15":null},"bb":{"7":0,"10":null},"ie_mob":{"10":0.156377009709,"11":0.738446990291},"and_ff":{"0":0.015428},"and_qq":{"1.2":null},"samsung":{"0":7.767998},"and_uc":{"0":9.657928},"op_mini":{"0":10.0216986812},"and_chr":{"0":40.396868}},"total":99.147684}