{"id":"BW","name":"Botswana","month":"2017-02","access_date":"2017-03-03","data":{"chrome":{"4":null,"5":null,"6":null,"7":0.01218,"8":null,"9":null,"10":null,"11":0.01827,"12":null,"13":0.01827,"14":null,"15":0.00609,"16":null,"17":null,"18":0.01827,"19":null,"20":null,"21":0.01218,"22":null,"23":null,"24":null,"25":null,"26":0.01827,"27":0.01827,"28":0.00609,"29":0.09744,"30":0.0609,"31":0.03654,"32":0.46893,"33":0.02436,"34":0.01827,"35":0.02436,"36":0.34713,"37":0.04263,"38":0.03045,"39":0.03045,"40":0.04872,"41":0.01827,"42":0.03045,"43":0.67599,"44":0.0609,"45":0.08526,"46":0.04872,"47":0.04263,"48":0.03654,"49":0.57855,"50":0.1218,"51":0.14616,"52":0.15834,"53":0.79779,"54":0.33495,"55":5.9682,"56":15.80355,"57":0.09135,"58":0.07308,"59":null},"firefox":{"2":null,"3":0.01218,"3.5":null,"3.6":0.01218,"4":0.01827,"5":0.00609,"6":null,"7":0.00609,"8":0.00609,"9":null,"10":0.04263,"11":0.01218,"12":0.01827,"13":null,"14":0.01827,"15":0.03045,"16":0.03045,"17":null,"18":0.54201,"19":0.01218,"20":0.03654,"21":null,"22":null,"23":0.03045,"24":0.00609,"25":0.00609,"26":0.00609,"27":0.20706,"28":0.00609,"29":0.17661,"30":0.01827,"31":0.03045,"32":0.00609,"33":0.0609,"34":0.96831,"35":0.10962,"36":0.01218,"37":0.11571,"38":0.06699,"39":0.03654,"40":0.12789,"41":0.04872,"42":0.02436,"43":0.35931,"44":0.23142,"45":0.06699,"46":0.13398,"47":0.51156,"48":0.42021,"49":0.24969,"50":0.62727,"51":6.52239,"52":0.85869,"53":0.03654,"54":null},"opera":{"9":null,"9.5-9.6":null,"10.0-10.1":0,"10.5":null,"10.6":null,"11":null,"11.1":null,"11.5":null,"11.6":null,"12":null,"12.1":null,"15":null,"16":null,"17":0.01218,"18":0.04263,"19":null,"20":null,"21":null,"22":null,"23":null,"24":null,"25":null,"26":null,"27":null,"28":null,"29":null,"30":null,"31":null,"32":null,"33":null,"34":null,"35":null,"36":0.01827,"37":null,"38":0.00609,"39":null,"40":null,"41":0.00609,"42":0.22533,"43":0.23751,"44":null,"45":null},"safari":{"3.1":null,"3.2":null,"4":0.01218,"5":0.02436,"5.1":0.04872,"6":0.00609,"6.1":0.01218,"7":0.01218,"7.1":0.02436,"8":0.05481,"9":0.04263,"9.1":0.45675,"10":0.55419,"10.1":null,"0":null},"ios_saf":{"3.2":0,"4.0-4.1":0,"4.2-4.3":0,"5.0-5.1":0,"6.0-6.1":0.0113014557029,"7.0-7.1":0.0498969931034,"8":0,"8.1-8.4":0.0680219692308,"9.0-9.2":0.0134338058355,"9.3":0.184448286472,"10.0-10.2":1.68263748966},"android":{"2.1":0,"2.2":0,"2.3":0,"3":0,"4":0.0811258503401,"4.1":0.24337755102,"4.2-4.3":0.783675714286,"4.4":1.73122564626,"4.4.3-4.4.4":0.976755238095,"53":null},"ie":{"5.5":null,"6":0.0121847282609,"7":8.26124576087,"8":2.28463654891,"9":0.42646548913,"10":0.548312771739,"11":4.14889997283},"op_mob":{"10":0,"11":0,"11.1":0,"11.5":0,"12":0,"12.1":0,"0":0.0131727729258},"edge":{"12":0.57855,"13":0.63945,"14":0.82215,"15":null},"bb":{"7":0.181815,"10":null},"ie_mob":{"10":0.337550679612,"11":1.59398932039},"and_ff":{"0":1.02442},"and_qq":{"1.2":null},"samsung":{"0":3.51118},"and_uc":{"0":3.69104},"op_mini":{"0":6.01995722707},"and_chr":{"0":16.38945}},"total":97.4239602717}