{"id":"BY","name":"Belarus","month":"2017-02","access_date":"2017-03-03","data":{"chrome":{"4":0.015512,"5":0.015512,"6":0.015512,"7":0.007756,"8":0.015512,"9":0.015512,"10":0.023268,"11":0.03878,"12":0.031024,"13":0.031024,"14":0.023268,"15":0.031024,"16":0.054292,"17":0.03878,"18":0.085316,"19":0.03878,"20":0.03878,"21":0.085316,"22":0.085316,"23":0.046536,"24":0.062048,"25":0.03878,"26":0.062048,"27":0.03878,"28":0.023268,"29":0.023268,"30":0.015512,"31":0.03878,"32":0.023268,"33":0.015512,"34":0.046536,"35":0.062048,"36":0.023268,"37":0.023268,"38":0.03878,"39":0.054292,"40":0.100828,"41":0.069804,"42":0.03878,"43":0.286972,"44":0.046536,"45":0.11634,"46":0.054292,"47":0.186144,"48":0.139608,"49":2.768892,"50":0.100828,"51":0.403312,"52":0.286972,"53":0.341264,"54":0.442092,"55":10.012996,"56":29.39524,"57":0.131852,"58":0.217168,"59":null},"firefox":{"2":0.015512,"3":0.046536,"3.5":0.085316,"3.6":0.317996,"4":0.015512,"5":0.007756,"6":0.015512,"7":null,"8":null,"9":0.023268,"10":0.015512,"11":0.015512,"12":0.023268,"13":0.007756,"14":0.015512,"15":0.015512,"16":0.015512,"17":0.007756,"18":null,"19":0.007756,"20":0.015512,"21":0.031024,"22":null,"23":0.11634,"24":0.023268,"25":0.015512,"26":0.015512,"27":0.015512,"28":0.015512,"29":null,"30":0.015512,"31":0.023268,"32":0.015512,"33":0.046536,"34":0.031024,"35":0.03878,"36":0.015512,"37":0.015512,"38":0.069804,"39":0.015512,"40":0.03878,"41":0.023268,"42":0.03878,"43":0.093072,"44":0.031024,"45":0.1939,"46":0.062048,"47":0.279216,"48":0.124096,"49":0.147364,"50":0.480872,"51":6.367676,"52":0.031024,"53":0.015512,"54":null},"opera":{"9":null,"9.5-9.6":0.015512,"10.0-10.1":0.015512,"10.5":0.015512,"10.6":0.03878,"11":0.023268,"11.1":0.015512,"11.5":0.03878,"11.6":0.147364,"12":0.170632,"12.1":1.070328,"15":null,"16":0.015512,"17":0.015512,"18":0.031024,"19":0.007756,"20":0.03878,"21":0.007756,"22":0.007756,"23":null,"24":0.015512,"25":0.015512,"26":0.023268,"27":0.07756,"28":0.093072,"29":0.015512,"30":0.062048,"31":0.023268,"32":0.023268,"33":0.023268,"34":0.054292,"35":0.054292,"36":1.1634,"37":0.108584,"38":0.069804,"39":0.100828,"40":0.031024,"41":0.07756,"42":2.419872,"43":4.42092,"44":0.015512,"45":null},"safari":{"3.1":null,"3.2":null,"4":0.031024,"5":0.054292,"5.1":0.062048,"6":0.023268,"6.1":0.023268,"7":0.015512,"7.1":null,"8":0.03878,"9":0.054292,"9.1":0.201656,"10":1.093596,"10.1":0.015512,"0":null},"ios_saf":{"3.2":0,"4.0-4.1":0,"4.2-4.3":0,"5.0-5.1":0,"6.0-6.1":0.0149977909814,"7.0-7.1":0.066216662069,"8":0,"8.1-8.4":0.0902697230769,"9.0-9.2":0.0178275628647,"9.3":0.244775267905,"10.0-10.2":2.2329729931},"android":{"2.1":0,"2.2":0,"2.3":0,"3":0,"4":0.0350303996599,"4.1":0.10509119898,"4.2-4.3":0.338393660714,"4.4":0.747548728741,"4.4.3-4.4.4":0.421766011905,"53":null},"ie":{"5.5":null,"6":0.0162045,"7":0.0162045,"8":0.52664625,"9":0.10532925,"10":0.18635175,"11":0.96416775},"op_mob":{"10":0,"11":0,"11.1":0,"11.5":0,"12":0,"12.1":0,"0":0.00386747816594},"edge":{"12":0.031024,"13":0.069804,"14":0.667016,"15":null},"bb":{"7":0.00280625,"10":null},"ie_mob":{"10":0.0847433009709,"11":0.400176699029},"and_ff":{"0":0.00898},"and_qq":{"1.2":null},"samsung":{"0":1.05515},"and_uc":{"0":0.47145},"op_mini":{"0":1.76743752183},"and_chr":{"0":14.49378}},"total":92.94244525}