{"id":"BZ","name":"Belize","month":"2017-02","access_date":"2017-03-03","data":{"chrome":{"4":null,"5":null,"6":null,"7":null,"8":null,"9":null,"10":null,"11":0.018356,"12":null,"13":null,"14":null,"15":null,"16":null,"17":null,"18":0.022945,"19":0.009178,"20":0.009178,"21":null,"22":0.013767,"23":null,"24":0.009178,"25":null,"26":0.013767,"27":null,"28":null,"29":null,"30":null,"31":0.009178,"32":0.417599,"33":0.022945,"34":0.004589,"35":0.463489,"36":0.380887,"37":null,"38":0.022945,"39":0.004589,"40":0.041301,"41":0.009178,"42":0.013767,"43":0.078013,"44":0.018356,"45":0.036712,"46":0.041301,"47":0.018356,"48":0.009178,"49":0.619515,"50":0.050479,"51":0.160615,"52":0.100958,"53":0.22945,"54":0.197327,"55":6.631105,"56":18.342233,"57":0.050479,"58":0.073424,"59":null},"firefox":{"2":null,"3":0.009178,"3.5":null,"3.6":0.009178,"4":null,"5":null,"6":null,"7":null,"8":null,"9":null,"10":null,"11":0.004589,"12":null,"13":null,"14":0.009178,"15":null,"16":null,"17":0.004589,"18":null,"19":null,"20":0.009178,"21":null,"22":0.013767,"23":null,"24":0.009178,"25":null,"26":0.004589,"27":null,"28":0.027534,"29":null,"30":0.004589,"31":0.009178,"32":null,"33":0.018356,"34":null,"35":0.009178,"36":0.009178,"37":null,"38":0.013767,"39":0.055068,"40":0.018356,"41":0.032123,"42":0.009178,"43":0.133081,"44":0.018356,"45":0.619515,"46":0.082602,"47":0.279929,"48":0.128492,"49":0.128492,"50":0.513968,"51":5.78214,"52":0.449722,"53":null,"54":null},"opera":{"9":null,"9.5-9.6":null,"10.0-10.1":0,"10.5":null,"10.6":null,"11":null,"11.1":null,"11.5":null,"11.6":null,"12":null,"12.1":0.022945,"15":null,"16":null,"17":null,"18":null,"19":null,"20":null,"21":null,"22":null,"23":null,"24":null,"25":null,"26":null,"27":null,"28":null,"29":null,"30":null,"31":null,"32":null,"33":null,"34":null,"35":null,"36":null,"37":null,"38":0.009178,"39":null,"40":null,"41":null,"42":0.087191,"43":0.206505,"44":null,"45":null},"safari":{"3.1":null,"3.2":null,"4":0,"5":0.004589,"5.1":0.114725,"6":null,"6.1":0.013767,"7":0.013767,"7.1":null,"8":0.302874,"9":0.036712,"9.1":0.541502,"10":1.757587,"10.1":0.018356,"0":null},"ios_saf":{"3.2":0,"4.0-4.1":0,"4.2-4.3":0,"5.0-5.1":0,"6.0-6.1":0.0403778292838,"7.0-7.1":0.178271925517,"8":0,"8.1-8.4":0.243028821538,"9.0-9.2":0.0479962876393,"9.3":0.658996647745,"10.0-10.2":6.01172548828},"android":{"2.1":0,"2.2":0,"2.3":0,"3":0,"4":0.103756845238,"4.1":0.311270535714,"4.2-4.3":1.002291125,"4.4":2.21417107738,"4.4.3-4.4.4":1.24923241667,"53":null},"ie":{"5.5":null,"6":null,"7":0.009178,"8":0.220272,"9":0.105547,"10":0.110136,"11":1.954914},"op_mob":{"10":0,"11":0,"11.1":0,"11.5":0,"12":0,"12.1":0,"0":0.000744307860262},"edge":{"12":0.160615,"13":0.316641,"14":1.500603,"15":null},"bb":{"7":0.01217475,"10":null},"ie_mob":{"10":0.169264485437,"11":0.799304514563},"and_ff":{"0":0.059521},"and_qq":{"1.2":null},"samsung":{"0":3.647014},"and_uc":{"0":1.179598},"op_mini":{"0":0.34014869214},"and_chr":{"0":36.686355}},"total":99.02341075}