{"id":"CA","name":"Canada","month":"2017-02","access_date":"2017-03-03","data":{"chrome":{"4":null,"5":null,"6":null,"7":null,"8":null,"9":null,"10":null,"11":0.011846,"12":null,"13":null,"14":null,"15":null,"16":null,"17":null,"18":null,"19":null,"20":null,"21":null,"22":0.017769,"23":null,"24":null,"25":null,"26":0.005923,"27":null,"28":null,"29":0.017769,"30":null,"31":0.023692,"32":0.029615,"33":0.011846,"34":0.023692,"35":0.017769,"36":0.053307,"37":0.023692,"38":0.041461,"39":0.035538,"40":0.023692,"41":0.041461,"42":0.029615,"43":0.106614,"44":0.035538,"45":0.124383,"46":0.047384,"47":0.047384,"48":0.100691,"49":1.368213,"50":0.106614,"51":0.396841,"52":0.207305,"53":0.195459,"54":0.390918,"55":8.013819,"56":19.66436,"57":0.076999,"58":0.041461,"59":null},"firefox":{"2":null,"3":0.011846,"3.5":null,"3.6":0.017769,"4":null,"5":null,"6":null,"7":null,"8":null,"9":null,"10":null,"11":null,"12":null,"13":null,"14":null,"15":null,"16":0.011846,"17":null,"18":null,"19":null,"20":null,"21":0.005923,"22":null,"23":null,"24":null,"25":null,"26":null,"27":null,"28":0.005923,"29":null,"30":null,"31":0.017769,"32":null,"33":0.005923,"34":0.011846,"35":0.011846,"36":0.023692,"37":0.011846,"38":0.047384,"39":0.017769,"40":0.017769,"41":0.023692,"42":0.023692,"43":0.053307,"44":0.023692,"45":0.254689,"46":0.041461,"47":0.183613,"48":0.331688,"49":0.094768,"50":0.379072,"51":5.928923,"52":0.071076,"53":0.005923,"54":null},"opera":{"9":null,"9.5-9.6":null,"10.0-10.1":0,"10.5":null,"10.6":null,"11":null,"11.1":null,"11.5":null,"11.6":null,"12":null,"12.1":0.017769,"15":null,"16":null,"17":null,"18":null,"19":null,"20":null,"21":null,"22":null,"23":null,"24":null,"25":null,"26":null,"27":null,"28":0.005923,"29":null,"30":null,"31":null,"32":null,"33":null,"34":null,"35":null,"36":0.011846,"37":null,"38":0.035538,"39":null,"40":null,"41":null,"42":0.088845,"43":0.142152,"44":null,"45":null},"safari":{"3.1":null,"3.2":null,"4":0.029615,"5":0.053307,"5.1":0.142152,"6":0.011846,"6.1":0.106614,"7":0.035538,"7.1":0.017769,"8":0.195459,"9":0.213228,"9.1":1.072063,"10":3.624876,"10.1":0.023692,"0":null},"ios_saf":{"3.2":0,"4.0-4.1":0,"4.2-4.3":0,"5.0-5.1":0,"6.0-6.1":0.115892780371,"7.0-7.1":0.511677558621,"8":0,"8.1-8.4":0.697543338462,"9.0-9.2":0.137759342706,"9.3":1.89145764191,"10.0-10.2":17.2549043379},"android":{"2.1":0,"2.2":0,"2.3":0,"3":0,"4":0.0134339923469,"4.1":0.0403019770408,"4.2-4.3":0.129772366071,"4.4":0.286681396684,"4.4.3-4.4.4":0.161745267857,"53":null},"ie":{"5.5":null,"6":0.0180813239171,"7":0.0180813239171,"8":0.807632468299,"9":0.271219858757,"10":0.295328290647,"11":8.19083973446},"op_mob":{"10":0,"11":0,"11.1":0,"11.5":0,"12":0,"12.1":0,"0":0.00114832532751},"edge":{"12":0.035538,"13":0.219151,"14":3.49457,"15":null},"bb":{"7":0.22117725,"10":null},"ie_mob":{"10":0.0149621941748,"11":0.0706548058252},"and_ff":{"0":0.053001},"and_qq":{"1.2":null},"samsung":{"0":3.522528},"and_uc":{"0":0.273159},"op_mini":{"0":0.524784674672},"and_chr":{"0":14.206647}},"total":98.27532325}