{"id":"CD","name":"Congo, Democratic Republic of the","month":"2017-02","access_date":"2017-03-03","data":{"chrome":{"4":0.000869,"5":null,"6":null,"7":null,"8":0.001738,"9":null,"10":0.004345,"11":0.062568,"12":0.005214,"13":0.001738,"14":0.003476,"15":null,"16":0.001738,"17":0.002607,"18":0.013035,"19":null,"20":null,"21":0.005214,"22":0.001738,"23":0.006083,"24":0.001738,"25":0.004345,"26":0.011297,"27":0.006083,"28":0.001738,"29":0.029546,"30":null,"31":0.015642,"32":0.018249,"33":0.01738,"34":0.000869,"35":0.003476,"36":0.194656,"37":0.001738,"38":0.003476,"39":0.000869,"40":0.009559,"41":0.001738,"42":0.002607,"43":0.046057,"44":0.003476,"45":0.025201,"46":0.019118,"47":0.004345,"48":0.004345,"49":0.101673,"50":0.015642,"51":0.022594,"52":0.015642,"53":0.097328,"54":0.06083,"55":0.744733,"56":2.000438,"57":0.003476,"58":0.00869,"59":null},"firefox":{"2":null,"3":0.084293,"3.5":0.002607,"3.6":0.006952,"4":0.006083,"5":0.004345,"6":0.000869,"7":0.001738,"8":0.002607,"9":0.001738,"10":0.005214,"11":0.011297,"12":0.016511,"13":0.002607,"14":0.003476,"15":0.006083,"16":0.004345,"17":0.004345,"18":0.002607,"19":0.003476,"20":0.015642,"21":0.003476,"22":0.006083,"23":0.003476,"24":0.003476,"25":0.006952,"26":0.00869,"27":0.003476,"28":0.016511,"29":0.006952,"30":0.019987,"31":0.015642,"32":0.023463,"33":0.013904,"34":0.007821,"35":0.006083,"36":0.00869,"37":0.01738,"38":0.019118,"39":0.007821,"40":0.029546,"41":0.019118,"42":0.006952,"43":0.119922,"44":0.042581,"45":0.024332,"46":0.029546,"47":0.144254,"48":0.06083,"49":0.097328,"50":0.150337,"51":1.547689,"52":0.039105,"53":0.020856,"54":null},"opera":{"9":null,"9.5-9.6":0.001738,"10.0-10.1":0,"10.5":null,"10.6":0.001738,"11":0.002607,"11.1":0.003476,"11.5":0.006083,"11.6":0.009559,"12":0.004345,"12.1":0.016511,"15":0.003476,"16":0.002607,"17":0.001738,"18":0.004345,"19":0.000869,"20":0.006083,"21":0.003476,"22":0.002607,"23":null,"24":null,"25":0.000869,"26":0.002607,"27":0.001738,"28":0.001738,"29":0.001738,"30":0.003476,"31":0.002607,"32":0.003476,"33":0.002607,"34":0.004345,"35":0.009559,"36":0.020856,"37":0.023463,"38":0.003476,"39":0.007821,"40":0.004345,"41":0.026939,"42":0.192049,"43":0.203346,"44":null,"45":null},"safari":{"3.1":null,"3.2":null,"4":0.002607,"5":0.002607,"5.1":0.005214,"6":0.009559,"6.1":0.009559,"7":0.004345,"7.1":0.004345,"8":0.090376,"9":0.028677,"9.1":0.042581,"10":0.152944,"10.1":null,"0":null},"ios_saf":{"3.2":0,"4.0-4.1":0,"4.2-4.3":0,"5.0-5.1":0,"6.0-6.1":0.00605825145889,"7.0-7.1":0.0267477517241,"8":0,"8.1-8.4":0.0364638153846,"9.0-9.2":0.00720131777188,"9.3":0.0988752360743,"10.0-10.2":0.901993627586},"android":{"2.1":0,"2.2":0,"2.3":0,"3":0,"4":0.116065901361,"4.1":0.348197704082,"4.2-4.3":1.12119660714,"4.4":2.47684633503,"4.4.3-4.4.4":1.39743345238,"53":null},"ie":{"5.5":null,"6":0.00173993541203,"7":0.00782970935412,"8":0.158334122494,"9":0.0200092572383,"10":0.129625188196,"11":0.428894079065},"op_mob":{"10":0,"11":0,"11.1":0,"11.5":0,"12":0,"12.1":0,"0":0.134099366812},"edge":{"12":0.136433,"13":0.047795,"14":0.092114,"15":null},"bb":{"7":0.0844525,"10":null},"ie_mob":{"10":0.231352427184,"11":1.09249757282},"and_ff":{"0":0.12782},"and_qq":{"1.2":null},"samsung":{"0":1.71644},"and_uc":{"0":10.99252},"op_mini":{"0":61.2834106332},"and_chr":{"0":8.248625}},"total":98.7393877918}