{"id":"CF","name":"Central African Republic","month":"2017-02","access_date":"2017-03-03","data":{"chrome":{"4":null,"5":0.009114,"6":null,"7":null,"8":0.009114,"9":null,"10":0.018228,"11":0.03038,"12":null,"13":null,"14":null,"15":null,"16":null,"17":null,"18":null,"19":null,"20":null,"21":null,"22":null,"23":null,"24":null,"25":null,"26":null,"27":null,"28":0.483042,"29":0.021266,"30":0.021266,"31":0.012152,"32":0.057722,"33":0.009114,"34":null,"35":0.006076,"36":null,"37":null,"38":0.006076,"39":null,"40":0.033418,"41":null,"42":null,"43":0.294686,"44":null,"45":0.039494,"46":null,"47":0.036456,"48":0.027342,"49":0.078988,"50":0.006076,"51":0.054684,"52":0.01519,"53":0.04557,"54":0.009114,"55":1.528114,"56":10.417302,"57":null,"58":null,"59":null},"firefox":{"2":null,"3":0.118482,"3.5":0.009114,"3.6":0.033418,"4":0.036456,"5":0.01519,"6":0.009114,"7":null,"8":0.018228,"9":null,"10":null,"11":0.048608,"12":0.021266,"13":0.006076,"14":0.021266,"15":0.006076,"16":0.024304,"17":null,"18":0.027342,"19":0.018228,"20":0.006076,"21":0.124558,"22":0.03038,"23":0.042532,"24":0.10633,"25":0.006076,"26":0.006076,"27":0.012152,"28":0.03038,"29":0.048608,"30":0.048608,"31":0.021266,"32":0.036456,"33":0.027342,"34":0.024304,"35":0.16709,"36":0.078988,"37":0.006076,"38":0.063798,"39":0.094178,"40":0.06076,"41":0.06076,"42":null,"43":0.246078,"44":0.255192,"45":0.85064,"46":0.230888,"47":0.692664,"48":0.200508,"49":0.142786,"50":0.458738,"51":6.154988,"52":0.118482,"53":null,"54":null},"opera":{"9":null,"9.5-9.6":null,"10.0-10.1":0,"10.5":null,"10.6":null,"11":0.006076,"11.1":null,"11.5":0.01519,"11.6":null,"12":null,"12.1":null,"15":0.027342,"16":null,"17":null,"18":null,"19":null,"20":null,"21":null,"22":0.021266,"23":null,"24":null,"25":null,"26":null,"27":null,"28":null,"29":0.012152,"30":null,"31":null,"32":0.006076,"33":null,"34":null,"35":null,"36":0.063798,"37":null,"38":null,"39":null,"40":null,"41":0.012152,"42":0.680512,"43":0.315952,"44":0.006076,"45":null},"safari":{"3.1":null,"3.2":null,"4":0,"5":null,"5.1":null,"6":null,"6.1":null,"7":0.048608,"7.1":0.03038,"8":0.009114,"9":null,"9.1":0.024304,"10":0.1519,"10.1":null,"0":null},"ios_saf":{"3.2":0,"4.0-4.1":0,"4.2-4.3":0,"5.0-5.1":0,"6.0-6.1":0.0113142656764,"7.0-7.1":0.0499535503448,"8":0,"8.1-8.4":0.0680990707692,"9.0-9.2":0.0134490327851,"9.3":0.184657354907,"10.0-10.2":1.68454472552},"android":{"2.1":0,"2.2":0,"2.3":0,"3":0,"4":0.190626190476,"4.1":0.571878571429,"4.2-4.3":1.841449,"4.4":4.06796290476,"4.4.3-4.4.4":2.29513933333,"53":null},"ie":{"5.5":null,"6":null,"7":0.024304,"8":0.47089,"9":0.006076,"10":0.27342,"11":2.178246},"op_mob":{"10":0,"11":0,"11.1":0,"11.5":0,"12":0,"12.1":0,"0":0.0236221572052},"edge":{"12":0.118482,"13":0.142786,"14":0.218736,"15":null},"bb":{"7":0.0330695,"10":null},"ie_mob":{"10":0.573046951456,"11":2.70605504854},"and_ff":{"0":0.306328},"and_qq":{"1.2":null},"samsung":{"0":2.304422},"and_uc":{"0":6.537318},"op_mini":{"0":10.7953258428},"and_chr":{"0":35.999376}},"total":99.2583855}