{"id":"CH","name":"Switzerland","month":"2017-02","access_date":"2017-03-03","data":{"chrome":{"4":null,"5":null,"6":null,"7":null,"8":null,"9":null,"10":null,"11":0.005639,"12":null,"13":null,"14":null,"15":null,"16":null,"17":null,"18":null,"19":null,"20":null,"21":null,"22":0.028195,"23":null,"24":null,"25":null,"26":0.011278,"27":null,"28":null,"29":null,"30":null,"31":0.011278,"32":0.033834,"33":0.011278,"34":0.022556,"35":0.039473,"36":0.073307,"37":0.011278,"38":0.039473,"39":0.039473,"40":0.011278,"41":0.028195,"42":0.028195,"43":0.05639,"44":0.028195,"45":0.05639,"46":0.033834,"47":0.067668,"48":0.050751,"49":0.671041,"50":0.045112,"51":0.197365,"52":0.084585,"53":0.135336,"54":0.152253,"55":4.313835,"56":12.450912,"57":0.039473,"58":0.028195,"59":null},"firefox":{"2":null,"3":null,"3.5":null,"3.6":0.011278,"4":null,"5":null,"6":null,"7":null,"8":null,"9":null,"10":null,"11":null,"12":0.005639,"13":null,"14":null,"15":null,"16":0.016917,"17":null,"18":null,"19":null,"20":null,"21":null,"22":null,"23":null,"24":0.005639,"25":null,"26":null,"27":null,"28":0.005639,"29":0.005639,"30":0.005639,"31":0.045112,"32":null,"33":0.011278,"34":0.011278,"35":0.022556,"36":0.016917,"37":0.016917,"38":0.078946,"39":0.039473,"40":0.022556,"41":0.067668,"42":0.062029,"43":0.05639,"44":0.028195,"45":0.479315,"46":0.039473,"47":0.174809,"48":0.473676,"49":0.180448,"50":0.614651,"51":9.118263,"52":0.062029,"53":0.005639,"54":null},"opera":{"9":null,"9.5-9.6":null,"10.0-10.1":0,"10.5":null,"10.6":null,"11":null,"11.1":null,"11.5":null,"11.6":null,"12":null,"12.1":0.05639,"15":null,"16":null,"17":null,"18":null,"19":null,"20":null,"21":null,"22":null,"23":null,"24":null,"25":null,"26":null,"27":null,"28":null,"29":null,"30":null,"31":null,"32":null,"33":null,"34":null,"35":null,"36":0.016917,"37":null,"38":0.016917,"39":null,"40":null,"41":null,"42":0.135336,"43":0.236838,"44":null,"45":null},"safari":{"3.1":null,"3.2":null,"4":0.016917,"5":0.084585,"5.1":0.236838,"6":0.022556,"6.1":0.174809,"7":0.050751,"7.1":0.016917,"8":0.270672,"9":0.315784,"9.1":1.488696,"10":5.684112,"10.1":0.028195,"0":null},"ios_saf":{"3.2":0,"4.0-4.1":0,"4.2-4.3":0,"5.0-5.1":0,"6.0-6.1":0.134339159045,"7.0-7.1":0.59312006069,"8":0,"8.1-8.4":0.808569655385,"9.0-9.2":0.159686170186,"9.3":2.19251646366,"10.0-10.2":20.001326491},"android":{"2.1":0,"2.2":0,"2.3":0,"3":0,"4":0.0122375,"4.1":0.0367125,"4.2-4.3":0.11821425,"4.4":0.26114825,"4.4.3-4.4.4":0.1473395,"53":null},"ie":{"5.5":null,"6":0.0112995023832,"7":0.0169492535748,"8":0.124294526215,"9":0.192091540515,"10":0.225990047664,"11":11.2825531296},"op_mob":{"10":0,"11":0,"11.1":0,"11.5":0,"12":0,"12.1":0,"0":0.000238045851528},"edge":{"12":0.062029,"13":0.293228,"14":3.716101,"15":null},"bb":{"7":0.013083,"10":null},"ie_mob":{"10":0.0541102718447,"11":0.255520728155},"and_ff":{"0":0.069776},"and_qq":{"1.2":null},"samsung":{"0":5.272449},"and_uc":{"0":0.109025},"op_mini":{"0":0.108786954148},"and_chr":{"0":11.512961}},"total":97.128999}