{"id":"CI","name":"Cote d'Ivoire","month":"2017-02","access_date":"2017-03-03","data":{"chrome":{"4":0.003687,"5":null,"6":null,"7":null,"8":0.003687,"9":0.022122,"10":0.003687,"11":0.066366,"12":0.033183,"13":0.03687,"14":0.018435,"15":null,"16":0.033183,"17":0.025809,"18":0.025809,"19":0.007374,"20":0.003687,"21":0.029496,"22":0.007374,"23":0.018435,"24":0.011061,"25":0.014748,"26":0.070053,"27":0.066366,"28":0.070053,"29":0.077427,"30":0.070053,"31":0.180663,"32":0.132732,"33":0.084801,"34":0.014748,"35":0.040557,"36":0.232281,"37":0.014748,"38":0.040557,"39":0.033183,"40":0.03687,"41":0.022122,"42":0.022122,"43":0.534615,"44":0.062679,"45":0.066366,"46":0.114297,"47":0.103236,"48":0.062679,"49":3.675939,"50":0.07374,"51":0.081114,"52":0.066366,"53":0.519867,"54":0.22122,"55":3.742305,"56":12.701715,"57":0.040557,"58":0.044244,"59":null},"firefox":{"2":null,"3":0.025809,"3.5":0.003687,"3.6":0.011061,"4":0.003687,"5":null,"6":null,"7":null,"8":null,"9":null,"10":null,"11":0.011061,"12":0.007374,"13":0.003687,"14":0.003687,"15":0.007374,"16":0.014748,"17":0.007374,"18":0.003687,"19":0.018435,"20":0.018435,"21":0.007374,"22":0.007374,"23":0.003687,"24":0.011061,"25":0.003687,"26":0.014748,"27":0.018435,"28":null,"29":0.022122,"30":0.047931,"31":0.029496,"32":0.029496,"33":0.033183,"34":0.011061,"35":0.018435,"36":0.014748,"37":0.033183,"38":0.025809,"39":0.033183,"40":0.066366,"41":0.051618,"42":0.055305,"43":0.298647,"44":0.040557,"45":0.088488,"46":0.044244,"47":0.416631,"48":0.320769,"49":0.235968,"50":0.490371,"51":5.202357,"52":0.158541,"53":0.018435,"54":null},"opera":{"9":null,"9.5-9.6":null,"10.0-10.1":0,"10.5":null,"10.6":null,"11":null,"11.1":null,"11.5":null,"11.6":null,"12":0.003687,"12.1":0.003687,"15":null,"16":0.011061,"17":null,"18":null,"19":null,"20":0.003687,"21":null,"22":null,"23":null,"24":null,"25":null,"26":null,"27":null,"28":null,"29":null,"30":0.003687,"31":null,"32":null,"33":null,"34":0.003687,"35":0.007374,"36":0.058992,"37":0.044244,"38":null,"39":null,"40":0.011061,"41":0.025809,"42":0.254403,"43":0.3687,"44":0.007374,"45":null},"safari":{"3.1":null,"3.2":null,"4":0,"5":0.011061,"5.1":0.029496,"6":0.018435,"6.1":0.062679,"7":0.058992,"7.1":0.003687,"8":0.066366,"9":0.084801,"9.1":0.202785,"10":0.471936,"10.1":null,"0":null},"ios_saf":{"3.2":0,"4.0-4.1":0,"4.2-4.3":0,"5.0-5.1":0,"6.0-6.1":0.00706341262599,"7.0-7.1":0.0311856331034,"8":0,"8.1-8.4":0.0425137476923,"9.0-9.2":0.00839613198939,"9.3":0.115280224934,"10.0-10.2":1.05164884966},"android":{"2.1":0,"2.2":0,"2.3":0,"3":0,"4":0.140221938776,"4.1":0.420665816327,"4.2-4.3":1.35454392857,"4.4":2.99233617347,"4.4.3-4.4.4":1.68827214286,"53":null},"ie":{"5.5":null,"6":0.00762579512195,"7":0.00762579512195,"8":0.106761131707,"9":0.0152515902439,"10":0.0648192585366,"11":0.579560429268},"op_mob":{"10":0,"11":0,"11.1":0,"11.5":0,"12":0,"12.1":0,"0":0.0455208209607},"edge":{"12":0.106923,"13":0.088488,"14":0.379761,"15":null},"bb":{"7":0.053652,"10":null},"ie_mob":{"10":0.152223378641,"11":0.718832621359},"and_ff":{"0":0.675384},"and_qq":{"1.2":null},"samsung":{"0":1.4202},"and_uc":{"0":4.771872},"op_mini":{"0":20.803015179},"and_chr":{"0":25.439862}},"total":96.785901}