{"id":"CK","name":"Cook Islands","month":"2017-02","access_date":"2017-03-03","data":{"chrome":{"4":null,"5":null,"6":null,"7":null,"8":null,"9":null,"10":null,"11":null,"12":null,"13":null,"14":null,"15":null,"16":null,"17":null,"18":null,"19":null,"20":null,"21":null,"22":null,"23":null,"24":null,"25":null,"26":null,"27":null,"28":0.016647,"29":null,"30":null,"31":null,"32":0.005549,"33":null,"34":0.016647,"35":null,"36":null,"37":null,"38":null,"39":null,"40":0.011098,"41":0.022196,"42":null,"43":null,"44":null,"45":null,"46":null,"47":0.005549,"48":0.11098,"49":1.292917,"50":0.011098,"51":0.105431,"52":0.077686,"53":0.421724,"54":0.299646,"55":6.314762,"56":16.441687,"57":null,"58":0.011098,"59":null},"firefox":{"2":null,"3":null,"3.5":null,"3.6":null,"4":null,"5":0.044392,"6":null,"7":null,"8":null,"9":null,"10":null,"11":null,"12":null,"13":null,"14":null,"15":null,"16":null,"17":null,"18":null,"19":null,"20":0.038843,"21":0.005549,"22":null,"23":null,"24":null,"25":0.011098,"26":null,"27":null,"28":null,"29":0.027745,"30":null,"31":null,"32":0.005549,"33":0.038843,"34":null,"35":null,"36":0.005549,"37":0.027745,"38":0.122078,"39":null,"40":0.011098,"41":0.016647,"42":null,"43":0.094333,"44":0.005549,"45":0.066588,"46":null,"47":0.149823,"48":0.183117,"49":0.116529,"50":0.571547,"51":3.778869,"52":0.27745,"53":null,"54":null},"opera":{"9":null,"9.5-9.6":null,"10.0-10.1":0,"10.5":null,"10.6":null,"11":null,"11.1":null,"11.5":null,"11.6":null,"12":null,"12.1":null,"15":null,"16":null,"17":null,"18":null,"19":null,"20":null,"21":null,"22":null,"23":null,"24":null,"25":null,"26":null,"27":null,"28":0.005549,"29":null,"30":null,"31":null,"32":null,"33":null,"34":0.011098,"35":null,"36":0.016647,"37":null,"38":null,"39":null,"40":null,"41":null,"42":0.011098,"43":0.027745,"44":null,"45":null},"safari":{"3.1":null,"3.2":null,"4":0,"5":null,"5.1":null,"6":null,"6.1":null,"7":null,"7.1":null,"8":0.033294,"9":0.11098,"9.1":0.488312,"10":1.27627,"10.1":null,"0":null},"ios_saf":{"3.2":0,"4.0-4.1":0,"4.2-4.3":0,"5.0-5.1":0,"6.0-6.1":0.0660176097613,"7.0-7.1":0.291473975172,"8":0,"8.1-8.4":0.397351273846,"9.0-9.2":0.0784737625464,"9.3":1.07745721592,"10.0-10.2":9.82915016276},"android":{"2.1":0,"2.2":0,"2.3":0,"3":0,"4":0.0269732142857,"4.1":0.0809196428571,"4.2-4.3":0.26056125,"4.4":0.575608392857,"4.4.3-4.4.4":0.3247575,"53":null},"ie":{"5.5":null,"6":null,"7":null,"8":6.853015,"9":0.072137,"10":0.255254,"11":7.480052},"op_mob":{"10":0,"11":0,"11.1":0,"11.5":0,"12":0,"12.1":0,"0":0.000709598253275},"edge":{"12":0.088784,"13":0.482763,"14":1.032114,"15":null},"bb":{"7":0.030051,"10":null},"ie_mob":{"10":0.0918062912621,"11":0.433529708738},"and_ff":{"0":0.013356},"and_qq":{"1.2":null},"samsung":{"0":6.464304},"and_uc":{"0":0.204792},"op_mini":{"0":0.324286401747},"and_chr":{"0":25.401539}},"total":94.981886}