{"id":"CM","name":"Cameroon","month":"2017-02","access_date":"2017-03-03","data":{"chrome":{"4":0.002807,"5":0.008421,"6":null,"7":0.005614,"8":0.002807,"9":null,"10":0.005614,"11":0.053333,"12":0.011228,"13":0.011228,"14":0.005614,"15":0.002807,"16":0.011228,"17":null,"18":0.002807,"19":0.008421,"20":null,"21":0.002807,"22":null,"23":0.008421,"24":0.005614,"25":0.016842,"26":0.011228,"27":0.008421,"28":0.022456,"29":0.025263,"30":0.008421,"31":0.014035,"32":0.067368,"33":0.014035,"34":0.005614,"35":0.033684,"36":0.423857,"37":null,"38":0.016842,"39":0.025263,"40":0.025263,"41":0.005614,"42":0.008421,"43":0.174034,"44":0.008421,"45":0.064561,"46":0.033684,"47":0.014035,"48":0.016842,"49":0.564207,"50":0.044912,"51":0.075789,"52":0.047719,"53":0.317191,"54":0.087017,"55":1.861041,"56":5.959261,"57":0.030877,"58":0.02807,"59":null},"firefox":{"2":0.008421,"3":0.190876,"3.5":0.042105,"3.6":0.025263,"4":0.005614,"5":0.022456,"6":0.005614,"7":0.002807,"8":0.008421,"9":null,"10":0.008421,"11":0.019649,"12":0.022456,"13":0.008421,"14":0.008421,"15":0.011228,"16":0.02807,"17":0.016842,"18":0.016842,"19":0.008421,"20":0.025263,"21":0.02807,"22":0.014035,"23":0.014035,"24":0.02807,"25":0.039298,"26":0.033684,"27":0.011228,"28":0.016842,"29":0.061754,"30":0.075789,"31":0.047719,"32":0.030877,"33":0.044912,"34":0.044912,"35":0.064561,"36":0.042105,"37":0.087017,"38":0.137543,"39":0.053333,"40":0.08421,"41":0.137543,"42":0.08421,"43":0.575435,"44":0.151578,"45":0.174034,"46":0.109473,"47":0.634382,"48":0.479997,"49":0.508067,"50":0.788767,"51":6.79294,"52":0.395787,"53":0.058947,"54":null},"opera":{"9":null,"9.5-9.6":null,"10.0-10.1":0.033684,"10.5":null,"10.6":null,"11":0.002807,"11.1":null,"11.5":0.005614,"11.6":0.025263,"12":null,"12.1":0.016842,"15":null,"16":null,"17":null,"18":null,"19":0.005614,"20":0.002807,"21":null,"22":null,"23":null,"24":null,"25":null,"26":null,"27":null,"28":0.005614,"29":0.002807,"30":0.019649,"31":0.002807,"32":0.005614,"33":0.005614,"34":0.014035,"35":0.008421,"36":0.042105,"37":0.025263,"38":0.008421,"39":0.008421,"40":0.008421,"41":0.014035,"42":0.210525,"43":0.381752,"44":null,"45":null},"safari":{"3.1":null,"3.2":null,"4":0,"5":null,"5.1":0.016842,"6":0.014035,"6.1":null,"7":0.005614,"7.1":0.011228,"8":0.036491,"9":0.036491,"9.1":0.087017,"10":0.14035,"10.1":0.002807,"0":null},"ios_saf":{"3.2":0,"4.0-4.1":0,"4.2-4.3":0,"5.0-5.1":0,"6.0-6.1":0.00740108307692,"7.0-7.1":0.03267648,"8":0,"8.1-8.4":0.0445461415385,"9.0-9.2":0.00879751384615,"9.3":0.120791261538,"10.0-10.2":1.10192352},"android":{"2.1":0,"2.2":0,"2.3":0,"3":0,"4":0.17460170068,"4.1":0.523805102041,"4.2-4.3":1.68665242857,"4.4":3.72600029252,"4.4.3-4.4.4":2.10220447619,"53":null},"ie":{"5.5":null,"6":0.00569262745098,"7":0.0227705098039,"8":0.230551411765,"9":0.0370020784314,"10":0.0740041568627,"11":0.646113215686},"op_mob":{"10":0,"11":0,"11.1":0,"11.5":0,"12":0,"12.1":0,"0":0.0374988995633},"edge":{"12":0.101052,"13":0.11228,"14":0.258244,"15":null},"bb":{"7":0.066526,"10":null},"ie_mob":{"10":0.207380970874,"11":0.979299029126},"and_ff":{"0":0.158224},"and_qq":{"1.2":null},"samsung":{"0":1.165104},"and_uc":{"0":15.843976},"op_mini":{"0":17.1369971004},"and_chr":{"0":26.992362}},"total":97.357312}