{"id":"CN","name":"China","month":"2017-02","access_date":"2017-03-03","data":{"chrome":{"4":null,"5":null,"6":null,"7":null,"8":null,"9":null,"10":null,"11":0.12555,"12":0.0081,"13":null,"14":null,"15":null,"16":null,"17":0.04455,"18":0.01215,"19":null,"20":0.02025,"21":0.1215,"22":0.0081,"23":0.00405,"24":0.0081,"25":0.0081,"26":0.02025,"27":0.01215,"28":0.0081,"29":0.0405,"30":0.0324,"31":0.4779,"32":0.0162,"33":0.04455,"34":0.0243,"35":0.0162,"36":0.0324,"37":0.0162,"38":0.06075,"39":0.09315,"40":0.0162,"41":0.0324,"42":0.22275,"43":0.0405,"44":0.0648,"45":12.37275,"46":0.08505,"47":1.77795,"48":0.2592,"49":1.1745,"50":2.30445,"51":0.1701,"52":0.15795,"53":0.1782,"54":0.36045,"55":1.1097,"56":1.22715,"57":0.0648,"58":0.03645,"59":null},"firefox":{"2":null,"3":0.01215,"3.5":null,"3.6":0.00405,"4":0.01215,"5":null,"6":null,"7":null,"8":0.2835,"9":null,"10":null,"11":null,"12":null,"13":null,"14":null,"15":null,"16":null,"17":null,"18":null,"19":null,"20":null,"21":null,"22":null,"23":null,"24":null,"25":null,"26":null,"27":null,"28":null,"29":null,"30":null,"31":null,"32":null,"33":null,"34":null,"35":null,"36":null,"37":null,"38":0.01215,"39":null,"40":0.01215,"41":0.00405,"42":null,"43":0.0162,"44":0.00405,"45":0.0324,"46":0.0081,"47":0.03645,"48":0.0324,"49":0.0243,"50":0.08505,"51":1.0206,"52":0.0405,"53":null,"54":null},"opera":{"9":null,"9.5-9.6":null,"10.0-10.1":0,"10.5":null,"10.6":null,"11":null,"11.1":null,"11.5":null,"11.6":null,"12":null,"12.1":0.00405,"15":null,"16":null,"17":null,"18":null,"19":null,"20":null,"21":null,"22":null,"23":null,"24":null,"25":null,"26":null,"27":null,"28":null,"29":null,"30":null,"31":null,"32":null,"33":null,"34":null,"35":null,"36":0.00405,"37":null,"38":0.00405,"39":null,"40":null,"41":null,"42":0.0243,"43":0.03645,"44":null,"45":null},"safari":{"3.1":null,"3.2":null,"4":0.0081,"5":0.00405,"5.1":0.0081,"6":null,"6.1":0.00405,"7":0.00405,"7.1":null,"8":0.02835,"9":0.0324,"9.1":0.081,"10":0.39285,"10.1":0.0081,"0":null},"ios_saf":{"3.2":0,"4.0-4.1":0,"4.2-4.3":0,"5.0-5.1":0,"6.0-6.1":0.0515266843501,"7.0-7.1":0.227495172414,"8":0,"8.1-8.4":0.310132307692,"9.0-9.2":0.0612487002653,"9.3":0.840954376658,"10.0-10.2":7.67164275862},"android":{"2.1":0,"2.2":0,"2.3":0,"3":0,"4":0.0973958333333,"4.1":0.2921875,"4.2-4.3":0.94084375,"4.4":2.07842708333,"4.4.3-4.4.4":1.17264583333,"53":null},"ie":{"5.5":null,"6":0.209890691978,"7":0.0359812614819,"8":3.65809491733,"9":1.64314427434,"10":0.62367519902,"11":3.59212927128},"op_mob":{"10":0,"11":0,"11.1":0,"11.5":0,"12":0,"12.1":0,"0":5.19650655022e-5},"edge":{"12":0.0243,"13":0.10125,"14":0.6399,"15":null},"bb":{"7":0,"10":null},"ie_mob":{"10":0.00935825242718,"11":0.0441917475728},"and_ff":{"0":0.01785},"and_qq":{"1.2":null},"samsung":{"0":0.7497},"and_uc":{"0":7.70525},"op_mini":{"0":0.0237480349345},"and_chr":{"0":37.01445}},"total":95.0325156154}