{"id":"CO","name":"Colombia","month":"2017-02","access_date":"2017-03-03","data":{"chrome":{"4":null,"5":null,"6":null,"7":null,"8":null,"9":null,"10":null,"11":0.013548,"12":null,"13":null,"14":null,"15":null,"16":null,"17":null,"18":0.013548,"19":null,"20":null,"21":null,"22":0.088062,"23":null,"24":null,"25":0.006774,"26":0.040644,"27":null,"28":0.006774,"29":0.013548,"30":0.006774,"31":0.03387,"32":0.054192,"33":0.013548,"34":0.03387,"35":0.06774,"36":0.20322,"37":0.020322,"38":0.054192,"39":0.027096,"40":0.027096,"41":0.027096,"42":0.027096,"43":0.10161,"44":0.094836,"45":0.054192,"46":0.094836,"47":0.081288,"48":0.081288,"49":1.578342,"50":0.128706,"51":0.548694,"52":0.318378,"53":0.379344,"54":0.514824,"55":11.04162,"56":40.616904,"57":0.115158,"58":0.047418,"59":null},"firefox":{"2":null,"3":0.027096,"3.5":null,"3.6":0.006774,"4":null,"5":null,"6":null,"7":null,"8":null,"9":null,"10":null,"11":null,"12":null,"13":null,"14":null,"15":null,"16":null,"17":null,"18":null,"19":null,"20":null,"21":null,"22":null,"23":null,"24":null,"25":null,"26":null,"27":null,"28":0.006774,"29":null,"30":null,"31":0.006774,"32":null,"33":null,"34":0.006774,"35":null,"36":null,"37":0.020322,"38":0.020322,"39":0.020322,"40":0.013548,"41":0.006774,"42":0.013548,"43":0.040644,"44":0.013548,"45":0.081288,"46":0.020322,"47":0.155802,"48":0.128706,"49":0.054192,"50":0.196446,"51":2.838306,"52":0.020322,"53":0.006774,"54":null},"opera":{"9":null,"9.5-9.6":null,"10.0-10.1":0,"10.5":null,"10.6":null,"11":null,"11.1":null,"11.5":null,"11.6":null,"12":null,"12.1":0.006774,"15":null,"16":null,"17":null,"18":null,"19":null,"20":null,"21":null,"22":null,"23":null,"24":null,"25":null,"26":null,"27":null,"28":null,"29":null,"30":null,"31":null,"32":null,"33":null,"34":null,"35":null,"36":null,"37":null,"38":0.020322,"39":null,"40":null,"41":null,"42":0.108384,"43":0.209994,"44":null,"45":null},"safari":{"3.1":null,"3.2":null,"4":0,"5":0.006774,"5.1":0.027096,"6":0.006774,"6.1":0.020322,"7":0.020322,"7.1":null,"8":0.155802,"9":0.176124,"9.1":0.616434,"10":1.76124,"10.1":0.006774,"0":null},"ios_saf":{"3.2":0,"4.0-4.1":0,"4.2-4.3":0,"5.0-5.1":0,"6.0-6.1":0.0150388076393,"7.0-7.1":0.0663977544828,"8":0,"8.1-8.4":0.0905165969231,"9.0-9.2":0.0178763185146,"9.3":0.245444690716,"10.0-10.2":2.23907983172},"android":{"2.1":0,"2.2":0,"2.3":0,"3":0,"4":0.0539724064626,"4.1":0.161917219388,"4.2-4.3":0.521373446429,"4.4":1.15177115391,"4.4.3-4.4.4":0.64982777381,"53":null},"ie":{"5.5":null,"6":null,"7":null,"8":0.27263030137,"9":0.104857808219,"10":0.118838849315,"11":1.0345970411},"op_mob":{"10":0,"11":0,"11.1":0,"11.5":0,"12":0,"12.1":0,"0":0.000633930131004},"edge":{"12":0.054192,"13":0.128706,"14":0.57579,"15":null},"bb":{"7":0.0298405,"10":null},"ie_mob":{"10":0.0964041553398,"11":0.45524184466},"and_ff":{"0":0.01613},"and_qq":{"1.2":null},"samsung":{"0":1.16136},"and_uc":{"0":0.98393},"op_mini":{"0":0.289706069869},"and_chr":{"0":24.874624}},"total":98.8356605}