{"id":"CR","name":"Costa Rica","month":"2017-02","access_date":"2017-03-03","data":{"chrome":{"4":null,"5":null,"6":null,"7":null,"8":null,"9":null,"10":null,"11":0.010736,"12":null,"13":null,"14":null,"15":null,"16":null,"17":null,"18":null,"19":null,"20":null,"21":null,"22":0.010736,"23":null,"24":null,"25":null,"26":null,"27":0.010736,"28":null,"29":0.010736,"30":null,"31":0.010736,"32":0.096624,"33":0.010736,"34":0.010736,"35":0.123464,"36":0.209352,"37":0.02684,"38":0.032208,"39":0.032208,"40":0.010736,"41":0.021472,"42":0.005368,"43":0.08052,"44":0.091256,"45":0.02684,"46":0.037576,"47":0.123464,"48":0.064416,"49":1.068232,"50":0.069784,"51":0.139568,"52":0.1342,"53":0.166408,"54":0.305976,"55":7.86412,"56":25.261808,"57":0.042944,"58":0.02684,"59":null},"firefox":{"2":null,"3":0.005368,"3.5":null,"3.6":0.005368,"4":null,"5":null,"6":null,"7":null,"8":null,"9":null,"10":null,"11":null,"12":null,"13":null,"14":null,"15":null,"16":0.010736,"17":null,"18":null,"19":null,"20":null,"21":null,"22":null,"23":null,"24":null,"25":null,"26":null,"27":null,"28":0.005368,"29":0.010736,"30":null,"31":null,"32":null,"33":0.010736,"34":0.010736,"35":0.016104,"36":0.021472,"37":0.010736,"38":0.05368,"39":0.016104,"40":0.010736,"41":0.016104,"42":0.010736,"43":0.042944,"44":0.021472,"45":0.155672,"46":0.02684,"47":0.166408,"48":0.2684,"49":0.096624,"50":0.273768,"51":5.351896,"52":0.042944,"53":0.016104,"54":null},"opera":{"9":null,"9.5-9.6":null,"10.0-10.1":0,"10.5":null,"10.6":null,"11":null,"11.1":null,"11.5":null,"11.6":null,"12":0.005368,"12.1":0.010736,"15":null,"16":null,"17":null,"18":null,"19":null,"20":null,"21":null,"22":null,"23":null,"24":null,"25":null,"26":null,"27":0.042944,"28":null,"29":0.037576,"30":null,"31":null,"32":null,"33":0.021472,"34":0.005368,"35":null,"36":0.005368,"37":0.02684,"38":0.010736,"39":0.010736,"40":null,"41":null,"42":0.096624,"43":0.177144,"44":null,"45":null},"safari":{"3.1":null,"3.2":null,"4":0.005368,"5":0.032208,"5.1":0.048312,"6":null,"6.1":0.048312,"7":0.021472,"7.1":0.016104,"8":0.311344,"9":0.359656,"9.1":1.068232,"10":3.660976,"10.1":0.010736,"0":null},"ios_saf":{"3.2":0,"4.0-4.1":0,"4.2-4.3":0,"5.0-5.1":0,"6.0-6.1":0.0374560475332,"7.0-7.1":0.165371983448,"8":0,"8.1-8.4":0.225443003077,"9.0-9.2":0.044523226313,"9.3":0.611310964456,"10.0-10.2":5.57671077517},"android":{"2.1":0,"2.2":0,"2.3":0,"3":0,"4":0.10920255102,"4.1":0.327607653061,"4.2-4.3":1.05489664286,"4.4":2.33038243878,"4.4.3-4.4.4":1.31479871429,"53":null},"ie":{"5.5":null,"6":null,"7":null,"8":0.164618666667,"9":0.0987712,"10":0.142669511111,"11":1.81629262222},"op_mob":{"10":0,"11":0,"11.1":0,"11.5":0,"12":0,"12.1":0,"0":0.00420723144105},"edge":{"12":0.08052,"13":0.220088,"14":1.014552,"15":null},"bb":{"7":0.003474,"10":null},"ie_mob":{"10":0.0712338640777,"11":0.336382135922},"and_ff":{"0":0.02316},"and_qq":{"1.2":null},"samsung":{"0":5.563032},"and_uc":{"0":0.352032},"op_mini":{"0":1.92270476856},"and_chr":{"0":26.636736}},"total":99.096978}