{"id":"CU","name":"Cuba","month":"2017-02","access_date":"2017-03-03","data":{"chrome":{"4":null,"5":null,"6":null,"7":null,"8":null,"9":null,"10":null,"11":0.023745,"12":null,"13":null,"14":null,"15":null,"16":null,"17":null,"18":null,"19":null,"20":null,"21":null,"22":0.01583,"23":0.01583,"24":0.007915,"25":0.023745,"26":0.007915,"27":0.01583,"28":0.023745,"29":0.04749,"30":0.04749,"31":0.071235,"32":0.039575,"33":0.071235,"34":0.06332,"35":0.07915,"36":0.071235,"37":0.039575,"38":0.150385,"39":0.09498,"40":0.03166,"41":0.023745,"42":0.07915,"43":0.039575,"44":0.04749,"45":0.07915,"46":0.44324,"47":0.07915,"48":0.102895,"49":0.37992,"50":0.087065,"51":0.150385,"52":0.14247,"53":0.23745,"54":0.688605,"55":1.55134,"56":3.34013,"57":0.007915,"58":0.03166,"59":null},"firefox":{"2":0.01583,"3":0.01583,"3.5":0.039575,"3.6":0.150385,"4":0.039575,"5":0.023745,"6":0.03166,"7":0.055405,"8":0.07915,"9":0.102895,"10":0.292855,"11":0.055405,"12":0.30077,"13":0.03166,"14":0.03166,"15":0.07915,"16":0.20579,"17":0.482815,"18":0.071235,"19":0.11081,"20":0.11081,"21":0.11081,"22":0.09498,"23":0.49073,"24":0.44324,"25":0.656945,"26":0.83899,"27":0.26911,"28":0.06332,"29":0.356175,"30":0.419495,"31":0.34826,"32":2.619865,"33":0.68069,"34":1.45636,"35":0.751925,"36":0.799415,"37":2.366585,"38":1.15559,"39":0.831075,"40":2.065815,"41":1.67798,"42":1.17142,"43":2.493225,"44":0.88648,"45":3.791285,"46":2.414075,"47":4.250355,"48":2.968125,"49":3.08685,"50":5.82544,"51":18.15701,"52":0.340345,"53":0.09498,"54":0.039575},"opera":{"9":null,"9.5-9.6":null,"10.0-10.1":0.007915,"10.5":null,"10.6":0.01583,"11":null,"11.1":null,"11.5":null,"11.6":0.04749,"12":null,"12.1":0.01583,"15":null,"16":null,"17":null,"18":null,"19":null,"20":0.007915,"21":null,"22":null,"23":null,"24":null,"25":null,"26":null,"27":null,"28":0.01583,"29":null,"30":null,"31":0.007915,"32":null,"33":null,"34":0.007915,"35":0.007915,"36":0.03166,"37":0.023745,"38":0.023745,"39":null,"40":null,"41":0.023745,"42":0.102895,"43":0.1583,"44":null,"45":null},"safari":{"3.1":null,"3.2":null,"4":0,"5":null,"5.1":null,"6":null,"6.1":null,"7":null,"7.1":null,"8":0.007915,"9":0.01583,"9.1":0.04749,"10":0.17413,"10.1":null,"0":null},"ios_saf":{"3.2":0,"4.0-4.1":0,"4.2-4.3":0,"5.0-5.1":0,"6.0-6.1":0.00857484328912,"7.0-7.1":0.037858742069,"8":0,"8.1-8.4":0.0516108492308,"9.0-9.2":0.0101927382493,"9.3":0.139947914058,"10.0-10.2":1.2766809131},"android":{"2.1":0,"2.2":0,"2.3":0,"3":0,"4":0.0395116071429,"4.1":0.118534821429,"4.2-4.3":0.381682125,"4.4":0.843177696429,"4.4.3-4.4.4":0.47571975,"53":null},"ie":{"5.5":null,"6":0.01583,"7":0.01583,"8":0.64903,"9":0.11081,"10":0.229535,"11":0.910225},"op_mob":{"10":0,"11":0,"11.1":0,"11.5":0,"12":0,"12.1":0,"0":0.00100200873362},"edge":{"12":0.07915,"13":0.1583,"14":0.1583,"15":null},"bb":{"7":0.0067795,"10":null},"ie_mob":{"10":0.0204144466019,"11":0.0964015533981},"and_ff":{"0":2.219504},"and_qq":{"1.2":null},"samsung":{"0":0.965818},"and_uc":{"0":0.60494},"op_mini":{"0":0.457917991266},"and_chr":{"0":13.364101}},"total":98.9881405}