{"id":"CX","name":"Christmas Island","month":"2017-02","access_date":"2017-03-03","data":{"chrome":{"4":null,"5":null,"6":null,"7":null,"8":null,"9":null,"10":null,"11":null,"12":null,"13":null,"14":null,"15":null,"16":null,"17":null,"18":null,"19":null,"20":null,"21":null,"22":null,"23":null,"24":null,"25":null,"26":null,"27":0.241135,"28":null,"29":null,"30":null,"31":0.241135,"32":null,"33":null,"34":0.11641,"35":null,"36":null,"37":null,"38":null,"39":null,"40":null,"41":0.357545,"42":null,"43":null,"44":null,"45":null,"46":null,"47":null,"48":null,"49":null,"50":1.79604,"51":null,"52":0.71509,"53":0.839815,"54":4.066035,"55":8.123755,"56":15.291285,"57":null,"58":null,"59":null},"firefox":{"2":null,"3":null,"3.5":null,"3.6":null,"4":null,"5":null,"6":null,"7":null,"8":null,"9":null,"10":null,"11":null,"12":null,"13":null,"14":null,"15":null,"16":null,"17":null,"18":null,"19":null,"20":null,"21":0.357545,"22":null,"23":0.11641,"24":null,"25":0.473955,"26":null,"27":null,"28":null,"29":null,"30":null,"31":0.11641,"32":null,"33":null,"34":null,"35":null,"36":null,"37":0.241135,"38":null,"39":null,"40":null,"41":null,"42":4.182445,"43":null,"44":null,"45":0.357545,"46":4.6564,"47":0.357545,"48":0.11641,"49":1.43018,"50":5.13867,"51":11.466385,"52":null,"53":null,"54":null},"opera":{"9":null,"9.5-9.6":null,"10.0-10.1":0,"10.5":null,"10.6":null,"11":null,"11.1":null,"11.5":null,"11.6":0.11641,"12":null,"12.1":0.71509,"15":null,"16":null,"17":null,"18":null,"19":null,"20":null,"21":null,"22":null,"23":null,"24":null,"25":null,"26":null,"27":null,"28":1.072635,"29":null,"30":null,"31":null,"32":null,"33":null,"34":null,"35":null,"36":null,"37":null,"38":null,"39":null,"40":null,"41":null,"42":null,"43":null,"44":null,"45":null},"safari":{"3.1":null,"3.2":null,"4":0.241135,"5":null,"5.1":null,"6":null,"6.1":null,"7":null,"7.1":null,"8":null,"9":null,"9.1":null,"10":0.71509,"10.1":null,"0":null},"ios_saf":{"3.2":0,"4.0-4.1":0,"4.2-4.3":0,"5.0-5.1":0,"6.0-6.1":0.0113636498674,"7.0-7.1":0.0501715862069,"8":0,"8.1-8.4":0.0683963076923,"9.0-9.2":0.013507734748,"9.3":0.185463342175,"10.0-10.2":1.69189737931},"android":{"2.1":0,"2.2":0,"2.3":0,"3":0,"4":0.0143197278912,"4.1":0.0429591836735,"4.2-4.3":0.138328571429,"4.4":0.305582993197,"4.4.3-4.4.4":0.17240952381,"53":null},"ie":{"5.5":null,"6":null,"7":null,"8":0.59868,"9":3.94131,"10":0.59868,"11":5.97017},"op_mob":{"10":0,"11":0,"11.1":0,"11.5":0,"12":0,"12.1":0,"0":0},"edge":{"12":7.28394,"13":null,"14":0.241135,"15":null},"bb":{"7":0.1684,"10":null},"ie_mob":{"10":0.871102135922,"11":4.11353786408},"and_ff":{"0":null},"and_qq":{"1.2":null},"samsung":{"0":0.53888},"and_uc":{"0":null},"op_mini":{"0":0},"and_chr":{"0":8.66357}},"total":99.343445}