{"id":"CY","name":"Cyprus","month":"2017-02","access_date":"2017-03-03","data":{"chrome":{"4":null,"5":null,"6":null,"7":null,"8":null,"9":null,"10":null,"11":0.011502,"12":null,"13":null,"14":null,"15":null,"16":null,"17":null,"18":null,"19":null,"20":null,"21":null,"22":0.034506,"23":null,"24":null,"25":null,"26":0.017253,"27":null,"28":null,"29":null,"30":0.034506,"31":0.017253,"32":0.011502,"33":0.011502,"34":0.017253,"35":0.023004,"36":0.092016,"37":0.011502,"38":0.069012,"39":0.028755,"40":0.034506,"41":0.023004,"42":0.442827,"43":0.11502,"44":0.046008,"45":0.017253,"46":0.017253,"47":0.034506,"48":0.051759,"49":2.467179,"50":0.069012,"51":0.362313,"52":0.500337,"53":0.253044,"54":0.138024,"55":8.011143,"56":26.184303,"57":0.063261,"58":0.051759,"59":null},"firefox":{"2":null,"3":null,"3.5":null,"3.6":0.005751,"4":null,"5":null,"6":null,"7":null,"8":null,"9":null,"10":null,"11":null,"12":null,"13":null,"14":null,"15":null,"16":null,"17":null,"18":null,"19":null,"20":null,"21":null,"22":null,"23":null,"24":null,"25":null,"26":0.063261,"27":null,"28":null,"29":null,"30":null,"31":0.005751,"32":null,"33":null,"34":null,"35":0.046008,"36":null,"37":null,"38":0.046008,"39":0.023004,"40":0.005751,"41":0.017253,"42":0.011502,"43":0.040257,"44":0.005751,"45":0.051759,"46":0.023004,"47":0.166779,"48":0.155277,"49":0.05751,"50":0.218538,"51":5.52096,"52":0.069012,"53":0.005751,"54":null},"opera":{"9":null,"9.5-9.6":null,"10.0-10.1":0,"10.5":null,"10.6":null,"11":null,"11.1":null,"11.5":null,"11.6":null,"12":null,"12.1":null,"15":null,"16":null,"17":null,"18":null,"19":null,"20":null,"21":null,"22":null,"23":null,"24":null,"25":null,"26":null,"27":null,"28":null,"29":null,"30":null,"31":null,"32":null,"33":null,"34":null,"35":null,"36":0.017253,"37":null,"38":0.028755,"39":null,"40":0.011502,"41":null,"42":0.149526,"43":0.34506,"44":null,"45":null},"safari":{"3.1":null,"3.2":null,"4":0,"5":0.028755,"5.1":0.063261,"6":0.011502,"6.1":0.05751,"7":0.017253,"7.1":0.017253,"8":0.103518,"9":0.126522,"9.1":0.488835,"10":1.754055,"10.1":0.005751,"0":null},"ios_saf":{"3.2":0,"4.0-4.1":0,"4.2-4.3":0,"5.0-5.1":0,"6.0-6.1":0.0487667986207,"7.0-7.1":0.215310016552,"8":0,"8.1-8.4":0.29352092,"9.0-9.2":0.0579680813793,"9.3":0.795910958621,"10.0-10.2":7.26073222483},"android":{"2.1":0,"2.2":0,"2.3":0,"3":0,"4":0.0371245535714,"4.1":0.111373660714,"4.2-4.3":0.3586231875,"4.4":0.792237973214,"4.4.3-4.4.4":0.446979625,"53":null},"ie":{"5.5":null,"6":null,"7":0.034506,"8":0.793638,"9":0.109269,"10":0.109269,"11":3.703644},"op_mob":{"10":0,"11":0,"11.1":0,"11.5":0,"12":0,"12.1":0,"0":0.000677242358079},"edge":{"12":0.034506,"13":0.218538,"14":2.179629,"15":null},"bb":{"7":0.00956025,"10":null},"ie_mob":{"10":0.0460377087379,"11":0.217400291262},"and_ff":{"0":0.012747},"and_qq":{"1.2":null},"samsung":{"0":5.171033},"and_uc":{"0":1.865311},"op_mini":{"0":0.309499757642},"and_chr":{"0":24.619854}},"total":98.88094225}