{"id":"CZ","name":"Czech Republic","month":"2017-02","access_date":"2017-03-03","data":{"chrome":{"4":null,"5":null,"6":null,"7":null,"8":null,"9":null,"10":null,"11":0.025614,"12":0.008538,"13":null,"14":null,"15":null,"16":null,"17":null,"18":0.017076,"19":null,"20":0.008538,"21":null,"22":0.068304,"23":null,"24":null,"25":null,"26":0.017076,"27":0.008538,"28":null,"29":0.017076,"30":null,"31":0.025614,"32":0.017076,"33":null,"34":0.307368,"35":null,"36":0.017076,"37":0.04269,"38":0.025614,"39":0.04269,"40":0.017076,"41":0.017076,"42":0.008538,"43":0.879414,"44":0.034152,"45":0.034152,"46":0.017076,"47":0.307368,"48":0.068304,"49":2.322336,"50":0.145146,"51":0.68304,"52":0.08538,"53":0.520818,"54":0.452514,"55":11.278698,"56":25.494468,"57":0.102456,"58":0.051228,"59":null},"firefox":{"2":null,"3":null,"3.5":null,"3.6":0.017076,"4":null,"5":null,"6":null,"7":null,"8":null,"9":0.008538,"10":null,"11":null,"12":0.008538,"13":null,"14":null,"15":null,"16":null,"17":null,"18":null,"19":0.008538,"20":0.008538,"21":null,"22":null,"23":null,"24":0.076842,"25":0.017076,"26":0.221988,"27":null,"28":0.008538,"29":0.008538,"30":0.008538,"31":0.025614,"32":null,"33":0.017076,"34":0.008538,"35":0.008538,"36":0.017076,"37":0.017076,"38":0.068304,"39":0.025614,"40":0.017076,"41":0.025614,"42":0.034152,"43":0.08538,"44":0.034152,"45":0.631812,"46":0.068304,"47":0.742806,"48":0.51228,"49":0.367134,"50":2.81754,"51":14.198694,"52":0.503742,"53":0.230526,"54":null},"opera":{"9":null,"9.5-9.6":null,"10.0-10.1":0,"10.5":null,"10.6":null,"11":null,"11.1":null,"11.5":null,"11.6":null,"12":0.008538,"12.1":0.204912,"15":null,"16":null,"17":null,"18":null,"19":null,"20":null,"21":null,"22":null,"23":null,"24":null,"25":null,"26":null,"27":null,"28":0.008538,"29":null,"30":null,"31":null,"32":null,"33":null,"34":null,"35":null,"36":0.145146,"37":0.008538,"38":0.059766,"39":null,"40":null,"41":0.008538,"42":2.117424,"43":1.66491,"44":null,"45":null},"safari":{"3.1":null,"3.2":null,"4":0.008538,"5":0.008538,"5.1":0.025614,"6":null,"6.1":0.017076,"7":null,"7.1":null,"8":0.04269,"9":0.332982,"9.1":0.25614,"10":1.784442,"10.1":0.017076,"0":null},"ios_saf":{"3.2":0,"4.0-4.1":0,"4.2-4.3":0,"5.0-5.1":0,"6.0-6.1":0.0162206767109,"7.0-7.1":0.071615817931,"8":0,"8.1-8.4":0.0976301107692,"9.0-9.2":0.0192811817507,"9.3":0.264733685942,"10.0-10.2":2.4150445269},"android":{"2.1":0,"2.2":0,"2.3":0,"3":0,"4":0.0200154761905,"4.1":0.0600464285714,"4.2-4.3":0.1933495,"4.4":0.427130261905,"4.4.3-4.4.4":0.240986333333,"53":null},"ie":{"5.5":null,"6":null,"7":0.0086404969988,"8":0.276495903962,"9":0.164169442977,"10":0.155528945978,"11":6.59269921008},"op_mob":{"10":0,"11":0,"11.1":0,"11.5":0,"12":0,"12.1":0,"0":0.000718231441048},"edge":{"12":0.307368,"13":0.38421,"14":2.706546,"15":null},"bb":{"7":0.012427,"10":null},"ie_mob":{"10":0.0554424466019,"11":0.261811553398},"and_ff":{"0":0.01462},"and_qq":{"1.2":null},"samsung":{"0":1.033634},"and_uc":{"0":0.084796},"op_mini":{"0":0.328231768559},"and_chr":{"0":9.032116}},"total":95.982839}