{"id":"DE","name":"Germany","month":"2017-02","access_date":"2017-03-03","data":{"chrome":{"4":null,"5":null,"6":null,"7":null,"8":null,"9":null,"10":null,"11":0.019014,"12":null,"13":null,"14":null,"15":null,"16":null,"17":null,"18":0.019014,"19":null,"20":null,"21":0.006338,"22":0.038028,"23":null,"24":0.006338,"25":null,"26":0.019014,"27":null,"28":0.006338,"29":0.012676,"30":0.006338,"31":0.019014,"32":0.019014,"33":0.019014,"34":0.044366,"35":0.019014,"36":0.03169,"37":0.272534,"38":0.038028,"39":0.057042,"40":0.03169,"41":0.088732,"42":0.044366,"43":0.114084,"44":0.044366,"45":0.057042,"46":0.03169,"47":0.044366,"48":0.09507,"49":0.646476,"50":0.101408,"51":0.519716,"52":0.145774,"53":0.183802,"54":0.354928,"55":4.614064,"56":13.303462,"57":0.069718,"58":0.038028,"59":null},"firefox":{"2":0.006338,"3":0.012676,"3.5":null,"3.6":0.025352,"4":null,"5":null,"6":null,"7":null,"8":null,"9":0.012676,"10":0.012676,"11":null,"12":0.019014,"13":null,"14":null,"15":null,"16":0.012676,"17":0.006338,"18":0.006338,"19":null,"20":0.006338,"21":0.006338,"22":0.006338,"23":null,"24":0.03169,"25":0.006338,"26":0.025352,"27":0.012676,"28":0.03169,"29":0.019014,"30":0.019014,"31":0.038028,"32":0.012676,"33":0.044366,"34":0.03169,"35":0.038028,"36":0.050704,"37":0.044366,"38":0.513378,"39":0.088732,"40":0.101408,"41":0.139436,"42":0.215492,"43":0.15845,"44":0.050704,"45":0.811264,"46":0.107746,"47":0.449998,"48":0.785912,"49":0.278872,"50":1.305628,"51":17.283726,"52":0.164788,"53":0.025352,"54":0.006338},"opera":{"9":null,"9.5-9.6":null,"10.0-10.1":0,"10.5":null,"10.6":null,"11":null,"11.1":null,"11.5":null,"11.6":0.006338,"12":0.006338,"12.1":0.228168,"15":null,"16":null,"17":null,"18":null,"19":null,"20":null,"21":null,"22":null,"23":null,"24":null,"25":null,"26":null,"27":null,"28":0.012676,"29":null,"30":null,"31":0.006338,"32":null,"33":null,"34":null,"35":null,"36":0.057042,"37":0.006338,"38":0.057042,"39":0.006338,"40":null,"41":0.006338,"42":0.41197,"43":0.747884,"44":0.006338,"45":null},"safari":{"3.1":null,"3.2":null,"4":0.019014,"5":0.044366,"5.1":0.120422,"6":0.006338,"6.1":0.069718,"7":0.038028,"7.1":0.006338,"8":0.145774,"9":0.171126,"9.1":0.690842,"10":3.054916,"10.1":0.025352,"0":null},"ios_saf":{"3.2":0,"4.0-4.1":0,"4.2-4.3":0,"5.0-5.1":0,"6.0-6.1":0.058895062069,"7.0-7.1":0.260027255172,"8":0,"8.1-8.4":0.3544816,"9.0-9.2":0.070007337931,"9.3":0.961211862069,"10.0-10.2":8.76869688276},"android":{"2.1":0,"2.2":0,"2.3":0,"3":0,"4":0.0319957908163,"4.1":0.095987372449,"4.2-4.3":0.309079339286,"4.4":0.68279017602,"4.4.3-4.4.4":0.385229321429,"53":null},"ie":{"5.5":null,"6":0.0448148971332,"7":0.0256085126476,"8":0.256085126476,"9":0.230476613828,"10":0.390529817875,"11":6.64540903204},"op_mob":{"10":0,"11":0,"11.1":0,"11.5":0,"12":0,"12.1":0,"0":0.000679628820961},"edge":{"12":0.088732,"13":0.272534,"14":3.276746,"15":null},"bb":{"7":0.010986,"10":null},"ie_mob":{"10":0.079355184466,"11":0.374732815534},"and_ff":{"0":0.095212},"and_qq":{"1.2":null},"samsung":{"0":6.346246},"and_uc":{"0":0.38451},"op_mini":{"0":0.310590371179},"and_chr":{"0":16.91886}},"total":97.889442}