{"id":"DJ","name":"Djibouti","month":"2017-02","access_date":"2017-03-03","data":{"chrome":{"4":null,"5":0.004478,"6":0.013434,"7":null,"8":null,"9":0.013434,"10":null,"11":0.031346,"12":null,"13":null,"14":null,"15":0.035824,"16":null,"17":null,"18":null,"19":null,"20":0.004478,"21":0.008956,"22":null,"23":0.004478,"24":null,"25":0.017912,"26":null,"27":null,"28":null,"29":0.008956,"30":0.049258,"31":0.02239,"32":null,"33":0.031346,"34":null,"35":null,"36":1.45535,"37":0.004478,"38":0.004478,"39":0.004478,"40":0.026868,"41":0.017912,"42":null,"43":0.519448,"44":0.344806,"45":0.456756,"46":0.049258,"47":0.031346,"48":0.040302,"49":0.980682,"50":0.035824,"51":0.094038,"52":0.06717,"53":0.349284,"54":0.183598,"55":5.48555,"56":19.125538,"57":0.120906,"58":0.308982,"59":null},"firefox":{"2":0.008956,"3":0.008956,"3.5":null,"3.6":0.031346,"4":null,"5":null,"6":null,"7":null,"8":null,"9":0.013434,"10":0.017912,"11":0.013434,"12":0.017912,"13":0.004478,"14":null,"15":0.053736,"16":0.004478,"17":null,"18":0.004478,"19":null,"20":0.004478,"21":null,"22":null,"23":0.013434,"24":0.013434,"25":0.02239,"26":null,"27":null,"28":null,"29":0.026868,"30":0.013434,"31":0.004478,"32":null,"33":0.013434,"34":0.062692,"35":0.004478,"36":0.026868,"37":0.026868,"38":0.013434,"39":0.040302,"40":0.026868,"41":0.049258,"42":null,"43":0.15673,"44":0.049258,"45":0.11195,"46":0.04478,"47":0.35824,"48":0.085082,"49":0.116428,"50":0.259724,"51":6.116948,"52":0.49258,"53":0.004478,"54":null},"opera":{"9":null,"9.5-9.6":null,"10.0-10.1":0,"10.5":null,"10.6":null,"11":null,"11.1":null,"11.5":null,"11.6":null,"12":null,"12.1":0.008956,"15":null,"16":null,"17":null,"18":null,"19":null,"20":null,"21":null,"22":0.013434,"23":null,"24":null,"25":null,"26":null,"27":null,"28":null,"29":null,"30":null,"31":0.031346,"32":null,"33":null,"34":null,"35":null,"36":0.013434,"37":null,"38":null,"39":null,"40":0.013434,"41":null,"42":0.250768,"43":0.282114,"44":null,"45":null},"safari":{"3.1":null,"3.2":null,"4":0,"5":null,"5.1":null,"6":null,"6.1":0.049258,"7":0.008956,"7.1":0.008956,"8":0.02239,"9":0.040302,"9.1":0.120906,"10":0.729914,"10.1":0.004478,"0":null},"ios_saf":{"3.2":0,"4.0-4.1":0,"4.2-4.3":0,"5.0-5.1":0,"6.0-6.1":0.0162402459416,"7.0-7.1":0.071702217931,"8":0,"8.1-8.4":0.0977478953846,"9.0-9.2":0.0193044432891,"9.3":0.265053070557,"10.0-10.2":2.4179581269},"android":{"2.1":0,"2.2":0,"2.3":0,"3":0,"4":0.160706164966,"4.1":0.482118494898,"4.2-4.3":1.55242155357,"4.4":3.42946956037,"4.4.3-4.4.4":1.93490222619,"53":null},"ie":{"5.5":null,"6":null,"7":0.017912,"8":0.210466,"9":0.031346,"10":0.094038,"11":2.521114},"op_mob":{"10":0,"11":0,"11.1":0,"11.5":0,"12":0,"12.1":0,"0":0.0100674017467},"edge":{"12":0.098516,"13":0.129862,"14":0.662744,"15":null},"bb":{"7":0.0069025,"10":null},"ie_mob":{"10":0.10711607767,"11":0.50582592233},"and_ff":{"0":0.016566},"and_qq":{"1.2":null},"samsung":{"0":3.412596},"and_uc":{"0":5.96376},"op_mini":{"0":4.60080259825},"and_chr":{"0":29.7566}},"total":98.4838825}