{"id":"DK","name":"Denmark","month":"2017-02","access_date":"2017-03-03","data":{"chrome":{"4":null,"5":null,"6":null,"7":null,"8":null,"9":null,"10":null,"11":null,"12":null,"13":null,"14":null,"15":null,"16":null,"17":null,"18":null,"19":null,"20":null,"21":null,"22":0.012524,"23":null,"24":null,"25":null,"26":null,"27":null,"28":null,"29":0.012524,"30":null,"31":0.018786,"32":0.025048,"33":null,"34":0.025048,"35":0.025048,"36":0.056358,"37":0.012524,"38":0.03131,"39":0.037572,"40":0.012524,"41":0.043834,"42":0.025048,"43":0.068882,"44":0.03131,"45":0.025048,"46":0.03131,"47":0.025048,"48":0.037572,"49":0.707606,"50":0.068882,"51":0.369458,"52":0.137764,"53":0.15655,"54":0.294314,"55":8.816896,"56":24.01477,"57":0.075144,"58":0.025048,"59":null},"firefox":{"2":null,"3":null,"3.5":null,"3.6":null,"4":null,"5":null,"6":null,"7":null,"8":null,"9":null,"10":null,"11":null,"12":null,"13":null,"14":null,"15":null,"16":null,"17":null,"18":null,"19":null,"20":null,"21":null,"22":null,"23":null,"24":null,"25":null,"26":null,"27":null,"28":null,"29":null,"30":null,"31":null,"32":null,"33":0.006262,"34":null,"35":null,"36":0.050096,"37":0.012524,"38":0.018786,"39":0.006262,"40":0.012524,"41":0.006262,"42":0.012524,"43":0.03131,"44":0.006262,"45":0.131502,"46":0.018786,"47":0.131502,"48":0.169074,"49":0.06262,"50":0.269266,"51":4.546212,"52":0.043834,"53":null,"54":null},"opera":{"9":null,"9.5-9.6":null,"10.0-10.1":0,"10.5":null,"10.6":null,"11":null,"11.1":null,"11.5":null,"11.6":null,"12":null,"12.1":0.012524,"15":null,"16":null,"17":null,"18":null,"19":null,"20":null,"21":null,"22":null,"23":null,"24":null,"25":null,"26":null,"27":null,"28":null,"29":null,"30":null,"31":null,"32":null,"33":null,"34":null,"35":null,"36":0.012524,"37":null,"38":0.025048,"39":null,"40":null,"41":null,"42":0.106454,"43":0.194122,"44":null,"45":null},"safari":{"3.1":null,"3.2":null,"4":0,"5":0.018786,"5.1":0.050096,"6":null,"6.1":0.100192,"7":0.025048,"7.1":0.012524,"8":0.28179,"9":0.363196,"9.1":1.78467,"10":6.186856,"10.1":0.03131,"0":null},"ios_saf":{"3.2":0,"4.0-4.1":0,"4.2-4.3":0,"5.0-5.1":0,"6.0-6.1":0.0999503522546,"7.0-7.1":0.441290234483,"8":0,"8.1-8.4":0.601587969231,"9.0-9.2":0.118808909284,"9.3":1.63126518302,"10.0-10.2":14.8812873517},"android":{"2.1":0,"2.2":0,"2.3":0,"3":0,"4":0.0162901785714,"4.1":0.0488705357143,"4.2-4.3":0.157363125,"4.4":0.347632410714,"4.4.3-4.4.4":0.19613375,"53":null},"ie":{"5.5":null,"6":0.0125852920065,"7":0.0125852920065,"8":0.163608796085,"9":0.182486734095,"10":0.264291132137,"11":7.07922675367},"op_mob":{"10":0,"11":0,"11.1":0,"11.5":0,"12":0,"12.1":0,"0":0.000424401746725},"edge":{"12":0.050096,"13":0.269266,"14":3.91375,"15":null},"bb":{"7":0.001869,"10":null},"ie_mob":{"10":0.0529126601942,"11":0.249865339806},"and_ff":{"0":0.041118},"and_qq":{"1.2":null},"samsung":{"0":3.379152},"and_uc":{"0":1.039164},"op_mini":{"0":0.193951598253},"and_chr":{"0":13.7237}},"total":99.135031}