{"id":"DM","name":"Dominica","month":"2017-02","access_date":"2017-03-03","data":{"chrome":{"4":null,"5":null,"6":null,"7":null,"8":null,"9":null,"10":null,"11":0.011556,"12":null,"13":null,"14":null,"15":null,"16":null,"17":null,"18":null,"19":null,"20":null,"21":null,"22":0.121338,"23":null,"24":null,"25":null,"26":0.005778,"27":null,"28":0.02889,"29":0.017334,"30":0.075114,"31":0.017334,"32":0.398682,"33":null,"34":0.005778,"35":0.023112,"36":3.969486,"37":null,"38":0.011556,"39":0.017334,"40":0.005778,"41":0.005778,"42":0.005778,"43":0.023112,"44":0.005778,"45":0.473796,"46":0.011556,"47":0.02889,"48":0.02889,"49":0.855144,"50":0.05778,"51":0.104004,"52":0.121338,"53":0.450684,"54":0.14445,"55":8.886564,"56":23.83425,"57":0.208008,"58":0.05778,"59":null},"firefox":{"2":null,"3":null,"3.5":null,"3.6":null,"4":null,"5":null,"6":null,"7":null,"8":null,"9":null,"10":null,"11":null,"12":null,"13":null,"14":null,"15":null,"16":0.034668,"17":null,"18":null,"19":null,"20":null,"21":null,"22":null,"23":null,"24":null,"25":null,"26":null,"27":0.023112,"28":0.052002,"29":0.011556,"30":null,"31":null,"32":null,"33":null,"34":null,"35":null,"36":null,"37":null,"38":null,"39":null,"40":null,"41":0.046224,"42":0.005778,"43":0.005778,"44":0.005778,"45":0.023112,"46":0.005778,"47":0.046224,"48":0.052002,"49":0.132894,"50":0.294678,"51":4.379724,"52":0.109782,"53":0.011556,"54":null},"opera":{"9":null,"9.5-9.6":null,"10.0-10.1":0,"10.5":null,"10.6":null,"11":null,"11.1":null,"11.5":null,"11.6":null,"12":null,"12.1":0.023112,"15":null,"16":null,"17":null,"18":null,"19":null,"20":null,"21":null,"22":null,"23":null,"24":null,"25":null,"26":null,"27":0.017334,"28":null,"29":0.040446,"30":null,"31":null,"32":null,"33":null,"34":null,"35":null,"36":0.017334,"37":null,"38":null,"39":null,"40":null,"41":null,"42":0.161784,"43":0.213786,"44":null,"45":null},"safari":{"3.1":null,"3.2":null,"4":0,"5":0.011556,"5.1":null,"6":null,"6.1":0.011556,"7":0.011556,"7.1":null,"8":0.034668,"9":0.069336,"9.1":0.242676,"10":1.363608,"10.1":0.011556,"0":null},"ios_saf":{"3.2":0,"4.0-4.1":0,"4.2-4.3":0,"5.0-5.1":0,"6.0-6.1":0.0253087062069,"7.0-7.1":0.111740325517,"8":0,"8.1-8.4":0.15232976,"9.0-9.2":0.0300839337931,"9.3":0.413057186207,"10.0-10.2":3.76813208828},"android":{"2.1":0,"2.2":0,"2.3":0,"3":0,"4":0.105280739796,"4.1":0.315842219388,"4.2-4.3":1.01701194643,"4.4":2.24669098724,"4.4.3-4.4.4":1.26758010714,"53":null},"ie":{"5.5":null,"6":0.034668,"7":0.005778,"8":0.034668,"9":0.075114,"10":0.05778,"11":2.709882},"op_mob":{"10":0,"11":0,"11.1":0,"11.5":0,"12":0,"12.1":0,"0":0.00166851965066},"edge":{"12":0.190674,"13":0.444906,"14":3.016116,"15":null},"bb":{"7":0.099217,"10":null},"ie_mob":{"10":0.18445631068,"11":0.87104368932},"and_ff":{"0":0.130882},"and_qq":{"1.2":null},"samsung":{"0":3.698472},"and_uc":{"0":0.755738},"op_mini":{"0":0.762513480349},"and_chr":{"0":28.61988}},"total":98.630119}