{"id":"DZ","name":"Algeria","month":"2017-02","access_date":"2017-03-03","data":{"chrome":{"4":0.01815,"5":0.01815,"6":0.01815,"7":0.01815,"8":0.0121,"9":null,"10":0.01815,"11":0.0605,"12":0.01815,"13":0.0121,"14":0.01815,"15":0.04235,"16":0.04235,"17":0.0242,"18":0.0847,"19":0.0242,"20":0.0242,"21":0.0242,"22":0.0484,"23":0.03025,"24":0.01815,"25":0.06655,"26":0.0605,"27":0.0363,"28":0.05445,"29":0.0968,"30":0.07865,"31":0.12705,"32":0.29645,"33":0.23595,"34":0.07865,"35":0.03025,"36":0.62315,"37":0.0363,"38":0.0726,"39":0.09075,"40":0.1573,"41":0.04235,"42":0.0484,"43":2.6499,"44":0.09075,"45":0.1089,"46":0.0968,"47":0.12705,"48":0.1573,"49":3.11575,"50":0.19965,"51":0.65945,"52":0.24805,"53":0.8228,"54":0.3751,"55":6.72155,"56":21.66505,"57":0.1573,"58":0.09075,"59":null},"firefox":{"2":0.00605,"3":0.06655,"3.5":0.01815,"3.6":0.07865,"4":0.01815,"5":null,"6":0.00605,"7":null,"8":0.0121,"9":0.00605,"10":0.0121,"11":0.01815,"12":0.0363,"13":0.0121,"14":0.01815,"15":0.0242,"16":0.01815,"17":0.01815,"18":0.01815,"19":0.0242,"20":0.01815,"21":0.01815,"22":0.01815,"23":0.01815,"24":0.01815,"25":0.0242,"26":0.0242,"27":0.01815,"28":0.0242,"29":0.0484,"30":0.06655,"31":0.0484,"32":0.04235,"33":0.05445,"34":0.05445,"35":0.0726,"36":0.05445,"37":0.05445,"38":0.0847,"39":0.0726,"40":0.0726,"41":0.0726,"42":0.06655,"43":0.3751,"44":0.10285,"45":0.1331,"46":0.11495,"47":0.5808,"48":0.27225,"49":0.22385,"50":0.5566,"51":6.92725,"52":0.2662,"53":0.0242,"54":null},"opera":{"9":null,"9.5-9.6":null,"10.0-10.1":0,"10.5":null,"10.6":null,"11":null,"11.1":null,"11.5":null,"11.6":0.00605,"12":null,"12.1":0.0484,"15":null,"16":null,"17":null,"18":null,"19":0.0121,"20":null,"21":null,"22":null,"23":null,"24":null,"25":null,"26":null,"27":null,"28":null,"29":null,"30":0.00605,"31":0.00605,"32":null,"33":null,"34":0.0121,"35":0.00605,"36":0.1452,"37":0.0121,"38":0.0605,"39":0.0121,"40":0.01815,"41":0.03025,"42":0.605,"43":0.88935,"44":0.0121,"45":null},"safari":{"3.1":null,"3.2":null,"4":0.0242,"5":0.00605,"5.1":0.0605,"6":0.00605,"6.1":null,"7":0.01815,"7.1":null,"8":0.05445,"9":0.0363,"9.1":0.0968,"10":0.22385,"10.1":null,"0":null},"ios_saf":{"3.2":0,"4.0-4.1":0,"4.2-4.3":0,"5.0-5.1":0,"6.0-6.1":0.00819630238727,"7.0-7.1":0.0361874482759,"8":0,"8.1-8.4":0.0493324615385,"9.0-9.2":0.00974277453581,"9.3":0.133769840849,"10.0-10.2":1.22032117241},"android":{"2.1":0,"2.2":0,"2.3":0,"3":0,"4":0.113528911565,"4.1":0.340586734694,"4.2-4.3":1.09668928571,"4.4":2.42270697279,"4.4.3-4.4.4":1.36688809524,"53":null},"ie":{"5.5":null,"6":0.033967877095,"7":0.054348603352,"8":0.686151117318,"9":0.210600837989,"10":0.183426536313,"11":1.26360502793},"op_mob":{"10":0,"11":0,"11.1":0,"11.5":0,"12":0,"12.1":0,"0":0.00354465065502},"edge":{"12":0.0484,"13":0.0605,"14":0.23595,"15":null},"bb":{"7":0.0079,"10":null},"ie_mob":{"10":0.0572941747573,"11":0.270555825243},"and_ff":{"0":0.0316},"and_qq":{"1.2":null},"samsung":{"0":1.65505},"and_uc":{"0":1.5089},"op_mini":{"0":1.61990534934},"and_chr":{"0":29.2876}},"total":97.5537}