{"id":"EC","name":"Ecuador","month":"2017-02","access_date":"2017-03-03","data":{"chrome":{"4":null,"5":null,"6":null,"7":null,"8":null,"9":null,"10":null,"11":0.013566,"12":null,"13":0.006783,"14":null,"15":null,"16":null,"17":null,"18":0.013566,"19":null,"20":null,"21":0.013566,"22":0.149226,"23":0.006783,"24":null,"25":0.006783,"26":0.054264,"27":0.006783,"28":null,"29":0.020349,"30":0.006783,"31":0.020349,"32":0.101745,"33":0.013566,"34":0.040698,"35":0.06783,"36":0.495159,"37":0.020349,"38":0.040698,"39":0.047481,"40":0.033915,"41":0.033915,"42":0.027132,"43":0.13566,"44":0.06783,"45":0.061047,"46":0.047481,"47":0.101745,"48":0.074613,"49":1.675401,"50":0.088179,"51":0.278103,"52":0.257754,"53":0.318801,"54":0.325584,"55":10.798536,"56":33.752208,"57":0.169575,"58":0.040698,"59":null},"firefox":{"2":null,"3":0.006783,"3.5":null,"3.6":0.006783,"4":null,"5":null,"6":null,"7":null,"8":null,"9":null,"10":null,"11":0.006783,"12":0.006783,"13":null,"14":0.006783,"15":null,"16":0.013566,"17":0.006783,"18":null,"19":null,"20":0.006783,"21":null,"22":null,"23":null,"24":null,"25":null,"26":null,"27":null,"28":0.013566,"29":0.020349,"30":0.013566,"31":0.027132,"32":0.013566,"33":0.027132,"34":0.027132,"35":0.033915,"36":0.020349,"37":0.040698,"38":0.054264,"39":0.047481,"40":0.054264,"41":0.047481,"42":0.040698,"43":0.162792,"44":0.047481,"45":0.108528,"46":0.061047,"47":0.345933,"48":0.420546,"49":0.176358,"50":0.501942,"51":8.519448,"52":0.074613,"53":0.006783,"54":null},"opera":{"9":null,"9.5-9.6":null,"10.0-10.1":0,"10.5":null,"10.6":null,"11":null,"11.1":null,"11.5":null,"11.6":null,"12":null,"12.1":0.020349,"15":null,"16":null,"17":null,"18":null,"19":null,"20":null,"21":null,"22":null,"23":null,"24":null,"25":null,"26":null,"27":null,"28":null,"29":null,"30":null,"31":null,"32":null,"33":null,"34":null,"35":null,"36":0.013566,"37":0.006783,"38":0.020349,"39":null,"40":null,"41":0.013566,"42":0.217056,"43":0.386631,"44":null,"45":null},"safari":{"3.1":null,"3.2":null,"4":0.006783,"5":0.020349,"5.1":0.040698,"6":0.006783,"6.1":0.027132,"7":0.033915,"7.1":0.013566,"8":0.244188,"9":0.189924,"9.1":0.637602,"10":1.851759,"10.1":null,"0":null},"ios_saf":{"3.2":0,"4.0-4.1":0,"4.2-4.3":0,"5.0-5.1":0,"6.0-6.1":0.0160822693899,"7.0-7.1":0.0710047365517,"8":0,"8.1-8.4":0.0967970553846,"9.0-9.2":0.0191166598408,"9.3":0.262474774005,"10.0-10.2":2.39443750483},"android":{"2.1":0,"2.2":0,"2.3":0,"3":0,"4":0.0607974702381,"4.1":0.182392410714,"4.2-4.3":0.5873035625,"4.4":1.29741801488,"4.4.3-4.4.4":0.732001541667,"53":null},"ie":{"5.5":null,"6":null,"7":null,"8":0.154903076087,"9":0.0774515380435,"10":0.112656782609,"11":0.950541603261},"op_mob":{"10":0,"11":0,"11.1":0,"11.5":0,"12":0,"12.1":0,"0":0.00297818340611},"edge":{"12":0.061047,"13":0.101745,"14":0.685083,"15":null},"bb":{"7":0.0434295,"10":null},"ie_mob":{"10":0.19620576699,"11":0.92652723301},"and_ff":{"0":0.016085},"and_qq":{"1.2":null},"samsung":{"0":3.165528},"and_uc":{"0":0.360304},"op_mini":{"0":1.36102981659},"and_chr":{"0":20.351682}},"total":98.4406375}