{"id":"EE","name":"Estonia","month":"2017-02","access_date":"2017-03-03","data":{"chrome":{"4":null,"5":null,"6":null,"7":null,"8":null,"9":null,"10":null,"11":0.007878,"12":null,"13":null,"14":null,"15":null,"16":null,"17":0.007878,"18":0.03939,"19":null,"20":null,"21":0.007878,"22":0.023634,"23":null,"24":null,"25":null,"26":0.015756,"27":0.007878,"28":0.015756,"29":null,"30":null,"31":0.015756,"32":0.047268,"33":null,"34":0.023634,"35":0.047268,"36":0.212706,"37":0.015756,"38":0.047268,"39":0.307242,"40":0.015756,"41":0.015756,"42":0.015756,"43":0.126048,"44":0.07878,"45":0.031512,"46":0.047268,"47":0.03939,"48":0.03939,"49":1.33926,"50":0.07878,"51":0.31512,"52":0.07878,"53":0.189072,"54":0.244218,"55":11.438856,"56":33.379086,"57":0.149682,"58":0.094536,"59":null},"firefox":{"2":null,"3":null,"3.5":0.007878,"3.6":0.031512,"4":null,"5":null,"6":null,"7":null,"8":null,"9":null,"10":null,"11":null,"12":null,"13":0.007878,"14":null,"15":null,"16":null,"17":0.015756,"18":null,"19":null,"20":0.007878,"21":null,"22":null,"23":null,"24":0.007878,"25":null,"26":null,"27":null,"28":0.007878,"29":0.023634,"30":null,"31":0.031512,"32":null,"33":0.007878,"34":0.015756,"35":0.015756,"36":null,"37":0.015756,"38":0.086658,"39":0.047268,"40":0.023634,"41":0.015756,"42":0.055146,"43":0.086658,"44":0.047268,"45":0.35451,"46":0.047268,"47":0.307242,"48":0.228462,"49":0.110292,"50":0.63024,"51":10.485618,"52":0.102414,"53":0.007878,"54":0.015756},"opera":{"9":null,"9.5-9.6":null,"10.0-10.1":0,"10.5":null,"10.6":null,"11":null,"11.1":null,"11.5":null,"11.6":0.007878,"12":0.015756,"12.1":0.11817,"15":null,"16":null,"17":null,"18":null,"19":null,"20":null,"21":null,"22":null,"23":null,"24":null,"25":null,"26":null,"27":null,"28":null,"29":null,"30":0.015756,"31":null,"32":null,"33":null,"34":null,"35":0.007878,"36":0.047268,"37":0.007878,"38":0.03939,"39":null,"40":0.007878,"41":0.023634,"42":0.456924,"43":0.756288,"44":null,"45":null},"safari":{"3.1":null,"3.2":null,"4":0,"5":0.015756,"5.1":0.03939,"6":null,"6.1":0.047268,"7":0.007878,"7.1":0.023634,"8":0.15756,"9":0.165438,"9.1":0.66963,"10":3.474198,"10.1":0.023634,"0":null},"ios_saf":{"3.2":0,"4.0-4.1":0,"4.2-4.3":0,"5.0-5.1":0,"6.0-6.1":0.0303568704509,"7.0-7.1":0.134028446897,"8":0,"8.1-8.4":0.182713993846,"9.0-9.2":0.0360845818568,"9.3":0.495447036605,"10.0-10.2":4.51973707034},"android":{"2.1":0,"2.2":0,"2.3":0,"3":0,"4":0.018856207483,"4.1":0.056568622449,"4.2-4.3":0.182150964286,"4.4":0.402391467687,"4.4.3-4.4.4":0.227028738095,"53":null},"ie":{"5.5":null,"6":null,"7":0.0158300587544,"8":0.126640470035,"9":0.0712352643948,"10":0.134555499412,"11":6.3874287074},"op_mob":{"10":0,"11":0,"11.1":0,"11.5":0,"12":0,"12.1":0,"0":0.000375288209607},"edge":{"12":0.023634,"13":0.141804,"14":1.725282,"15":null},"bb":{"7":0.0026525,"10":null},"ie_mob":{"10":0.0778753398058,"11":0.367744660194},"and_ff":{"0":0.033952},"and_qq":{"1.2":null},"samsung":{"0":2.338444},"and_uc":{"0":0.114588},"op_mini":{"0":0.17150671179},"and_chr":{"0":11.718482}},"total":97.2754885}