{"id":"EG","name":"Egypt","month":"2017-02","access_date":"2017-03-03","data":{"chrome":{"4":0.012022,"5":0.018033,"6":null,"7":null,"8":null,"9":0.018033,"10":0.012022,"11":0.036066,"12":0.018033,"13":null,"14":0.006011,"15":null,"16":0.024044,"17":0.036066,"18":0.018033,"19":0.979793,"20":0.042077,"21":0.018033,"22":0.036066,"23":0.036066,"24":2.975445,"25":0.042077,"26":0.090165,"27":0.054099,"28":0.066121,"29":0.072132,"30":1.015859,"31":0.12022,"32":0.126231,"33":0.330605,"34":0.138253,"35":2.079806,"36":0.114209,"37":0.108198,"38":0.102187,"39":0.096176,"40":0.114209,"41":0.114209,"42":0.150275,"43":3.215885,"44":0.318583,"45":0.174319,"46":0.12022,"47":0.126231,"48":0.126231,"49":1.74319,"50":0.048088,"51":0.258473,"52":0.174319,"53":0.342627,"54":0.288528,"55":3.810974,"56":11.156416,"57":0.048088,"58":0.048088,"59":null},"firefox":{"2":0.979793,"3":0.018033,"3.5":0.018033,"3.6":0.042077,"4":0.018033,"5":0.018033,"6":0.006011,"7":0.012022,"8":0.012022,"9":0.012022,"10":0.018033,"11":0.030055,"12":0.036066,"13":0.042077,"14":0.018033,"15":1.015859,"16":0.024044,"17":0.012022,"18":0.955749,"19":0.024044,"20":0.018033,"21":1.027881,"22":0.024044,"23":0.997826,"24":0.030055,"25":2.025707,"26":0.042077,"27":0.042077,"28":0.042077,"29":0.054099,"30":0.072132,"31":0.072132,"32":0.048088,"33":0.030055,"34":0.030055,"35":0.048088,"36":0.054099,"37":0.06011,"38":0.078143,"39":0.054099,"40":0.072132,"41":0.048088,"42":0.030055,"43":0.174319,"44":0.066121,"45":0.072132,"46":0.054099,"47":0.366671,"48":0.192352,"49":0.114209,"50":0.294539,"51":5.079295,"52":0.324594,"53":0.006011,"54":null},"opera":{"9":null,"9.5-9.6":null,"10.0-10.1":0.979793,"10.5":null,"10.6":null,"11":0.012022,"11.1":null,"11.5":null,"11.6":0.012022,"12":0.012022,"12.1":0.018033,"15":0.012022,"16":null,"17":null,"18":0.006011,"19":0.012022,"20":0.024044,"21":0.018033,"22":0.012022,"23":0.012022,"24":null,"25":null,"26":null,"27":null,"28":0.018033,"29":0.006011,"30":0.018033,"31":0.012022,"32":null,"33":null,"34":null,"35":null,"36":0.078143,"37":null,"38":0.018033,"39":null,"40":null,"41":null,"42":0.258473,"43":0.342627,"44":null,"45":null},"safari":{"3.1":null,"3.2":null,"4":0,"5":0.937716,"5.1":0.024044,"6":0.012022,"6.1":null,"7":0.018033,"7.1":null,"8":0.036066,"9":0.024044,"9.1":0.06011,"10":0.186341,"10.1":null,"0":null},"ios_saf":{"3.2":0,"4.0-4.1":0,"4.2-4.3":0,"5.0-5.1":0,"6.0-6.1":0.0131930355438,"7.0-7.1":0.0582484965517,"8":0,"8.1-8.4":0.0794071384615,"9.0-9.2":0.0156822875332,"9.3":0.215320297082,"10.0-10.2":1.96426874483},"android":{"2.1":0,"2.2":0,"2.3":0,"3":0,"4":0.0962723214286,"4.1":0.288816964286,"4.2-4.3":0.929990625,"4.4":2.05445133929,"4.4.3-4.4.4":1.15911875,"53":null},"ie":{"5.5":null,"6":0.0121015500414,"7":0.0121015500414,"8":2.341649933,"9":2.09961893218,"10":2.12382203226,"11":0.726093002481},"op_mob":{"10":0,"11":0,"11.1":0,"11.5":0,"12":0,"12.1":0,"0":0.00313624454148},"edge":{"12":0.042077,"13":0.06011,"14":0.168308,"15":null},"bb":{"7":0.005985,"10":null},"ie_mob":{"10":0.0397450485437,"11":0.187684951456},"and_ff":{"0":0.03591},"and_qq":{"1.2":null},"samsung":{"0":2.86482},"and_uc":{"0":1.08528},"op_mini":{"0":1.43326375546},"and_chr":{"0":27.374461}},"total":96.949446}