{"id":"ER","name":"Eritrea","month":"2017-02","access_date":"2017-03-03","data":{"chrome":{"4":null,"5":null,"6":null,"7":null,"8":null,"9":null,"10":null,"11":0.011814,"12":null,"13":null,"14":null,"15":null,"16":null,"17":null,"18":null,"19":null,"20":null,"21":null,"22":0.023628,"23":null,"24":null,"25":0.070884,"26":null,"27":null,"28":null,"29":null,"30":null,"31":0.15752,"32":null,"33":0.011814,"34":null,"35":0.01969,"36":null,"37":null,"38":null,"39":0.114202,"40":null,"41":0.011814,"42":0.043318,"43":0.145706,"44":0.007876,"45":0.444994,"46":0.011814,"47":0.031504,"48":0.023628,"49":0.102388,"50":0.007876,"51":null,"52":0.023628,"53":0.05907,"54":0.094512,"55":1.055384,"56":2.130458,"57":null,"58":null,"59":null},"firefox":{"2":0.011814,"3":0.173272,"3.5":0.007876,"3.6":0.094512,"4":1.067198,"5":0.090574,"6":0.07876,"7":2.567576,"8":0.031504,"9":0.094512,"10":0.007876,"11":1.429494,"12":0.149644,"13":0.066946,"14":0.011814,"15":0.358358,"16":0.055132,"17":0.082698,"18":0.05907,"19":0.173272,"20":0.185086,"21":0.862422,"22":0.070884,"23":0.007876,"24":0.106326,"25":0.055132,"26":0.15752,"27":0.047256,"28":0.05907,"29":0.066946,"30":0.425304,"31":1.189276,"32":0.114202,"33":0.322916,"34":0.15752,"35":0.023628,"36":1.079012,"37":3.083454,"38":0.397738,"39":0.05907,"40":0.901802,"41":0.240218,"42":0.606452,"43":1.500378,"44":0.815166,"45":0.358358,"46":0.263846,"47":2.260412,"48":0.901802,"49":0.756096,"50":0.712778,"51":6.702476,"52":0.299288,"53":null,"54":null},"opera":{"9":null,"9.5-9.6":null,"10.0-10.1":0,"10.5":null,"10.6":null,"11":null,"11.1":null,"11.5":null,"11.6":null,"12":null,"12.1":null,"15":null,"16":null,"17":null,"18":1.307416,"19":null,"20":null,"21":null,"22":null,"23":null,"24":null,"25":null,"26":null,"27":null,"28":null,"29":null,"30":0.05907,"31":null,"32":null,"33":null,"34":null,"35":null,"36":null,"37":null,"38":null,"39":0.007876,"40":null,"41":0.023628,"42":0.055132,"43":0.05907,"44":null,"45":null},"safari":{"3.1":null,"3.2":null,"4":0,"5":null,"5.1":null,"6":null,"6.1":null,"7":null,"7.1":null,"8":null,"9":null,"9.1":null,"10":null,"10.1":null,"0":null},"ios_saf":{"3.2":0,"4.0-4.1":0,"4.2-4.3":0,"5.0-5.1":0,"6.0-6.1":0.00463606323607,"7.0-7.1":0.0204686565517,"8":0,"8.1-8.4":0.0279038523077,"9.0-9.2":0.00551079214854,"9.3":0.0756640509284,"10.0-10.2":0.690248584828},"android":{"2.1":0,"2.2":0,"2.3":0,"3":0,"4":0.27925922619,"4.1":0.837777678571,"4.2-4.3":2.697644125,"4.4":5.9593918869,"4.4.3-4.4.4":3.36228108333,"53":null},"ie":{"5.5":null,"6":null,"7":null,"8":0.220528,"9":0.007876,"10":0.043318,"11":0.409552},"op_mob":{"10":0,"11":0,"11.1":0,"11.5":0,"12":0,"12.1":0,"0":0.00263392576419},"edge":{"12":0.11814,"13":0.007876,"14":0.011814,"15":null},"bb":{"7":0.0045465,"10":null},"ie_mob":{"10":0.00741565048544,"11":0.0350183495146},"and_ff":{"0":0.18186},"and_qq":{"1.2":null},"samsung":{"0":1.072974},"and_uc":{"0":12.51803},"op_mini":{"0":1.20370407424},"and_chr":{"0":31.64271}},"total":98.9661085}