{"id":"ES","name":"Spain","month":"2017-02","access_date":"2017-03-03","data":{"chrome":{"4":null,"5":null,"6":null,"7":null,"8":null,"9":null,"10":null,"11":0.038906,"12":null,"13":null,"14":null,"15":null,"16":null,"17":null,"18":0.066696,"19":null,"20":null,"21":0.005558,"22":0.02779,"23":null,"24":null,"25":null,"26":0.011116,"27":0.005558,"28":null,"29":0.005558,"30":0.005558,"31":0.02779,"32":0.033348,"33":0.011116,"34":0.033348,"35":0.061138,"36":0.100044,"37":0.02779,"38":0.061138,"39":0.066696,"40":0.02779,"41":0.033348,"42":0.033348,"43":0.072254,"44":0.050022,"45":0.05558,"46":0.072254,"47":0.072254,"48":0.088928,"49":2.378824,"50":0.072254,"51":0.30569,"52":0.122276,"53":0.183414,"54":0.216762,"55":6.72518,"56":22.348718,"57":0.066696,"58":0.02779,"59":null},"firefox":{"2":null,"3":0.005558,"3.5":null,"3.6":0.022232,"4":null,"5":null,"6":null,"7":null,"8":null,"9":null,"10":null,"11":null,"12":0.005558,"13":null,"14":null,"15":null,"16":0.016674,"17":null,"18":null,"19":null,"20":0.022232,"21":0.005558,"22":null,"23":null,"24":0.016674,"25":0.011116,"26":0.011116,"27":0.005558,"28":0.005558,"29":0.016674,"30":0.011116,"31":0.022232,"32":0.016674,"33":0.016674,"34":0.011116,"35":0.022232,"36":0.016674,"37":0.022232,"38":0.105602,"39":0.050022,"40":0.022232,"41":0.038906,"42":0.044464,"43":0.08337,"44":0.033348,"45":0.183414,"46":0.05558,"47":0.216762,"48":0.355712,"49":0.155624,"50":0.489104,"51":7.925708,"52":0.02779,"53":0.005558,"54":null},"opera":{"9":null,"9.5-9.6":null,"10.0-10.1":0,"10.5":null,"10.6":null,"11":null,"11.1":null,"11.5":null,"11.6":null,"12":null,"12.1":0.016674,"15":null,"16":null,"17":null,"18":null,"19":null,"20":null,"21":null,"22":null,"23":null,"24":null,"25":null,"26":null,"27":null,"28":null,"29":null,"30":null,"31":null,"32":null,"33":null,"34":null,"35":null,"36":0.038906,"37":null,"38":0.02779,"39":null,"40":null,"41":null,"42":0.116718,"43":0.216762,"44":null,"45":null},"safari":{"3.1":null,"3.2":null,"4":0.005558,"5":0.033348,"5.1":0.072254,"6":0.011116,"6.1":0.05558,"7":0.022232,"7.1":0.005558,"8":0.122276,"9":0.16674,"9.1":0.655844,"10":2.89016,"10.1":0.011116,"0":null},"ios_saf":{"3.2":0,"4.0-4.1":0,"4.2-4.3":0,"5.0-5.1":0,"6.0-6.1":0.0502462043501,"7.0-7.1":0.221841732414,"8":0,"8.1-8.4":0.302425267692,"9.0-9.2":0.0597266202653,"9.3":0.820055976658,"10.0-10.2":7.48099619862},"android":{"2.1":0,"2.2":0,"2.3":0,"3":0,"4":0.0321934736395,"4.1":0.0965804209184,"4.2-4.3":0.310988955357,"4.4":0.687008727466,"4.4.3-4.4.4":0.387609422619,"53":null},"ie":{"5.5":null,"6":0.00561166344828,"7":0.0168349903448,"8":0.286194835862,"9":0.173961566897,"10":0.145903249655,"11":3.43994969379},"op_mob":{"10":0,"11":0,"11.1":0,"11.5":0,"12":0,"12.1":0,"0":0.000252109170306},"edge":{"12":0.044464,"13":0.183414,"14":1.928626,"15":null},"bb":{"7":0.0066615,"10":null},"ie_mob":{"10":0.0543267961165,"11":0.256543203883},"and_ff":{"0":0.031087},"and_qq":{"1.2":null},"samsung":{"0":2.793389},"and_uc":{"0":0.079938},"op_mini":{"0":0.11521389083},"and_chr":{"0":30.933249}},"total":99.0331095}