{"id":"ET","name":"Ethiopia","month":"2017-02","access_date":"2017-03-03","data":{"chrome":{"4":0.005889,"5":0.001963,"6":null,"7":0.005889,"8":0.007852,"9":0.003926,"10":0.011778,"11":0.060853,"12":null,"13":null,"14":null,"15":0.003926,"16":0.01963,"17":0.005889,"18":0.001963,"19":0.005889,"20":null,"21":null,"22":null,"23":0.013741,"24":0.005889,"25":0.007852,"26":0.017667,"27":0.007852,"28":0.003926,"29":0.003926,"30":0.009815,"31":0.088335,"32":0.053001,"33":0.066742,"34":0.003926,"35":0.007852,"36":0.007852,"37":null,"38":0.011778,"39":0.005889,"40":0.043186,"41":0.003926,"42":0.005889,"43":0.906906,"44":0.247338,"45":0.021593,"46":0.015704,"47":0.011778,"48":0.021593,"49":0.288561,"50":0.031408,"51":0.082446,"52":0.025519,"53":0.102076,"54":0.060853,"55":1.19743,"56":3.926,"57":0.041223,"58":0.049075,"59":null},"firefox":{"2":null,"3":0.013741,"3.5":0.009815,"3.6":0.01963,"4":0.049075,"5":0.584974,"6":0.005889,"7":0.005889,"8":0.007852,"9":0.003926,"10":0.035334,"11":0.066742,"12":0.070668,"13":0.017667,"14":0.025519,"15":0.027482,"16":0.025519,"17":0.023556,"18":0.045149,"19":0.025519,"20":0.107965,"21":0.013741,"22":0.023556,"23":0.021593,"24":0.03926,"25":0.041223,"26":0.066742,"27":0.047112,"28":0.096187,"29":0.212004,"30":0.074594,"31":0.086372,"32":0.05889,"33":0.043186,"34":0.068705,"35":0.100113,"36":0.127595,"37":0.217893,"38":0.168818,"39":0.131521,"40":0.09815,"41":0.11778,"42":0.113854,"43":0.33371,"44":0.365118,"45":0.109928,"46":0.107965,"47":0.581048,"48":0.323895,"49":0.237523,"50":0.292487,"51":2.801201,"52":0.851942,"53":0.013741,"54":null},"opera":{"9":null,"9.5-9.6":null,"10.0-10.1":0,"10.5":null,"10.6":null,"11":null,"11.1":null,"11.5":0.001963,"11.6":0.013741,"12":0.015704,"12.1":0.013741,"15":0.001963,"16":0.001963,"17":null,"18":null,"19":null,"20":null,"21":0.003926,"22":0.003926,"23":null,"24":0.001963,"25":null,"26":null,"27":null,"28":null,"29":0.017667,"30":null,"31":null,"32":0.003926,"33":0.001963,"34":0.007852,"35":0.005889,"36":0.017667,"37":0.009815,"38":0.005889,"39":0.001963,"40":0.007852,"41":0.017667,"42":0.221819,"43":0.335673,"44":null,"45":null},"safari":{"3.1":null,"3.2":null,"4":0,"5":0.001963,"5.1":0.007852,"6":0.007852,"6.1":null,"7":0.011778,"7.1":0.001963,"8":0.015704,"9":0.015704,"9.1":0.029445,"10":0.090298,"10.1":null,"0":null},"ios_saf":{"3.2":0,"4.0-4.1":0,"4.2-4.3":0,"5.0-5.1":0,"6.0-6.1":0.00605610334218,"7.0-7.1":0.0267382675862,"8":0,"8.1-8.4":0.0364508861538,"9.0-9.2":0.00719876435013,"9.3":0.0988401771883,"10.0-10.2":0.901673801379},"android":{"2.1":0,"2.2":0,"2.3":0,"3":0,"4":0.26977940051,"4.1":0.809338201531,"4.2-4.3":2.60606900893,"4.4":5.75709240689,"4.4.3-4.4.4":3.24814398214,"53":null},"ie":{"5.5":null,"6":0.152195221071,"7":0.0158124905009,"8":0.203585815199,"9":0.0395312262522,"10":0.14428897582,"11":0.587038709845},"op_mob":{"10":0,"11":0,"11.1":0,"11.5":0,"12":0,"12.1":0,"0":0.0628746091703},"edge":{"12":0.076557,"13":0.082446,"14":0.139373,"15":null},"bb":{"7":0.0200925,"10":null},"ie_mob":{"10":0.0617990679612,"11":0.291828932039},"and_ff":{"0":0.032148},"and_qq":{"1.2":null},"samsung":{"0":1.036773},"and_uc":{"0":3.238911},"op_mini":{"0":28.7336963908},"and_chr":{"0":29.470867}},"total":95.7476429387}