{"id":"FI","name":"Finland","month":"2017-02","access_date":"2017-03-03","data":{"chrome":{"4":null,"5":null,"6":null,"7":null,"8":null,"9":null,"10":null,"11":null,"12":null,"13":null,"14":null,"15":null,"16":null,"17":null,"18":0.025412,"19":null,"20":null,"21":null,"22":0.012706,"23":null,"24":null,"25":null,"26":null,"27":null,"28":null,"29":null,"30":null,"31":0.006353,"32":null,"33":null,"34":0.019059,"35":0.006353,"36":0.019059,"37":0.006353,"38":0.031765,"39":0.019059,"40":null,"41":0.019059,"42":0.006353,"43":0.044471,"44":0.012706,"45":0.031765,"46":0.06353,"47":0.025412,"48":0.050824,"49":0.82589,"50":0.044471,"51":0.171531,"52":0.101648,"53":0.108001,"54":0.209649,"55":8.074663,"56":22.642092,"57":0.101648,"58":0.038118,"59":null},"firefox":{"2":null,"3":null,"3.5":null,"3.6":0.006353,"4":null,"5":null,"6":null,"7":null,"8":null,"9":null,"10":0.006353,"11":null,"12":null,"13":null,"14":null,"15":0.006353,"16":null,"17":null,"18":null,"19":null,"20":null,"21":null,"22":null,"23":null,"24":0.012706,"25":null,"26":0.006353,"27":null,"28":null,"29":null,"30":0.012706,"31":0.025412,"32":null,"33":null,"34":0.006353,"35":0.012706,"36":0.044471,"37":0.006353,"38":0.069883,"39":0.019059,"40":0.019059,"41":0.019059,"42":0.025412,"43":0.050824,"44":0.019059,"45":0.705183,"46":0.031765,"47":0.177884,"48":0.273179,"49":0.139766,"50":0.933891,"51":12.477292,"52":0.114354,"53":0.006353,"54":null},"opera":{"9":null,"9.5-9.6":null,"10.0-10.1":0,"10.5":null,"10.6":null,"11":null,"11.1":null,"11.5":null,"11.6":null,"12":null,"12.1":0.076236,"15":null,"16":null,"17":null,"18":null,"19":null,"20":null,"21":null,"22":null,"23":null,"24":null,"25":null,"26":null,"27":null,"28":null,"29":null,"30":0.006353,"31":null,"32":null,"33":null,"34":null,"35":null,"36":0.031765,"37":null,"38":0.012706,"39":null,"40":null,"41":null,"42":0.241414,"43":0.44471,"44":null,"45":null},"safari":{"3.1":null,"3.2":null,"4":0.006353,"5":0.025412,"5.1":0.076236,"6":null,"6.1":0.050824,"7":0.019059,"7.1":0.044471,"8":0.139766,"9":0.203296,"9.1":0.813184,"10":3.068499,"10.1":0.019059,"0":null},"ios_saf":{"3.2":0,"4.0-4.1":0,"4.2-4.3":0,"5.0-5.1":0,"6.0-6.1":0.0551058797878,"7.0-7.1":0.243297657931,"8":0,"8.1-8.4":0.331675012308,"9.0-9.2":0.0655032155968,"9.3":0.89936954748,"10.0-10.2":8.2045376869},"android":{"2.1":0,"2.2":0,"2.3":0,"3":0,"4":0.0181419642857,"4.1":0.0544258928571,"4.2-4.3":0.175251375,"4.4":0.387149517857,"4.4.3-4.4.4":0.21842925,"53":null},"ie":{"5.5":null,"6":null,"7":null,"8":0.0891225928934,"9":0.165513386802,"10":0.114586190863,"11":5.90118882944},"op_mob":{"10":0,"11":0,"11.1":0,"11.5":0,"12":0,"12.1":0,"0":0.000509624454148},"edge":{"12":0.044471,"13":0.304944,"14":2.623789,"15":null},"bb":{"7":0.0018235,"10":null},"ie_mob":{"10":0.268957398058,"11":1.27007660194},"and_ff":{"0":0.054705},"and_qq":{"1.2":null},"samsung":{"0":4.288872},"and_uc":{"0":0.10941},"op_mini":{"0":0.232898375546},"and_chr":{"0":19.119812}},"total":98.4690005}