{"id":"FJ","name":"Fiji","month":"2017-02","access_date":"2017-03-03","data":{"chrome":{"4":0.003837,"5":null,"6":null,"7":null,"8":null,"9":null,"10":null,"11":0.011511,"12":null,"13":null,"14":0.015348,"15":null,"16":0.007674,"17":null,"18":0.03837,"19":null,"20":0.011511,"21":0.03837,"22":null,"23":0.003837,"24":null,"25":0.007674,"26":null,"27":null,"28":null,"29":null,"30":0.015348,"31":0.030696,"32":0.049881,"33":0.007674,"34":0.057555,"35":0.030696,"36":0.003837,"37":null,"38":0.072903,"39":0.007674,"40":0.011511,"41":0.011511,"42":0.011511,"43":0.049881,"44":0.023022,"45":0.092088,"46":0.026859,"47":0.023022,"48":0.007674,"49":0.621594,"50":0.07674,"51":0.042207,"52":0.092088,"53":0.226383,"54":0.111273,"55":3.898392,"56":12.861624,"57":0.03837,"58":0.057555,"59":null},"firefox":{"2":null,"3":0.023022,"3.5":null,"3.6":0.011511,"4":0.030696,"5":null,"6":0.007674,"7":null,"8":0.007674,"9":null,"10":0.015348,"11":0.030696,"12":0.019185,"13":null,"14":null,"15":0.015348,"16":0.080577,"17":0.034533,"18":0.003837,"19":0.003837,"20":0.015348,"21":0.015348,"22":0.003837,"23":0.003837,"24":0.015348,"25":0.007674,"26":null,"27":0.023022,"28":0.015348,"29":0.026859,"30":0.015348,"31":0.011511,"32":null,"33":0.023022,"34":0.007674,"35":0.030696,"36":0.019185,"37":0.042207,"38":0.053718,"39":0.023022,"40":0.030696,"41":0.015348,"42":0.019185,"43":0.176502,"44":0.176502,"45":0.061392,"46":0.049881,"47":0.3837,"48":0.610083,"49":0.276264,"50":0.487299,"51":7.800621,"52":0.487299,"53":0.003837,"54":null},"opera":{"9":null,"9.5-9.6":null,"10.0-10.1":0,"10.5":null,"10.6":null,"11":null,"11.1":null,"11.5":null,"11.6":null,"12":null,"12.1":null,"15":null,"16":null,"17":null,"18":null,"19":null,"20":null,"21":null,"22":null,"23":null,"24":null,"25":null,"26":null,"27":null,"28":0.007674,"29":null,"30":null,"31":null,"32":null,"33":0.003837,"34":null,"35":null,"36":0.003837,"37":0.007674,"38":null,"39":null,"40":null,"41":0.007674,"42":0.080577,"43":0.188013,"44":null,"45":null},"safari":{"3.1":null,"3.2":null,"4":0,"5":0.011511,"5.1":0.011511,"6":0.003837,"6.1":0.007674,"7":0.023022,"7.1":null,"8":0.118947,"9":0.042207,"9.1":0.199524,"10":0.782748,"10.1":null,"0":null},"ios_saf":{"3.2":0,"4.0-4.1":0,"4.2-4.3":0,"5.0-5.1":0,"6.0-6.1":0.0207213186207,"7.0-7.1":0.0914865765517,"8":0,"8.1-8.4":0.12471888,"9.0-9.2":0.0246310013793,"9.3":0.338187558621,"10.0-10.2":3.08513066483},"android":{"2.1":0,"2.2":0,"2.3":0,"3":0,"4":0.103878954082,"4.1":0.311636862245,"4.2-4.3":1.00347069643,"4.4":2.2167768801,"4.4.3-4.4.4":1.25070260714,"53":null},"ie":{"5.5":null,"6":null,"7":null,"8":0.251305952744,"9":0.135318589939,"10":0.119853608232,"11":2.02977884909},"op_mob":{"10":0,"11":0,"11.1":0,"11.5":0,"12":0,"12.1":0,"0":0.00523366375546},"edge":{"12":0.138132,"13":0.276264,"14":0.675312,"15":null},"bb":{"7":0.0169455,"10":null},"ie_mob":{"10":0.263829320388,"11":1.24586067961},"and_ff":{"0":0.03081},"and_qq":{"1.2":null},"samsung":{"0":8.87328},"and_uc":{"0":4.923438},"op_mini":{"0":2.39178433624},"and_chr":{"0":37.901403}},"total":99.2634105}