{"id":"FK","name":"Falkland Islands (Malvinas)","month":"2017-02","access_date":"2017-03-03","data":{"chrome":{"4":null,"5":null,"6":null,"7":null,"8":null,"9":null,"10":null,"11":null,"12":null,"13":null,"14":null,"15":null,"16":null,"17":null,"18":null,"19":null,"20":null,"21":null,"22":null,"23":null,"24":null,"25":null,"26":null,"27":null,"28":null,"29":null,"30":null,"31":null,"32":null,"33":null,"34":null,"35":null,"36":null,"37":null,"38":0.012328,"39":0.012328,"40":null,"41":0.012328,"42":null,"43":0.012328,"44":0.086296,"45":null,"46":null,"47":null,"48":null,"49":1.81838,"50":0.012328,"51":0.055476,"52":0.252724,"53":0.055476,"54":0.449972,"55":4.641492,"56":10.238404,"57":null,"58":null,"59":null},"firefox":{"2":null,"3":null,"3.5":null,"3.6":0.03082,"4":null,"5":null,"6":null,"7":null,"8":null,"9":null,"10":null,"11":null,"12":null,"13":null,"14":null,"15":null,"16":null,"17":null,"18":null,"19":null,"20":0.03082,"21":0.098624,"22":null,"23":null,"24":0.560924,"25":0.141772,"26":null,"27":null,"28":null,"29":null,"30":0.18492,"31":null,"32":null,"33":0.012328,"34":null,"35":null,"36":null,"37":null,"38":null,"39":null,"40":null,"41":0.043148,"42":0.141772,"43":null,"44":0.012328,"45":0.4623,"46":null,"47":0.18492,"48":0.166428,"49":0.33902,"50":0.86296,"51":7.316668,"52":null,"53":null,"54":null},"opera":{"9":null,"9.5-9.6":null,"10.0-10.1":0,"10.5":null,"10.6":null,"11":null,"11.1":null,"11.5":null,"11.6":null,"12":null,"12.1":null,"15":null,"16":null,"17":null,"18":null,"19":null,"20":null,"21":null,"22":null,"23":null,"24":null,"25":null,"26":null,"27":null,"28":null,"29":null,"30":null,"31":null,"32":null,"33":null,"34":null,"35":null,"36":null,"37":null,"38":null,"39":null,"40":null,"41":null,"42":0.043148,"43":0.055476,"44":null,"45":null},"safari":{"3.1":null,"3.2":null,"4":0,"5":null,"5.1":null,"6":0.012328,"6.1":0.141772,"7":0.03082,"7.1":null,"8":0.067804,"9":0.406824,"9.1":0.425316,"10":1.577984,"10.1":null,"0":null},"ios_saf":{"3.2":0,"4.0-4.1":0,"4.2-4.3":0,"5.0-5.1":0,"6.0-6.1":0.0585809140584,"7.0-7.1":0.258640262069,"8":0,"8.1-8.4":0.352590784615,"9.0-9.2":0.0696339167109,"9.3":0.956084729443,"10.0-10.2":8.7219243931},"android":{"2.1":0,"2.2":0,"2.3":0,"3":0,"4":0.0133772959184,"4.1":0.0401318877551,"4.2-4.3":0.129224678571,"4.4":0.285471494898,"4.4.3-4.4.4":0.161062642857,"53":null},"ie":{"5.5":null,"6":null,"7":null,"8":0.240752066864,"9":1.80872706644,"10":1.91984340499,"11":25.2048894617},"op_mob":{"10":0,"11":0,"11.1":0,"11.5":0,"12":0,"12.1":0,"0":0.00170905676856},"edge":{"12":0.086296,"13":0.240396,"14":0.505448,"15":null},"bb":{"7":0,"10":null},"ie_mob":{"10":0.120027320388,"11":0.566795679612},"and_ff":{"0":0.03837},"and_qq":{"1.2":null},"samsung":{"0":10.724415},"and_uc":{"0":null},"op_mini":{"0":0.781038943231},"and_chr":{"0":14.9921}},"total":99.288615}