{"id":"FM","name":"Micronesia","month":"2017-02","access_date":"2017-03-03","data":{"chrome":{"4":null,"5":null,"6":null,"7":null,"8":null,"9":null,"10":null,"11":null,"12":null,"13":null,"14":null,"15":null,"16":null,"17":null,"18":null,"19":null,"20":null,"21":null,"22":null,"23":0.007761,"24":null,"25":null,"26":0.861471,"27":null,"28":null,"29":null,"30":null,"31":null,"32":null,"33":0.007761,"34":null,"35":null,"36":0.015522,"37":null,"38":0.031044,"39":0.031044,"40":0.015522,"41":null,"42":null,"43":0.046566,"44":null,"45":0.007761,"46":0.07761,"47":null,"48":0.116415,"49":0.714012,"50":0.015522,"51":0.007761,"52":0.023283,"53":0.07761,"54":0.116415,"55":21.071115,"56":36.189543,"57":0.038805,"58":0.046566,"59":null},"firefox":{"2":null,"3":null,"3.5":null,"3.6":null,"4":null,"5":null,"6":null,"7":null,"8":null,"9":null,"10":0.015522,"11":0.015522,"12":null,"13":0.007761,"14":null,"15":null,"16":null,"17":null,"18":null,"19":null,"20":null,"21":null,"22":null,"23":null,"24":0.031044,"25":0.007761,"26":0.015522,"27":null,"28":0.023283,"29":null,"30":null,"31":null,"32":0.186264,"33":null,"34":0.015522,"35":null,"36":null,"37":null,"38":0.023283,"39":0.054327,"40":null,"41":0.023283,"42":0.015522,"43":0.054327,"44":0.062088,"45":0.015522,"46":0.085371,"47":0.124176,"48":0.263874,"49":0.038805,"50":0.457899,"51":6.263127,"52":0.147459,"53":null,"54":null},"opera":{"9":null,"9.5-9.6":null,"10.0-10.1":0,"10.5":null,"10.6":null,"11":null,"11.1":null,"11.5":null,"11.6":null,"12":null,"12.1":null,"15":null,"16":null,"17":null,"18":null,"19":null,"20":null,"21":null,"22":null,"23":null,"24":null,"25":null,"26":null,"27":null,"28":null,"29":null,"30":null,"31":null,"32":null,"33":null,"34":null,"35":0.007761,"36":null,"37":0.015522,"38":null,"39":null,"40":null,"41":null,"42":0.007761,"43":0.046566,"44":null,"45":null},"safari":{"3.1":null,"3.2":null,"4":0,"5":0.038805,"5.1":0.046566,"6":null,"6.1":0.023283,"7":null,"7.1":null,"8":0.124176,"9":0.038805,"9.1":0.791622,"10":0.636402,"10.1":null,"0":null},"ios_saf":{"3.2":0,"4.0-4.1":0,"4.2-4.3":0,"5.0-5.1":0,"6.0-6.1":0.0184157708223,"7.0-7.1":0.0813073655172,"8":0,"8.1-8.4":0.110842092308,"9.0-9.2":0.0218904445623,"9.3":0.300559278515,"10.0-10.2":2.74186504828},"android":{"2.1":0,"2.2":0,"2.3":0,"3":0,"4":0.0571428571429,"4.1":0.171428571429,"4.2-4.3":0.552,"4.4":1.21942857143,"4.4.3-4.4.4":0.688,"53":null},"ie":{"5.5":null,"6":null,"7":null,"8":0.178503,"9":0.147459,"10":0.108654,"11":4.245267},"op_mob":{"10":0,"11":0,"11.1":0,"11.5":0,"12":0,"12.1":0,"0":0.000885240174672},"edge":{"12":0.31044,"13":0.519987,"14":1.381458,"15":null},"bb":{"7":0.00448,"10":null},"ie_mob":{"10":0.0356225242718,"11":0.168217475728},"and_ff":{"0":null},"and_qq":{"1.2":null},"samsung":{"0":0.60704},"and_uc":{"0":1.17376},"op_mini":{"0":0.404554759825},"and_chr":{"0":14.448623}},"total":98.941473}