{"id":"FO","name":"Faroe Islands","month":"2017-02","access_date":"2017-03-03","data":{"chrome":{"4":null,"5":null,"6":null,"7":null,"8":null,"9":null,"10":null,"11":0.005293,"12":null,"13":null,"14":null,"15":null,"16":null,"17":null,"18":null,"19":null,"20":null,"21":null,"22":0.010586,"23":null,"24":null,"25":null,"26":null,"27":null,"28":null,"29":null,"30":null,"31":0.005293,"32":0.015879,"33":0.031758,"34":0.021172,"35":null,"36":0.063516,"37":null,"38":0.063516,"39":null,"40":0.005293,"41":null,"42":0.021172,"43":0.015879,"44":0.010586,"45":null,"46":null,"47":0.021172,"48":null,"49":1.302078,"50":null,"51":0.026465,"52":null,"53":0.111153,"54":0.058223,"55":5.128917,"56":16.863498,"57":0.047637,"58":0.026465,"59":null},"firefox":{"2":null,"3":null,"3.5":null,"3.6":null,"4":null,"5":null,"6":null,"7":null,"8":null,"9":null,"10":null,"11":null,"12":null,"13":null,"14":null,"15":null,"16":0.005293,"17":null,"18":null,"19":null,"20":null,"21":null,"22":null,"23":null,"24":null,"25":null,"26":null,"27":null,"28":null,"29":null,"30":null,"31":null,"32":null,"33":null,"34":null,"35":null,"36":null,"37":null,"38":0.042344,"39":0.010586,"40":0.005293,"41":null,"42":null,"43":null,"44":0.021172,"45":0.84688,"46":null,"47":0.015879,"48":0.127032,"49":0.031758,"50":0.280529,"51":4.562566,"52":0.005293,"53":null,"54":null},"opera":{"9":null,"9.5-9.6":null,"10.0-10.1":0,"10.5":null,"10.6":null,"11":null,"11.1":null,"11.5":null,"11.6":null,"12":null,"12.1":0.010586,"15":null,"16":null,"17":null,"18":null,"19":null,"20":null,"21":null,"22":null,"23":null,"24":null,"25":null,"26":null,"27":null,"28":null,"29":null,"30":null,"31":null,"32":null,"33":null,"34":null,"35":null,"36":0.005293,"37":null,"38":null,"39":null,"40":null,"41":null,"42":0.037051,"43":0.084688,"44":null,"45":null},"safari":{"3.1":null,"3.2":null,"4":0,"5":0.026465,"5.1":0.068809,"6":null,"6.1":0.21172,"7":0.026465,"7.1":null,"8":0.148204,"9":0.084688,"9.1":0.862759,"10":2.17013,"10.1":0.010586,"0":null},"ios_saf":{"3.2":0,"4.0-4.1":0,"4.2-4.3":0,"5.0-5.1":0,"6.0-6.1":0.160190821432,"7.0-7.1":0.707257588966,"8":0,"8.1-8.4":0.964167396923,"9.0-9.2":0.190415504721,"9.3":2.61443510451,"10.0-10.2":23.8502975834},"android":{"2.1":0,"2.2":0,"2.3":0,"3":0,"4":0.00940599489796,"4.1":0.0282179846939,"4.2-4.3":0.0908619107143,"4.4":0.200723931122,"4.4.3-4.4.4":0.113248178571,"53":null},"ie":{"5.5":null,"6":null,"7":0.026465,"8":0.153497,"9":0.275236,"10":0.185255,"11":13.02078},"op_mob":{"10":0,"11":0,"11.1":0,"11.5":0,"12":0,"12.1":0,"0":0.000215823144105},"edge":{"12":0.021172,"13":0.481663,"14":4.874853,"15":null},"bb":{"7":0.00353025,"10":null},"ie_mob":{"10":0.156290679612,"11":0.738039320388},"and_ff":{"0":0.037656},"and_qq":{"1.2":null},"samsung":{"0":6.528609},"and_uc":{"0":null},"op_mini":{"0":0.0986311768559},"and_chr":{"0":10.225948}},"total":99.31468325}