{"id":"FR","name":"France","month":"2017-02","access_date":"2017-03-03","data":{"chrome":{"4":null,"5":null,"6":null,"7":null,"8":null,"9":null,"10":null,"11":0.013246,"12":null,"13":null,"14":null,"15":null,"16":0.019869,"17":null,"18":0.019869,"19":null,"20":null,"21":0.006623,"22":0.013246,"23":0.013246,"24":null,"25":0.019869,"26":null,"27":null,"28":0.006623,"29":0.026492,"30":0.006623,"31":0.033115,"32":0.039738,"33":0.013246,"34":0.046361,"35":0.046361,"36":0.059607,"37":0.033115,"38":0.046361,"39":0.072853,"40":0.039738,"41":0.072853,"42":0.086099,"43":0.172198,"44":0.059607,"45":0.086099,"46":0.079476,"47":0.079476,"48":0.105968,"49":1.695488,"50":0.145706,"51":0.92722,"52":0.19869,"53":0.258297,"54":0.404003,"55":7.073364,"56":20.471693,"57":0.072853,"58":0.039738,"59":null},"firefox":{"2":null,"3":0.013246,"3.5":null,"3.6":0.019869,"4":null,"5":null,"6":null,"7":null,"8":null,"9":null,"10":null,"11":null,"12":0.013246,"13":null,"14":null,"15":0.006623,"16":0.019869,"17":0.013246,"18":null,"19":null,"20":0.006623,"21":0.013246,"22":null,"23":null,"24":0.033115,"25":null,"26":0.019869,"27":null,"28":0.006623,"29":0.013246,"30":0.013246,"31":0.059607,"32":0.013246,"33":0.019869,"34":0.013246,"35":0.033115,"36":0.026492,"37":0.026492,"38":0.205313,"39":0.039738,"40":0.033115,"41":0.059607,"42":0.072853,"43":0.119214,"44":0.033115,"45":0.894105,"46":0.092722,"47":0.430495,"48":0.59607,"49":0.158952,"50":0.695415,"51":11.179624,"52":0.072853,"53":0.019869,"54":null},"opera":{"9":null,"9.5-9.6":null,"10.0-10.1":0,"10.5":null,"10.6":null,"11":null,"11.1":null,"11.5":null,"11.6":null,"12":null,"12.1":0.026492,"15":null,"16":null,"17":null,"18":null,"19":null,"20":null,"21":null,"22":null,"23":null,"24":null,"25":null,"26":null,"27":null,"28":0.013246,"29":null,"30":null,"31":null,"32":null,"33":null,"34":null,"35":null,"36":0.026492,"37":null,"38":0.105968,"39":null,"40":null,"41":null,"42":0.185444,"43":0.278166,"44":null,"45":null},"safari":{"3.1":null,"3.2":null,"4":0.033115,"5":0.079476,"5.1":0.185444,"6":0.013246,"6.1":0.119214,"7":0.039738,"7.1":0.006623,"8":0.19869,"9":0.26492,"9.1":1.072926,"10":3.960554,"10.1":0.033115,"0":null},"ios_saf":{"3.2":0,"4.0-4.1":0,"4.2-4.3":0,"5.0-5.1":0,"6.0-6.1":0.0644332443501,"7.0-7.1":0.284478852414,"8":0,"8.1-8.4":0.387815187692,"9.0-9.2":0.0765904602653,"9.3":1.05159917666,"10.0-10.2":9.59325907862},"android":{"2.1":0,"2.2":0,"2.3":0,"3":0,"4":0.0195326530612,"4.1":0.0585979591837,"4.2-4.3":0.188685428571,"4.4":0.416826816327,"4.4.3-4.4.4":0.235173142857,"53":null},"ie":{"5.5":null,"6":0.00675229934924,"7":0.027009197397,"8":0.310605770065,"9":0.26333967462,"10":0.27009197397,"11":5.3478210846},"op_mob":{"10":0,"11":0,"11.1":0,"11.5":0,"12":0,"12.1":0,"0":0.000309772925764},"edge":{"12":0.092722,"13":0.324527,"14":3.44396,"15":null},"bb":{"7":0.013512,"10":null},"ie_mob":{"10":0.0920914951456,"11":0.434876504854},"and_ff":{"0":0.054048},"and_qq":{"1.2":null},"samsung":{"0":3.638106},"and_uc":{"0":0.391848},"op_mini":{"0":0.141566227074},"and_chr":{"0":16.780148}},"total":98.345419}