{"id":"GA","name":"Gabon","month":"2017-02","access_date":"2017-03-03","data":{"chrome":{"4":null,"5":0.002476,"6":0.019808,"7":null,"8":0.002476,"9":null,"10":0.002476,"11":0.051996,"12":null,"13":null,"14":null,"15":null,"16":null,"17":0.004952,"18":0.004952,"19":null,"20":0.002476,"21":null,"22":0.019808,"23":0.002476,"24":0.004952,"25":0.004952,"26":0.032188,"27":0.009904,"28":0.009904,"29":0.004952,"30":0.004952,"31":0.002476,"32":0.21046,"33":0.014856,"34":0.004952,"35":0.007428,"36":0.153512,"37":0.002476,"38":0.029712,"39":0.101516,"40":0.009904,"41":0.007428,"42":0.004952,"43":0.071804,"44":0.007428,"45":0.059424,"46":0.009904,"47":0.019808,"48":0.02476,"49":0.487772,"50":0.289692,"51":0.064376,"52":0.022284,"53":0.302072,"54":0.116372,"55":2.73598,"56":6.960036,"57":0.017332,"58":0.032188,"59":null},"firefox":{"2":0.002476,"3":0.056948,"3.5":0.014856,"3.6":0.007428,"4":null,"5":null,"6":null,"7":null,"8":0.004952,"9":null,"10":0.007428,"11":0.007428,"12":0.01238,"13":0.019808,"14":0.002476,"15":0.027236,"16":0.014856,"17":0.004952,"18":0.002476,"19":0.004952,"20":0.007428,"21":0.022284,"22":0.004952,"23":0.007428,"24":null,"25":0.007428,"26":0.029712,"27":null,"28":0.004952,"29":0.007428,"30":0.027236,"31":0.02476,"32":0.017332,"33":0.01238,"34":0.009904,"35":0.039616,"36":0.116372,"37":0.04952,"38":0.027236,"39":0.059424,"40":0.03714,"41":0.056948,"42":0.07428,"43":0.274836,"44":0.042092,"45":0.03714,"46":0.032188,"47":0.363972,"48":0.492724,"49":0.21046,"50":0.398636,"51":4.597932,"52":0.066852,"53":0.014856,"54":0.01238},"opera":{"9":null,"9.5-9.6":null,"10.0-10.1":0,"10.5":null,"10.6":null,"11":null,"11.1":null,"11.5":0.002476,"11.6":null,"12":0.004952,"12.1":0.014856,"15":null,"16":null,"17":null,"18":null,"19":0.007428,"20":null,"21":null,"22":0.004952,"23":null,"24":0.004952,"25":null,"26":null,"27":null,"28":0.007428,"29":0.002476,"30":0.155988,"31":null,"32":null,"33":null,"34":0.004952,"35":0.009904,"36":0.027236,"37":0.01238,"38":0.004952,"39":0.004952,"40":0.004952,"41":0.014856,"42":0.168368,"43":0.245124,"44":null,"45":null},"safari":{"3.1":null,"3.2":null,"4":0.02476,"5":0.002476,"5.1":0.059424,"6":null,"6.1":0.004952,"7":0.007428,"7.1":0.044568,"8":0.133704,"9":0.009904,"9.1":0.155988,"10":0.762608,"10.1":null,"0":null},"ios_saf":{"3.2":0,"4.0-4.1":0,"4.2-4.3":0,"5.0-5.1":0,"6.0-6.1":0.00884397082228,"7.0-7.1":0.0390469655172,"8":0,"8.1-8.4":0.0532306923077,"9.0-9.2":0.0105126445623,"9.3":0.144340278515,"10.0-10.2":1.31675044828},"android":{"2.1":0,"2.2":0,"2.3":0,"3":0,"4":0.171968005952,"4.1":0.515904017857,"4.2-4.3":1.6612109375,"4.4":3.66979724702,"4.4.3-4.4.4":2.07049479167,"53":null},"ie":{"5.5":0.00497414008942,"6":0.00248707004471,"7":0.00746121013413,"8":0.233784584203,"9":0.0547155409836,"10":0.101969871833,"11":1.24353502235},"op_mob":{"10":0,"11":0,"11.1":0,"11.5":0,"12":0,"12.1":0,"0":0.0534472161572},"edge":{"12":0.128752,"13":0.09904,"14":0.363972,"15":null},"bb":{"7":0.69794375,"10":null},"ie_mob":{"10":0.610182524272,"11":2.88141747573},"and_ff":{"0":0.037625},"and_qq":{"1.2":null},"samsung":{"0":6.358625},"and_uc":{"0":3.92805},"op_mini":{"0":24.4253777838},"and_chr":{"0":23.174437}},"total":95.3139771896}