{"id":"GB","name":"United Kingdom","month":"2017-02","access_date":"2017-03-03","data":{"chrome":{"4":null,"5":null,"6":null,"7":null,"8":null,"9":null,"10":null,"11":0.015774,"12":null,"13":null,"14":null,"15":null,"16":null,"17":null,"18":0.010516,"19":0.068354,"20":null,"21":0.010516,"22":0.036806,"23":null,"24":0.199804,"25":null,"26":0.010516,"27":null,"28":null,"29":0.005258,"30":0.068354,"31":0.010516,"32":0.042064,"33":0.015774,"34":0.031548,"35":0.152482,"36":0.047322,"37":0.036806,"38":0.057838,"39":0.036806,"40":0.042064,"41":0.063096,"42":0.063096,"43":0.120934,"44":0.036806,"45":0.057838,"46":0.047322,"47":0.047322,"48":0.047322,"49":1.014794,"50":0.07887,"51":0.278674,"52":0.110418,"53":0.15774,"54":0.5258,"55":6.65137,"56":17.977102,"57":0.073612,"58":0.042064,"59":null},"firefox":{"2":0.068354,"3":null,"3.5":null,"3.6":0.005258,"4":null,"5":null,"6":null,"7":null,"8":null,"9":null,"10":null,"11":null,"12":null,"13":null,"14":null,"15":0.063096,"16":0.005258,"17":null,"18":0.068354,"19":null,"20":null,"21":0.073612,"22":null,"23":0.073612,"24":0.005258,"25":0.136708,"26":0.005258,"27":0.005258,"28":0.005258,"29":0.005258,"30":null,"31":0.021032,"32":0.010516,"33":0.010516,"34":0.010516,"35":0.015774,"36":0.021032,"37":0.010516,"38":0.042064,"39":0.015774,"40":0.015774,"41":0.015774,"42":0.015774,"43":0.042064,"44":0.015774,"45":0.189288,"46":0.031548,"47":0.152482,"48":0.215578,"49":0.068354,"50":0.310222,"51":4.663846,"52":0.068354,"53":0.010516,"54":null},"opera":{"9":null,"9.5-9.6":null,"10.0-10.1":0.073612,"10.5":null,"10.6":null,"11":null,"11.1":null,"11.5":null,"11.6":null,"12":null,"12.1":0.021032,"15":null,"16":null,"17":null,"18":null,"19":null,"20":null,"21":null,"22":null,"23":null,"24":null,"25":null,"26":null,"27":null,"28":null,"29":null,"30":null,"31":null,"32":null,"33":null,"34":null,"35":null,"36":0.031548,"37":0.005258,"38":0.015774,"39":null,"40":null,"41":null,"42":0.126192,"43":0.205062,"44":null,"45":null},"safari":{"3.1":null,"3.2":null,"4":0.010516,"5":0.10516,"5.1":0.120934,"6":0.005258,"6.1":0.068354,"7":0.036806,"7.1":0.010516,"8":0.189288,"9":0.220836,"9.1":0.878086,"10":3.323056,"10.1":0.031548,"0":null},"ios_saf":{"3.2":0,"4.0-4.1":0,"4.2-4.3":0,"5.0-5.1":0,"6.0-6.1":0.125836328276,"7.0-7.1":0.55557926069,"8":0,"8.1-8.4":0.75739224,"9.0-9.2":0.149579031724,"9.3":2.05374384828,"10.0-10.2":18.735367291},"android":{"2.1":0,"2.2":0,"2.3":0,"3":0,"4":0.0213712585034,"4.1":0.0641137755102,"4.2-4.3":0.206446357143,"4.4":0.456062656463,"4.4.3-4.4.4":0.257309952381,"53":null},"ie":{"5.5":null,"6":null,"7":0.010563981749,"8":0.332765425095,"9":0.38558533384,"10":0.380303342966,"11":5.83659991635},"op_mob":{"10":0,"11":0,"11.1":0,"11.5":0,"12":0,"12.1":0,"0":0.0011906768559},"edge":{"12":0.099902,"13":0.325996,"14":3.65431,"15":null},"bb":{"7":0.1292195,"10":null},"ie_mob":{"10":0.122647456311,"11":0.579168543689},"and_ff":{"0":0.066388},"and_qq":{"1.2":null},"samsung":{"0":4.713548},"and_uc":{"0":0.80614},"op_mini":{"0":0.544139323144},"and_chr":{"0":16.429704}},"total":98.0667375}