{"id":"GD","name":"Grenada","month":"2017-02","access_date":"2017-03-03","data":{"chrome":{"4":null,"5":null,"6":null,"7":null,"8":null,"9":null,"10":null,"11":0.016659,"12":null,"13":null,"14":null,"15":null,"16":null,"17":null,"18":null,"19":null,"20":null,"21":null,"22":0.094401,"23":null,"24":null,"25":null,"26":null,"27":null,"28":null,"29":0.016659,"30":null,"31":0.033318,"32":0.05553,"33":null,"34":0.011106,"35":0.044424,"36":0.105507,"37":null,"38":0.033318,"39":0.016659,"40":0.016659,"41":0.011106,"42":0.038871,"43":0.016659,"44":0.027765,"45":0.155484,"46":0.016659,"47":0.011106,"48":0.016659,"49":1.038411,"50":0.155484,"51":0.044424,"52":0.066636,"53":0.732996,"54":0.066636,"55":7.474338,"56":24.999606,"57":0.144378,"58":0.061083,"59":null},"firefox":{"2":null,"3":null,"3.5":null,"3.6":null,"4":null,"5":null,"6":null,"7":null,"8":null,"9":null,"10":null,"11":null,"12":null,"13":null,"14":null,"15":null,"16":null,"17":null,"18":null,"19":null,"20":null,"21":0.088848,"22":null,"23":null,"24":null,"25":null,"26":null,"27":null,"28":null,"29":null,"30":null,"31":null,"32":null,"33":null,"34":null,"35":null,"36":null,"37":null,"38":null,"39":0.022212,"40":0.027765,"41":null,"42":null,"43":0.005553,"44":0.011106,"45":0.061083,"46":0.005553,"47":0.255438,"48":0.133272,"49":0.027765,"50":0.544194,"51":4.603437,"52":0.11106,"53":null,"54":null},"opera":{"9":null,"9.5-9.6":null,"10.0-10.1":0,"10.5":null,"10.6":null,"11":null,"11.1":null,"11.5":null,"11.6":null,"12":null,"12.1":null,"15":null,"16":null,"17":null,"18":null,"19":null,"20":null,"21":null,"22":null,"23":null,"24":null,"25":null,"26":null,"27":null,"28":null,"29":0.011106,"30":null,"31":null,"32":null,"33":null,"34":0.027765,"35":null,"36":null,"37":null,"38":null,"39":null,"40":null,"41":null,"42":0.205461,"43":0.272097,"44":null,"45":null},"safari":{"3.1":null,"3.2":null,"4":0,"5":null,"5.1":0.061083,"6":null,"6.1":0.005553,"7":0.005553,"7.1":null,"8":0.099954,"9":0.211014,"9.1":0.399816,"10":1.55484,"10.1":null,"0":null},"ios_saf":{"3.2":0,"4.0-4.1":0,"4.2-4.3":0,"5.0-5.1":0,"6.0-6.1":0.0309836762865,"7.0-7.1":0.136795853793,"8":0,"8.1-8.4":0.186486655385,"9.0-9.2":0.0368296529443,"9.3":0.505676980902,"10.0-10.2":4.61306018069},"android":{"2.1":0,"2.2":0,"2.3":0,"3":0,"4":0.0917950042517,"4.1":0.275385012755,"4.2-4.3":0.886739741071,"4.4":1.95890539073,"4.4.3-4.4.4":1.10521185119,"53":null},"ie":{"5.5":null,"6":null,"7":null,"8":0.05553,"9":0.305415,"10":0.122166,"11":3.642768},"op_mob":{"10":0,"11":0,"11.1":0,"11.5":0,"12":0,"12.1":0,"0":0.00161179475983},"edge":{"12":0.155484,"13":0.310968,"14":3.642768,"15":null},"bb":{"7":0.05002875,"10":null},"ie_mob":{"10":0.198949281553,"11":0.939482718447},"and_ff":{"0":0.004447},"and_qq":{"1.2":null},"samsung":{"0":4.051217},"and_uc":{"0":0.249032},"op_mini":{"0":0.73659020524},"and_chr":{"0":30.511701}},"total":99.08009775}