{"id":"GE","name":"Georgia","month":"2017-02","access_date":"2017-03-03","data":{"chrome":{"4":null,"5":null,"6":null,"7":null,"8":null,"9":null,"10":0.007689,"11":0.023067,"12":0.015378,"13":null,"14":null,"15":0.007689,"16":0.007689,"17":0.015378,"18":0.015378,"19":0.030756,"20":0.007689,"21":0.015378,"22":0.046134,"23":0.023067,"24":0.030756,"25":0.007689,"26":0.023067,"27":0.023067,"28":0.015378,"29":0.015378,"30":0.046134,"31":0.046134,"32":0.023067,"33":0.069201,"34":0.015378,"35":0.038445,"36":0.099957,"37":0.015378,"38":0.023067,"39":0.138402,"40":0.030756,"41":0.130713,"42":0.023067,"43":0.207603,"44":0.046134,"45":0.046134,"46":0.053823,"47":0.107646,"48":0.07689,"49":2.322078,"50":0.115335,"51":0.315249,"52":0.176847,"53":0.392139,"54":0.330627,"55":11.84106,"56":38.98323,"57":0.192225,"58":0.15378,"59":null},"firefox":{"2":null,"3":null,"3.5":null,"3.6":0.023067,"4":null,"5":null,"6":null,"7":null,"8":null,"9":null,"10":null,"11":null,"12":null,"13":null,"14":null,"15":null,"16":null,"17":null,"18":null,"19":null,"20":null,"21":0.030756,"22":null,"23":null,"24":0.007689,"25":0.007689,"26":null,"27":null,"28":null,"29":null,"30":null,"31":0.007689,"32":null,"33":null,"34":null,"35":0.015378,"36":null,"37":0.046134,"38":0.015378,"39":null,"40":0.007689,"41":null,"42":0.007689,"43":0.046134,"44":null,"45":0.030756,"46":0.023067,"47":0.123024,"48":0.053823,"49":0.038445,"50":0.146091,"51":2.422035,"52":0.030756,"53":null,"54":null},"opera":{"9":null,"9.5-9.6":null,"10.0-10.1":0,"10.5":null,"10.6":null,"11":null,"11.1":null,"11.5":null,"11.6":0.015378,"12":0.023067,"12.1":0.253737,"15":0.046134,"16":0.007689,"17":0.015378,"18":0.030756,"19":0.015378,"20":0.07689,"21":null,"22":null,"23":null,"24":null,"25":null,"26":null,"27":0.007689,"28":0.061512,"29":0.030756,"30":0.023067,"31":0.015378,"32":0.015378,"33":0.023067,"34":0.061512,"35":0.07689,"36":0.476718,"37":0.038445,"38":0.092268,"39":0.053823,"40":0.053823,"41":0.130713,"42":2.429724,"43":5.113185,"44":0.023067,"45":null},"safari":{"3.1":null,"3.2":null,"4":0,"5":0.007689,"5.1":0.023067,"6":null,"6.1":0.007689,"7":0.015378,"7.1":null,"8":0.015378,"9":0.030756,"9.1":0.07689,"10":0.30756,"10.1":null,"0":null},"ios_saf":{"3.2":0,"4.0-4.1":0,"4.2-4.3":0,"5.0-5.1":0,"6.0-6.1":0.0223393397347,"7.0-7.1":0.0986302924138,"8":0,"8.1-8.4":0.134457535385,"9.0-9.2":0.026554309496,"9.3":0.36459488435,"10.0-10.2":3.32603263862},"android":{"2.1":0,"2.2":0,"2.3":0,"3":0,"4":0.0281505739796,"4.1":0.0844517219388,"4.2-4.3":0.271934544643,"4.4":0.600733248724,"4.4.3-4.4.4":0.338932910714,"53":null},"ie":{"5.5":null,"6":null,"7":0.00771588461538,"8":0.262340076923,"9":0.0925906153846,"10":0.0694429615385,"11":1.75922169231},"op_mob":{"10":0,"11":0,"11.1":0,"11.5":0,"12":0,"12.1":0,"0":0.00299218995633},"edge":{"12":0.038445,"13":1.376331,"14":0.976503,"15":null},"bb":{"7":0.011555,"10":null},"ie_mob":{"10":0.0658298446602,"11":0.31086315534},"and_ff":{"0":0.011555},"and_qq":{"1.2":null},"samsung":{"0":1.451308},"and_uc":{"0":0.321229},"op_mini":{"0":1.36743081004},"and_chr":{"0":14.547512}},"total":97.1399212308}