{"id":"GG","name":"Guernsey","month":"2017-02","access_date":"2017-03-03","data":{"chrome":{"4":null,"5":null,"6":null,"7":null,"8":null,"9":null,"10":null,"11":0.010892,"12":null,"13":null,"14":null,"15":null,"16":null,"17":null,"18":null,"19":null,"20":null,"21":null,"22":0.070798,"23":null,"24":null,"25":null,"26":0.010892,"27":null,"28":null,"29":null,"30":null,"31":null,"32":0.049014,"33":0.010892,"34":0.016338,"35":null,"36":0.038122,"37":null,"38":0.021784,"39":null,"40":null,"41":0.005446,"42":null,"43":0.021784,"44":0.032676,"45":0.021784,"46":null,"47":null,"48":null,"49":1.405068,"50":0.005446,"51":0.070798,"52":0.016338,"53":0.038122,"54":0.141596,"55":5.96337,"56":15.597344,"57":0.049014,"58":null,"59":null},"firefox":{"2":null,"3":null,"3.5":null,"3.6":null,"4":null,"5":null,"6":null,"7":null,"8":null,"9":null,"10":null,"11":0.005446,"12":null,"13":null,"14":null,"15":null,"16":null,"17":null,"18":null,"19":null,"20":null,"21":0.21784,"22":null,"23":null,"24":null,"25":null,"26":null,"27":null,"28":0.010892,"29":null,"30":0.043568,"31":0.076244,"32":0.021784,"33":null,"34":null,"35":null,"36":null,"37":null,"38":null,"39":null,"40":null,"41":null,"42":0.010892,"43":null,"44":0.021784,"45":0.10892,"46":null,"47":0.05446,"48":0.239624,"49":0.05446,"50":0.38122,"51":4.678114,"52":2.630418,"53":null,"54":null},"opera":{"9":null,"9.5-9.6":null,"10.0-10.1":0,"10.5":null,"10.6":null,"11":null,"11.1":null,"11.5":null,"11.6":null,"12":null,"12.1":null,"15":null,"16":null,"17":null,"18":null,"19":null,"20":null,"21":null,"22":null,"23":null,"24":null,"25":null,"26":null,"27":null,"28":0.010892,"29":null,"30":null,"31":null,"32":null,"33":null,"34":null,"35":null,"36":null,"37":null,"38":null,"39":null,"40":null,"41":0.005446,"42":0.043568,"43":0.125258,"44":null,"45":null},"safari":{"3.1":null,"3.2":0.049014,"4":0.02723,"5":0.065352,"5.1":0.19061,"6":null,"6.1":0.141596,"7":0.059906,"7.1":null,"8":0.16338,"9":0.250516,"9.1":1.187228,"10":6.110412,"10.1":0.005446,"0":null},"ios_saf":{"3.2":0,"4.0-4.1":0,"4.2-4.3":0,"5.0-5.1":0,"6.0-6.1":0.159849507056,"7.0-7.1":0.705750653793,"8":0,"8.1-8.4":0.962113070769,"9.0-9.2":0.190009791406,"9.3":2.60886459629,"10.0-10.2":23.7994803807},"android":{"2.1":0,"2.2":0,"2.3":0,"3":0,"4":0.00997155612245,"4.1":0.0299146683673,"4.2-4.3":0.0963252321429,"4.4":0.212793007653,"4.4.3-4.4.4":0.120057535714,"53":null},"ie":{"5.5":null,"6":null,"7":0.021784,"8":0.201502,"9":0.446572,"10":0.08169,"11":8.479422},"op_mob":{"10":0,"11":0,"11.1":0,"11.5":0,"12":0,"12.1":0,"0":7.95458515284e-5},"edge":{"12":0.049014,"13":0.370328,"14":3.70328,"15":null},"bb":{"7":0.0148005,"10":null},"ie_mob":{"10":0.134497747573,"11":0.635128252427},"and_ff":{"0":0.013662},"and_qq":{"1.2":null},"samsung":{"0":5.155128},"and_uc":{"0":0.013662},"op_mini":{"0":0.0363524541485},"and_chr":{"0":10.3765}},"total":99.2175705}