{"id":"GH","name":"Ghana","month":"2017-02","access_date":"2017-03-03","data":{"chrome":{"4":null,"5":null,"6":null,"7":null,"8":null,"9":null,"10":null,"11":0.037236,"12":null,"13":null,"14":null,"15":null,"16":null,"17":null,"18":0.006206,"19":0.012412,"20":0.009309,"21":0.006206,"22":0.006206,"23":0.015515,"24":0.006206,"25":0.018618,"26":0.006206,"27":0.040339,"28":0.012412,"29":0.018618,"30":0.006206,"31":0.052751,"32":0.111708,"33":0.046545,"34":0.003103,"35":0.021721,"36":0.037236,"37":0.009309,"38":0.006206,"39":0.021721,"40":0.012412,"41":0.015515,"42":0.012412,"43":0.204798,"44":0.018618,"45":0.037236,"46":0.03103,"47":0.034133,"48":0.03103,"49":0.518201,"50":0.06206,"51":0.117914,"52":0.080678,"53":0.490274,"54":0.111708,"55":2.860966,"56":9.017318,"57":0.114811,"58":0.105502,"59":null},"firefox":{"2":null,"3":0.049648,"3.5":null,"3.6":0.015515,"4":0.015515,"5":0.006206,"6":0.006206,"7":0.003103,"8":0.006206,"9":0.006206,"10":0.015515,"11":0.021721,"12":0.018618,"13":0.009309,"14":0.009309,"15":0.015515,"16":0.018618,"17":0.009309,"18":0.009309,"19":0.012412,"20":0.012412,"21":0.015515,"22":0.015515,"23":0.012412,"24":0.012412,"25":0.015515,"26":0.012412,"27":0.015515,"28":0.015515,"29":0.058957,"30":0.058957,"31":0.024824,"32":0.024824,"33":0.024824,"34":0.034133,"35":0.040339,"36":0.040339,"37":0.080678,"38":0.077575,"39":0.089987,"40":0.15515,"41":0.086884,"42":0.068266,"43":0.260652,"44":0.260652,"45":0.136532,"46":0.133429,"47":0.595776,"48":0.409596,"49":0.356845,"50":0.766441,"51":5.439559,"52":1.157419,"53":0.009309,"54":0.009309},"opera":{"9":null,"9.5-9.6":null,"10.0-10.1":0,"10.5":null,"10.6":null,"11":null,"11.1":null,"11.5":0.003103,"11.6":0.006206,"12":0.003103,"12.1":0.021721,"15":null,"16":null,"17":0.003103,"18":0.006206,"19":0.006206,"20":null,"21":0.006206,"22":0.003103,"23":null,"24":null,"25":null,"26":null,"27":null,"28":0.006206,"29":0.009309,"30":null,"31":0.003103,"32":null,"33":0.006206,"34":0.006206,"35":0.024824,"36":0.021721,"37":0.046545,"38":0.006206,"39":0.009309,"40":0.046545,"41":0.018618,"42":0.313403,"43":0.474759,"44":null,"45":null},"safari":{"3.1":null,"3.2":null,"4":0.006206,"5":0.009309,"5.1":0.018618,"6":0.015515,"6.1":0.006206,"7":0.009309,"7.1":0.006206,"8":0.058957,"9":0.083781,"9.1":0.09309,"10":0.608188,"10.1":null,"0":null},"ios_saf":{"3.2":0,"4.0-4.1":0,"4.2-4.3":0,"5.0-5.1":0,"6.0-6.1":0.0169099072679,"7.0-7.1":0.0746588358621,"8":0,"8.1-8.4":0.101778498462,"9.0-9.2":0.020100455809,"9.3":0.275982448806,"10.0-10.2":2.51766185379},"android":{"2.1":0,"2.2":0,"2.3":0,"3":0,"4":0.0942765943878,"4.1":0.282829783163,"4.2-4.3":0.910711901786,"4.4":2.01186252423,"4.4.3-4.4.4":1.13509019643,"53":null},"ie":{"5.5":null,"6":0.00639646547315,"7":0.00639646547315,"8":0.201488662404,"9":0.067162887468,"10":0.105541680307,"11":0.863522838875},"op_mob":{"10":0,"11":0,"11.1":0,"11.5":0,"12":0,"12.1":0,"0":0.0759724126638},"edge":{"12":0.226519,"13":0.164459,"14":0.524407,"15":null},"bb":{"7":0.0655215,"10":null},"ie_mob":{"10":0.315788854369,"11":1.49122514563},"and_ff":{"0":0.06897},"and_qq":{"1.2":null},"samsung":{"0":1.641486},"and_uc":{"0":6.303858},"op_mini":{"0":34.7193925873},"and_chr":{"0":16.344743}},"total":97.7673465}