{"id":"GI","name":"Gibraltar","month":"2017-02","access_date":"2017-03-03","data":{"chrome":{"4":null,"5":null,"6":null,"7":null,"8":null,"9":null,"10":null,"11":null,"12":null,"13":null,"14":null,"15":null,"16":null,"17":null,"18":null,"19":null,"20":0.035345,"21":null,"22":null,"23":null,"24":null,"25":null,"26":null,"27":null,"28":null,"29":null,"30":null,"31":null,"32":0.056552,"33":null,"34":0.014138,"35":0.007069,"36":0.035345,"37":null,"38":null,"39":0.240346,"40":null,"41":0.035345,"42":null,"43":0.07069,"44":null,"45":0.007069,"46":0.021207,"47":0.014138,"48":null,"49":0.911901,"50":5.464337,"51":24.048738,"52":0.197932,"53":0.120173,"54":0.077759,"55":3.739501,"56":9.345218,"57":0.021207,"58":0.014138,"59":null},"firefox":{"2":null,"3":null,"3.5":null,"3.6":0.021207,"4":null,"5":null,"6":null,"7":null,"8":null,"9":null,"10":null,"11":null,"12":null,"13":null,"14":null,"15":null,"16":null,"17":null,"18":null,"19":null,"20":null,"21":null,"22":null,"23":null,"24":null,"25":null,"26":0.014138,"27":null,"28":null,"29":null,"30":null,"31":null,"32":null,"33":0.014138,"34":0.007069,"35":null,"36":0.021207,"37":null,"38":0.459485,"39":0.007069,"40":null,"41":null,"42":0.014138,"43":0.042414,"44":null,"45":0.904832,"46":2.276218,"47":5.549165,"48":0.049483,"49":0.028276,"50":0.275691,"51":2.064148,"52":0.021207,"53":0.014138,"54":null},"opera":{"9":null,"9.5-9.6":null,"10.0-10.1":0,"10.5":null,"10.6":null,"11":null,"11.1":null,"11.5":null,"11.6":null,"12":null,"12.1":null,"15":null,"16":null,"17":null,"18":null,"19":null,"20":null,"21":null,"22":null,"23":null,"24":null,"25":null,"26":null,"27":null,"28":null,"29":null,"30":null,"31":null,"32":null,"33":null,"34":null,"35":null,"36":null,"37":null,"38":0.021207,"39":null,"40":null,"41":null,"42":0.127242,"43":0.883625,"44":null,"45":null},"safari":{"3.1":null,"3.2":null,"4":0,"5":0.056552,"5.1":0.049483,"6":null,"6.1":0.056552,"7":null,"7.1":null,"8":0.600865,"9":0.982591,"9.1":2.283287,"10":1.463283,"10.1":null,"0":null},"ios_saf":{"3.2":0,"4.0-4.1":0,"4.2-4.3":0,"5.0-5.1":0,"6.0-6.1":0.0975076061538,"7.0-7.1":0.43050528,"8":0,"8.1-8.4":0.586885403077,"9.0-9.2":0.115905267692,"9.3":1.59139772308,"10.0-10.2":14.51759472},"android":{"2.1":0,"2.2":0,"2.3":0,"3":0,"4":0.0123994260204,"4.1":0.0371982780612,"4.2-4.3":0.119778455357,"4.4":0.264603751276,"4.4.3-4.4.4":0.149289089286,"53":null},"ie":{"5.5":null,"6":null,"7":null,"8":0.784659,"9":0.077759,"10":0.106035,"11":3.951571},"op_mob":{"10":0,"11":0,"11.1":0,"11.5":0,"12":0,"12.1":0,"0":1.27991266376e-5},"edge":{"12":0.035345,"13":0.530175,"14":1.166385,"15":null},"bb":{"7":0.00219825,"10":null},"ie_mob":{"10":0.0215129708738,"11":0.101589029126},"and_ff":{"0":0.008793},"and_qq":{"1.2":null},"samsung":{"0":1.896357},"and_uc":{"0":0.137757},"op_mini":{"0":0.00584920087336},"and_chr":{"0":9.140755}},"total":98.67667625}