{"id":"GL","name":"Greenland","month":"2017-02","access_date":"2017-03-03","data":{"chrome":{"4":null,"5":null,"6":null,"7":null,"8":null,"9":null,"10":null,"11":null,"12":null,"13":null,"14":null,"15":null,"16":null,"17":null,"18":null,"19":null,"20":null,"21":null,"22":null,"23":null,"24":null,"25":null,"26":null,"27":null,"28":null,"29":0.015489,"30":null,"31":null,"32":0.020652,"33":null,"34":0.015489,"35":0.005163,"36":null,"37":null,"38":0.010326,"39":0.010326,"40":null,"41":null,"42":null,"43":0.041304,"44":null,"45":0.020652,"46":0.005163,"47":null,"48":null,"49":0.635049,"50":0.020652,"51":0.072282,"52":0.046467,"53":0.087771,"54":0.056793,"55":3.738012,"56":12.861033,"57":0.025815,"58":0.010326,"59":null},"firefox":{"2":null,"3":0.046467,"3.5":null,"3.6":4.848057,"4":null,"5":null,"6":null,"7":null,"8":null,"9":null,"10":null,"11":null,"12":null,"13":null,"14":null,"15":null,"16":null,"17":null,"18":null,"19":null,"20":null,"21":null,"22":null,"23":null,"24":0.005163,"25":null,"26":null,"27":null,"28":null,"29":null,"30":null,"31":null,"32":null,"33":0.020652,"34":null,"35":null,"36":null,"37":null,"38":null,"39":null,"40":null,"41":0.010326,"42":0.015489,"43":0.010326,"44":0.010326,"45":0.092934,"46":null,"47":0.041304,"48":0.294291,"49":0.092934,"50":0.268476,"51":8.797752,"52":null,"53":null,"54":null},"opera":{"9":null,"9.5-9.6":null,"10.0-10.1":0,"10.5":0.010326,"10.6":null,"11":null,"11.1":null,"11.5":null,"11.6":null,"12":null,"12.1":null,"15":null,"16":null,"17":null,"18":null,"19":null,"20":null,"21":null,"22":null,"23":null,"24":null,"25":null,"26":null,"27":null,"28":null,"29":null,"30":null,"31":null,"32":null,"33":null,"34":null,"35":null,"36":0.056793,"37":null,"38":0.067119,"39":null,"40":null,"41":null,"42":0.030978,"43":0.077445,"44":null,"45":null},"safari":{"3.1":null,"3.2":null,"4":0.030978,"5":0.041304,"5.1":0.025815,"6":null,"6.1":0.056793,"7":0.005163,"7.1":null,"8":0.129075,"9":0.335595,"9.1":0.789939,"10":4.016814,"10.1":0.015489,"0":null},"ios_saf":{"3.2":0,"4.0-4.1":0,"4.2-4.3":0,"5.0-5.1":0,"6.0-6.1":0.0815459180902,"7.0-7.1":0.360032921379,"8":0,"8.1-8.4":0.490814110769,"9.0-9.2":0.0969319403714,"9.3":1.33089092732,"10.0-10.2":12.1411101821},"android":{"2.1":0,"2.2":0,"2.3":0,"3":0,"4":0.0213880952381,"4.1":0.0641642857143,"4.2-4.3":0.206609,"4.4":0.456421952381,"4.4.3-4.4.4":0.257512666667,"53":null},"ie":{"5.5":null,"6":null,"7":null,"8":0.108423,"9":0.170379,"10":0.160053,"11":9.458616},"op_mob":{"10":0,"11":0,"11.1":0,"11.5":0,"12":0,"12.1":0,"0":0.00682249344978},"edge":{"12":0.082608,"13":0.185868,"14":2.767368,"15":null},"bb":{"7":0,"10":null},"ie_mob":{"10":0.0253590291262,"11":0.119750970874},"and_ff":{"0":0.029022},"and_qq":{"1.2":null},"samsung":{"0":7.956865},"and_uc":{"0":7.274848},"op_mini":{"0":3.11787950655},"and_chr":{"0":13.067557}},"total":97.981728}