{"id":"GM","name":"Gambia","month":"2017-02","access_date":"2017-03-03","data":{"chrome":{"4":null,"5":null,"6":null,"7":null,"8":null,"9":null,"10":null,"11":0.029898,"12":null,"13":null,"14":0.002718,"15":0.057078,"16":null,"17":0.010872,"18":null,"19":null,"20":0.008154,"21":null,"22":0.01359,"23":0.02718,"24":null,"25":0.046206,"26":0.024462,"27":null,"28":null,"29":0.002718,"30":null,"31":0.029898,"32":0.010872,"33":0.02718,"34":0.005436,"35":0.043488,"36":0.47565,"37":null,"38":0.005436,"39":0.005436,"40":0.008154,"41":0.008154,"42":null,"43":0.065232,"44":0.008154,"45":0.01359,"46":0.010872,"47":0.05436,"48":0.008154,"49":0.636012,"50":0.02718,"51":0.048924,"52":0.032616,"53":0.750168,"54":0.209286,"55":1.989576,"56":7.208136,"57":0.097848,"58":0.14949,"59":null},"firefox":{"2":null,"3":0.146772,"3.5":null,"3.6":0.005436,"4":0.005436,"5":0.002718,"6":0.008154,"7":0.005436,"8":null,"9":null,"10":null,"11":0.04077,"12":0.016308,"13":0.002718,"14":0.002718,"15":0.005436,"16":0.010872,"17":0.01359,"18":0.024462,"19":0.010872,"20":0.002718,"21":0.02718,"22":0.002718,"23":0.008154,"24":0.008154,"25":0.005436,"26":0.005436,"27":0.008154,"28":0.005436,"29":0.097848,"30":0.008154,"31":0.01359,"32":0.100566,"33":0.01359,"34":0.029898,"35":0.01359,"36":0.035334,"37":0.021744,"38":0.089694,"39":0.01359,"40":0.04077,"41":0.024462,"42":0.032616,"43":0.214722,"44":0.16308,"45":0.046206,"46":0.04077,"47":0.331596,"48":0.138618,"49":0.097848,"50":0.483804,"51":5.89806,"52":1.967832,"53":null,"54":null},"opera":{"9":null,"9.5-9.6":null,"10.0-10.1":0,"10.5":null,"10.6":0.010872,"11":null,"11.1":null,"11.5":0.008154,"11.6":0.021744,"12":0.010872,"12.1":0.01359,"15":null,"16":0.002718,"17":null,"18":null,"19":0.005436,"20":0.005436,"21":null,"22":null,"23":null,"24":null,"25":null,"26":null,"27":null,"28":0.010872,"29":0.005436,"30":0.008154,"31":null,"32":null,"33":null,"34":null,"35":null,"36":0.01359,"37":0.002718,"38":null,"39":0.002718,"40":0.076104,"41":null,"42":0.20385,"43":0.445752,"44":null,"45":null},"safari":{"3.1":null,"3.2":null,"4":0.002718,"5":0.008154,"5.1":0.008154,"6":null,"6.1":0.005436,"7":0.02718,"7.1":null,"8":0.029898,"9":0.08154,"9.1":0.279954,"10":0.266364,"10.1":null,"0":null},"ios_saf":{"3.2":0,"4.0-4.1":0,"4.2-4.3":0,"5.0-5.1":0,"6.0-6.1":0.0278044916711,"7.0-7.1":0.122759453793,"8":0,"8.1-8.4":0.167351563077,"9.0-9.2":0.0330506221751,"9.3":0.453790288594,"10.0-10.2":4.13972158069},"android":{"2.1":0,"2.2":0,"2.3":0,"3":0,"4":0.20217457483,"4.1":0.60652372449,"4.2-4.3":1.95300639286,"4.4":4.31440542687,"4.4.3-4.4.4":2.43418188095,"53":null},"ie":{"5.5":null,"6":0.002718,"7":null,"8":0.119592,"9":0.092412,"10":0.051642,"11":1.206792},"op_mob":{"10":0,"11":0,"11.1":0,"11.5":0,"12":0,"12.1":0,"0":0.0368710873362},"edge":{"12":0.127746,"13":0.19026,"14":0.494676,"15":null},"bb":{"7":0.0236665,"10":null},"ie_mob":{"10":0.206158368932,"11":0.973525631068},"and_ff":{"0":0.050974},"and_qq":{"1.2":null},"samsung":{"0":4.529404},"and_uc":{"0":13.719288},"op_mini":{"0":16.8500869127},"and_chr":{"0":21.488116}},"total":98.6213565}