{"id":"GN","name":"Guinea","month":"2017-02","access_date":"2017-03-03","data":{"chrome":{"4":null,"5":null,"6":null,"7":null,"8":null,"9":null,"10":null,"11":0.031233,"12":0.001077,"13":null,"14":0.001077,"15":null,"16":0.011847,"17":null,"18":null,"19":null,"20":0.002154,"21":null,"22":null,"23":null,"24":null,"25":0.011847,"26":0.002154,"27":null,"28":0.011847,"29":0.019386,"30":0.001077,"31":0.019386,"32":0.072159,"33":0.072159,"34":0.002154,"35":0.023694,"36":0.009693,"37":0.001077,"38":0.008616,"39":0.002154,"40":0.005385,"41":0.001077,"42":0.006462,"43":0.144318,"44":0.002154,"45":0.109854,"46":0.006462,"47":0.017232,"48":0.006462,"49":0.176628,"50":0.077544,"51":0.044157,"52":0.044157,"53":0.292944,"54":0.037695,"55":1.013457,"56":2.568645,"57":0.007539,"58":0.006462,"59":null},"firefox":{"2":null,"3":0.040926,"3.5":0.004308,"3.6":0.008616,"4":0.007539,"5":0.001077,"6":0.002154,"7":null,"8":0.003231,"9":null,"10":0.005385,"11":0.01077,"12":0.002154,"13":null,"14":null,"15":0.005385,"16":0.004308,"17":0.005385,"18":0.002154,"19":0.007539,"20":0.011847,"21":0.005385,"22":0.026925,"23":0.028002,"24":0.006462,"25":0.005385,"26":0.006462,"27":0.003231,"28":0.009693,"29":0.019386,"30":0.031233,"31":0.009693,"32":0.018309,"33":0.029079,"34":0.016155,"35":0.023694,"36":0.006462,"37":0.006462,"38":0.03231,"39":0.029079,"40":0.02154,"41":0.044157,"42":0.026925,"43":0.104469,"44":0.02154,"45":0.049542,"46":0.017232,"47":0.30156,"48":0.072159,"49":0.095853,"50":0.136779,"51":1.896597,"52":0.017232,"53":0.002154,"54":null},"opera":{"9":null,"9.5-9.6":null,"10.0-10.1":0,"10.5":null,"10.6":0.001077,"11":0.009693,"11.1":null,"11.5":null,"11.6":0.002154,"12":0.002154,"12.1":0.006462,"15":0.002154,"16":null,"17":0.001077,"18":null,"19":0.001077,"20":0.001077,"21":null,"22":null,"23":null,"24":null,"25":0.001077,"26":null,"27":null,"28":0.020463,"29":0.018309,"30":0.005385,"31":0.001077,"32":0.003231,"33":0.012924,"34":0.001077,"35":0.001077,"36":0.002154,"37":0.020463,"38":0.002154,"39":0.008616,"40":0.001077,"41":0.011847,"42":0.132471,"43":0.149703,"44":0.007539,"45":null},"safari":{"3.1":null,"3.2":null,"4":0,"5":0.003231,"5.1":0.006462,"6":null,"6.1":null,"7":0.001077,"7.1":null,"8":0.037695,"9":0.012924,"9.1":0.102315,"10":0.214323,"10.1":null,"0":null},"ios_saf":{"3.2":0,"4.0-4.1":0,"4.2-4.3":0,"5.0-5.1":0,"6.0-6.1":0.00918137697613,"7.0-7.1":0.0405366455172,"8":0,"8.1-8.4":0.0552614953846,"9.0-9.2":0.0109137122546,"9.3":0.149847001592,"10.0-10.2":1.36698576828},"android":{"2.1":0,"2.2":0,"2.3":0,"3":0,"4":0.132388520408,"4.1":0.397165561224,"4.2-4.3":1.27887310714,"4.4":2.82517102551,"4.4.3-4.4.4":1.59395778571,"53":null},"ie":{"5.5":null,"6":null,"7":0.00546980314961,"8":0.13565111811,"9":0.0131275275591,"10":0.114865866142,"11":0.425550685039},"op_mob":{"10":0,"11":0,"11.1":0,"11.5":0,"12":0,"12.1":0,"0":0.0654539737991},"edge":{"12":0.136779,"13":0.052773,"14":0.201399,"15":null},"bb":{"7":0.008922,"10":null},"ie_mob":{"10":0.0888735145631,"11":0.419680485437},"and_ff":{"0":0.562086},"and_qq":{"1.2":null},"samsung":{"0":1.846854},"and_uc":{"0":3.675864},"op_mini":{"0":29.9124660262},"and_chr":{"0":42.92538}},"total":97.374423}