{"id":"GP","name":"Guadeloupe","month":"2017-02","access_date":"2017-03-03","data":{"chrome":{"4":null,"5":null,"6":null,"7":0.01187,"8":null,"9":null,"10":null,"11":0.005935,"12":null,"13":null,"14":0.053415,"15":null,"16":null,"17":null,"18":null,"19":null,"20":null,"21":null,"22":0.160245,"23":null,"24":null,"25":null,"26":null,"27":null,"28":null,"29":null,"30":null,"31":0.01187,"32":0.14244,"33":0.053415,"34":0.02374,"35":0.041545,"36":0.03561,"37":0.017805,"38":0.01187,"39":0.01187,"40":0.017805,"41":0.01187,"42":0.053415,"43":0.03561,"44":0.029675,"45":0.01187,"46":0.01187,"47":0.03561,"48":0.01187,"49":1.216675,"50":0.053415,"51":0.492605,"52":0.136505,"53":0.26114,"54":0.10683,"55":6.83712,"56":21.799255,"57":0.05935,"58":0.01187,"59":null},"firefox":{"2":null,"3":null,"3.5":null,"3.6":0.01187,"4":null,"5":null,"6":null,"7":null,"8":null,"9":null,"10":null,"11":null,"12":null,"13":null,"14":null,"15":null,"16":null,"17":null,"18":null,"19":null,"20":null,"21":null,"22":null,"23":null,"24":0.01187,"25":0.01187,"26":null,"27":null,"28":null,"29":null,"30":0.01187,"31":null,"32":null,"33":0.017805,"34":0.01187,"35":0.02374,"36":null,"37":0.01187,"38":0.03561,"39":0.017805,"40":0.01187,"41":0.01187,"42":0.017805,"43":0.04748,"44":0.005935,"45":0.09496,"46":0.04748,"47":0.207725,"48":0.55789,"49":0.04748,"50":0.409515,"51":7.412815,"52":0.029675,"53":null,"54":null},"opera":{"9":null,"9.5-9.6":null,"10.0-10.1":0,"10.5":null,"10.6":null,"11":null,"11.1":null,"11.5":null,"11.6":null,"12":null,"12.1":0.03561,"15":null,"16":null,"17":null,"18":null,"19":null,"20":null,"21":null,"22":null,"23":null,"24":null,"25":null,"26":null,"27":null,"28":null,"29":null,"30":null,"31":0.02374,"32":null,"33":null,"34":null,"35":null,"36":0.017805,"37":null,"38":0.07122,"39":null,"40":null,"41":null,"42":0.14244,"43":0.2374,"44":null,"45":null},"safari":{"3.1":null,"3.2":null,"4":0.005935,"5":0.10683,"5.1":0.17805,"6":0.005935,"6.1":0.10683,"7":0.04748,"7.1":null,"8":0.20179,"9":0.373905,"9.1":1.489685,"10":4.30881,"10.1":0.13057,"0":null},"ios_saf":{"3.2":0,"4.0-4.1":0,"4.2-4.3":0,"5.0-5.1":0,"6.0-6.1":0.0496495002653,"7.0-7.1":0.219207227586,"8":0,"8.1-8.4":0.298833784615,"9.0-9.2":0.059017330504,"9.3":0.81031731565,"10.0-10.2":7.39215484138},"android":{"2.1":0,"2.2":0,"2.3":0,"3":0,"4":0.0362082270408,"4.1":0.108624681122,"4.2-4.3":0.349771473214,"4.4":0.772683565051,"4.4.3-4.4.4":0.435947053571,"53":null},"ie":{"5.5":null,"6":null,"7":null,"8":0.195855,"9":0.13057,"10":0.148375,"11":3.58474},"op_mob":{"10":0,"11":0,"11.1":0,"11.5":0,"12":0,"12.1":0,"0":0.00023076419214},"edge":{"12":0.32049,"13":0.49854,"14":4.0358,"15":null},"bb":{"7":0.0060975,"10":null},"ie_mob":{"10":0.0419129126214,"11":0.197922087379},"and_ff":{"0":0.01626},"and_qq":{"1.2":null},"samsung":{"0":3.979635},"and_uc":{"0":0.05691},"op_mini":{"0":0.105459235808},"and_chr":{"0":26.1965}},"total":98.3764175}