{"id":"GQ","name":"Equatorial Guinea","month":"2017-02","access_date":"2017-03-03","data":{"chrome":{"4":null,"5":0.030216,"6":0.003777,"7":null,"8":null,"9":null,"10":0.011331,"11":0.041547,"12":0.056655,"13":null,"14":null,"15":0.007554,"16":null,"17":0.018885,"18":null,"19":0.011331,"20":null,"21":0.007554,"22":null,"23":null,"24":0.007554,"25":null,"26":0.003777,"27":0.015108,"28":0.003777,"29":0.071763,"30":null,"31":0.049101,"32":0.071763,"33":0.003777,"34":0.033993,"35":0.022662,"36":0.634536,"37":null,"38":0.060432,"39":0.018885,"40":0.007554,"41":0.022662,"42":0.015108,"43":0.109533,"44":0.030216,"45":0.132195,"46":0.064209,"47":0.007554,"48":0.067986,"49":0.317268,"50":0.200181,"51":0.169965,"52":0.056655,"53":0.506118,"54":0.241728,"55":4.838337,"56":10.054374,"57":0.007554,"58":null,"59":null},"firefox":{"2":null,"3":0.256836,"3.5":0.018885,"3.6":0.083094,"4":0.007554,"5":0.003777,"6":0.011331,"7":null,"8":0.003777,"9":0.011331,"10":0.003777,"11":0.022662,"12":0.015108,"13":0.011331,"14":0.007554,"15":0.033993,"16":0.011331,"17":0.007554,"18":0.181296,"19":null,"20":0.026439,"21":0.185073,"22":0.003777,"23":0.015108,"24":0.07554,"25":0.015108,"26":0.215289,"27":0.011331,"28":null,"29":0.003777,"30":1.525908,"31":0.366369,"32":0.041547,"33":0.094425,"34":0.139749,"35":0.128418,"36":0.022662,"37":0.026439,"38":0.117087,"39":0.011331,"40":0.011331,"41":0.101979,"42":0.052878,"43":0.536334,"44":0.117087,"45":0.196404,"46":0.196404,"47":0.256836,"48":0.045324,"49":0.162411,"50":1.529685,"51":3.66369,"52":0.064209,"53":0.026439,"54":null},"opera":{"9":null,"9.5-9.6":null,"10.0-10.1":0,"10.5":null,"10.6":null,"11":null,"11.1":null,"11.5":null,"11.6":null,"12":null,"12.1":0.018885,"15":null,"16":null,"17":0.049101,"18":0.003777,"19":null,"20":null,"21":null,"22":null,"23":null,"24":null,"25":null,"26":null,"27":null,"28":null,"29":null,"30":null,"31":null,"32":null,"33":null,"34":null,"35":null,"36":0.120864,"37":0.003777,"38":null,"39":null,"40":0.049101,"41":0.003777,"42":0.15108,"43":0.249282,"44":null,"45":null},"safari":{"3.1":null,"3.2":null,"4":0,"5":null,"5.1":null,"6":0.007554,"6.1":0.007554,"7":0.011331,"7.1":null,"8":0.090648,"9":0.132195,"9.1":0.169965,"10":0.634536,"10.1":0.011331,"0":null},"ios_saf":{"3.2":0,"4.0-4.1":0,"4.2-4.3":0,"5.0-5.1":0,"6.0-6.1":0.0150148634483,"7.0-7.1":0.0662920386207,"8":0,"8.1-8.4":0.09037248,"9.0-9.2":0.0178478565517,"9.3":0.245053903448,"10.0-10.2":2.23551485793},"android":{"2.1":0,"2.2":0,"2.3":0,"3":0,"4":0.129137414966,"4.1":0.387412244898,"4.2-4.3":1.24746742857,"4.4":2.75579243537,"4.4.3-4.4.4":1.55481447619,"53":null},"ie":{"5.5":null,"6":null,"7":0.0116047809821,"8":0.870358573655,"9":0.0889699875292,"10":0.274646483242,"11":3.71739817459},"op_mob":{"10":0,"11":0,"11.1":0,"11.5":0,"12":0,"12.1":0,"0":0.0381729606987},"edge":{"12":0.120864,"13":0.166188,"14":0.460794,"15":null},"bb":{"7":0.004668,"10":null},"ie_mob":{"10":0.0674367378641,"11":0.318451262136},"and_ff":{"0":0.018672},"and_qq":{"1.2":null},"samsung":{"0":2.172176},"and_uc":{"0":12.410656},"op_mini":{"0":17.4450430393},"and_chr":{"0":21.410679}},"total":98.769011}