{"id":"GR","name":"Greece","month":"2017-02","access_date":"2017-03-03","data":{"chrome":{"4":null,"5":null,"6":null,"7":null,"8":null,"9":null,"10":null,"11":0.094848,"12":null,"13":0.007296,"14":null,"15":null,"16":0.094848,"17":null,"18":null,"19":null,"20":null,"21":null,"22":0.131328,"23":0.014592,"24":null,"25":null,"26":0.029184,"27":null,"28":null,"29":null,"30":0.029184,"31":0.03648,"32":0.029184,"33":0.014592,"34":0.07296,"35":0.051072,"36":0.153216,"37":0.021888,"38":0.058368,"39":0.07296,"40":0.03648,"41":0.021888,"42":0.014592,"43":0.087552,"44":0.065664,"45":0.021888,"46":0.058368,"47":0.14592,"48":0.087552,"49":4.727808,"50":0.094848,"51":0.240768,"52":0.080256,"53":0.262656,"54":0.211584,"55":8.726016,"56":29.570688,"57":0.087552,"58":0.058368,"59":null},"firefox":{"2":null,"3":null,"3.5":null,"3.6":0.029184,"4":0.094848,"5":0.094848,"6":0.094848,"7":null,"8":null,"9":null,"10":0.007296,"11":null,"12":0.080256,"13":null,"14":null,"15":null,"16":0.007296,"17":null,"18":null,"19":null,"20":null,"21":null,"22":null,"23":null,"24":null,"25":null,"26":null,"27":null,"28":null,"29":null,"30":0.007296,"31":0.014592,"32":null,"33":0.014592,"34":0.014592,"35":0.014592,"36":0.014592,"37":0.021888,"38":0.029184,"39":0.029184,"40":0.021888,"41":0.029184,"42":0.080256,"43":0.087552,"44":0.029184,"45":0.094848,"46":0.051072,"47":0.248064,"48":0.306432,"49":0.131328,"50":0.561792,"51":13.453824,"52":0.087552,"53":null,"54":0.014592},"opera":{"9":null,"9.5-9.6":null,"10.0-10.1":0,"10.5":null,"10.6":null,"11":null,"11.1":null,"11.5":null,"11.6":null,"12":0.175104,"12.1":0.07296,"15":null,"16":null,"17":null,"18":null,"19":null,"20":null,"21":null,"22":null,"23":null,"24":null,"25":null,"26":0.014592,"27":null,"28":null,"29":null,"30":null,"31":0.014592,"32":null,"33":null,"34":null,"35":null,"36":0.116736,"37":null,"38":0.029184,"39":null,"40":null,"41":null,"42":0.211584,"43":0.459648,"44":null,"45":null},"safari":{"3.1":null,"3.2":null,"4":0,"5":0.051072,"5.1":0.160512,"6":null,"6.1":0.021888,"7":0.014592,"7.1":null,"8":0.03648,"9":0.043776,"9.1":0.204288,"10":0.751488,"10.1":null,"0":null},"ios_saf":{"3.2":0,"4.0-4.1":0,"4.2-4.3":0,"5.0-5.1":0,"6.0-6.1":0.0197519668966,"7.0-7.1":0.0872067972414,"8":0,"8.1-8.4":0.11888448,"9.0-9.2":0.0234787531034,"9.3":0.322367006897,"10.0-10.2":2.94080699586},"android":{"2.1":0,"2.2":0,"2.3":0,"3":0,"4":0.0440319727891,"4.1":0.132095918367,"4.2-4.3":0.425348857143,"4.4":0.93964229932,"4.4.3-4.4.4":0.530144952381,"53":null},"ie":{"5.5":null,"6":0.051072,"7":0.116736,"8":0.503424,"9":0.277248,"10":0.269952,"11":3.217536},"op_mob":{"10":0,"11":0,"11.1":0,"11.5":0,"12":0,"12.1":0,"0":0.000407371179039},"edge":{"12":0.03648,"13":0.10944,"14":1.481088,"15":null},"bb":{"7":0.00338,"10":null},"ie_mob":{"10":0.0968714563107,"11":0.457448543689},"and_ff":{"0":0.018928},"and_qq":{"1.2":null},"samsung":{"0":2.320032},"and_uc":{"0":0.143312},"op_mini":{"0":0.186168628821},"and_chr":{"0":18.702272}},"total":97.233156}