{"id":"GT","name":"Guatemala","month":"2017-02","access_date":"2017-03-03","data":{"chrome":{"4":null,"5":null,"6":null,"7":null,"8":null,"9":null,"10":null,"11":0.021088,"12":null,"13":null,"14":null,"15":null,"16":null,"17":null,"18":0.005272,"19":null,"20":null,"21":0.010544,"22":0.031632,"23":null,"24":null,"25":null,"26":0.015816,"27":0.010544,"28":null,"29":0.010544,"30":0.005272,"31":0.031632,"32":0.047448,"33":0.005272,"34":0.02636,"35":0.042176,"36":0.10544,"37":0.02636,"38":0.031632,"39":0.031632,"40":0.031632,"41":0.021088,"42":0.015816,"43":0.05272,"44":0.047448,"45":0.02636,"46":0.036904,"47":0.057992,"48":0.036904,"49":2.050808,"50":0.100168,"51":0.110712,"52":0.094896,"53":0.247784,"54":0.200336,"55":7.676032,"56":26.78176,"57":0.063264,"58":0.02636,"59":null},"firefox":{"2":null,"3":0.047448,"3.5":null,"3.6":0.015816,"4":null,"5":null,"6":null,"7":null,"8":null,"9":null,"10":null,"11":null,"12":0.005272,"13":0.010544,"14":null,"15":null,"16":null,"17":null,"18":null,"19":null,"20":null,"21":0.005272,"22":null,"23":null,"24":null,"25":null,"26":null,"27":0.010544,"28":null,"29":null,"30":null,"31":null,"32":0.005272,"33":0.005272,"34":null,"35":0.010544,"36":null,"37":0.015816,"38":0.02636,"39":0.031632,"40":0.010544,"41":0.010544,"42":0.021088,"43":0.07908,"44":0.02636,"45":0.094896,"46":0.031632,"47":0.121256,"48":0.226696,"49":0.084352,"50":0.221424,"51":3.906552,"52":0.02636,"53":0.010544,"54":null},"opera":{"9":null,"9.5-9.6":null,"10.0-10.1":0,"10.5":null,"10.6":null,"11":null,"11.1":null,"11.5":null,"11.6":null,"12":null,"12.1":0.005272,"15":null,"16":null,"17":null,"18":null,"19":null,"20":null,"21":null,"22":null,"23":null,"24":null,"25":0.005272,"26":null,"27":null,"28":null,"29":null,"30":null,"31":null,"32":null,"33":null,"34":0.005272,"35":null,"36":0.02636,"37":0.02636,"38":null,"39":null,"40":null,"41":null,"42":0.121256,"43":0.231968,"44":null,"45":null},"safari":{"3.1":null,"3.2":null,"4":0.010544,"5":0.02636,"5.1":0.05272,"6":0.02636,"6.1":0.031632,"7":0.021088,"7.1":0.021088,"8":0.284688,"9":0.2636,"9.1":0.68536,"10":2.114072,"10.1":0.010544,"0":null},"ios_saf":{"3.2":0,"4.0-4.1":0,"4.2-4.3":0,"5.0-5.1":0,"6.0-6.1":0.0178399855703,"7.0-7.1":0.0787652193103,"8":0,"8.1-8.4":0.107376516923,"9.0-9.2":0.0212060205836,"9.3":0.291162028647,"10.0-10.2":2.65613822897},"android":{"2.1":0,"2.2":0,"2.3":0,"3":0,"4":0.087443877551,"4.1":0.262331632653,"4.2-4.3":0.844707857143,"4.4":1.86605234694,"4.4.3-4.4.4":1.05282428571,"53":null},"ie":{"5.5":null,"6":0.0106519590444,"7":0.00532597952218,"8":0.186409283276,"9":0.0798896928328,"10":0.117171549488,"11":1.16106353584},"op_mob":{"10":0,"11":0,"11.1":0,"11.5":0,"12":0,"12.1":0,"0":0.00552288209607},"edge":{"12":0.100168,"13":0.15816,"14":0.595736,"15":null},"bb":{"7":0.039006,"10":null},"ie_mob":{"10":0.085104,"11":0.40188},"and_ff":{"0":0.009456},"and_qq":{"1.2":null},"samsung":{"0":3.867504},"and_uc":{"0":3.016464},"op_mini":{"0":2.5239571179},"and_chr":{"0":32.352776}},"total":99.170678}