{"id":"GU","name":"Guam","month":"2017-02","access_date":"2017-03-03","data":{"chrome":{"4":null,"5":null,"6":null,"7":null,"8":null,"9":null,"10":null,"11":0.013704,"12":null,"13":null,"14":null,"15":null,"16":null,"17":null,"18":null,"19":null,"20":null,"21":null,"22":0.009136,"23":null,"24":null,"25":null,"26":null,"27":null,"28":null,"29":null,"30":null,"31":0.009136,"32":null,"33":null,"34":null,"35":0.004568,"36":0.009136,"37":null,"38":0.027408,"39":0.009136,"40":null,"41":null,"42":null,"43":0.073088,"44":0.018272,"45":0.04568,"46":0.004568,"47":0.036544,"48":0.013704,"49":1.155704,"50":0.041112,"51":0.041112,"52":0.059384,"53":0.123336,"54":0.15988,"55":6.92052,"56":17.527416,"57":0.1142,"58":0.082224,"59":null},"firefox":{"2":null,"3":null,"3.5":null,"3.6":null,"4":null,"5":null,"6":0.04568,"7":null,"8":null,"9":null,"10":null,"11":0.009136,"12":null,"13":null,"14":null,"15":null,"16":null,"17":null,"18":null,"19":null,"20":null,"21":null,"22":null,"23":null,"24":null,"25":null,"26":null,"27":null,"28":null,"29":null,"30":null,"31":null,"32":null,"33":null,"34":null,"35":null,"36":0.004568,"37":null,"38":0.018272,"39":0.004568,"40":0.018272,"41":0.004568,"42":null,"43":0.013704,"44":0.009136,"45":0.004568,"46":0.02284,"47":0.127904,"48":0.123336,"49":0.027408,"50":0.43396,"51":4.440096,"52":0.054816,"53":null,"54":null},"opera":{"9":null,"9.5-9.6":null,"10.0-10.1":0,"10.5":null,"10.6":null,"11":null,"11.1":null,"11.5":null,"11.6":null,"12":null,"12.1":0.004568,"15":null,"16":null,"17":null,"18":null,"19":null,"20":null,"21":null,"22":null,"23":null,"24":null,"25":null,"26":null,"27":null,"28":null,"29":null,"30":null,"31":null,"32":null,"33":null,"34":null,"35":null,"36":null,"37":0.009136,"38":null,"39":null,"40":null,"41":null,"42":0.050248,"43":0.04568,"44":0.009136,"45":null},"safari":{"3.1":null,"3.2":null,"4":0,"5":0.04568,"5.1":0.086792,"6":0.027408,"6.1":0.1142,"7":0.02284,"7.1":null,"8":0.232968,"9":0.155312,"9.1":1.009528,"10":3.256984,"10.1":0.031976,"0":null},"ios_saf":{"3.2":0,"4.0-4.1":0,"4.2-4.3":0,"5.0-5.1":0,"6.0-6.1":0.145093474801,"7.0-7.1":0.64060137931,"8":0,"8.1-8.4":0.873298461538,"9.0-9.2":0.172469602122,"9.3":2.36803501326,"10.0-10.2":21.602502069},"android":{"2.1":0,"2.2":0,"2.3":0,"3":0,"4":0.0347583333333,"4.1":0.104275,"4.2-4.3":0.3357655,"4.4":0.741742833333,"4.4.3-4.4.4":0.418490333333,"53":null},"ie":{"5.5":null,"6":null,"7":0.004568,"8":0.1142,"9":0.118768,"10":0.155312,"11":3.316368},"op_mob":{"10":0,"11":0,"11.1":0,"11.5":0,"12":0,"12.1":0,"0":0.00101998253275},"edge":{"12":0.13704,"13":0.2284,"14":3.206736,"15":null},"bb":{"7":0.002716,"10":null},"ie_mob":{"10":0.00759425242718,"11":0.0358617475728},"and_ff":{"0":0.048888},"and_qq":{"1.2":null},"samsung":{"0":5.573232},"and_uc":{"0":0.331352},"op_mini":{"0":0.466132017467},"and_chr":{"0":20.746928}},"total":98.896404}