{"id":"GW","name":"Guinea-Bissau","month":"2017-02","access_date":"2017-03-03","data":{"chrome":{"4":null,"5":null,"6":null,"7":0.011523,"8":null,"9":null,"10":null,"11":0.103707,"12":null,"13":null,"14":null,"15":null,"16":0.019205,"17":null,"18":null,"19":0.003841,"20":0.003841,"21":null,"22":0.011523,"23":0.003841,"24":null,"25":0.069138,"26":0.046092,"27":0.007682,"28":null,"29":0.011523,"30":0.019205,"31":null,"32":null,"33":0.099866,"34":0.026887,"35":0.007682,"36":0.046092,"37":0.019205,"38":null,"39":0.026887,"40":0.023046,"41":0.007682,"42":0.007682,"43":1.34435,"44":0.011523,"45":0.176686,"46":0.026887,"47":1.014024,"48":0.011523,"49":0.134435,"50":0.257347,"51":0.176686,"52":0.042251,"53":0.092184,"54":0.165163,"55":4.68602,"56":8.292719,"57":0.026887,"58":0.103707,"59":null},"firefox":{"2":0.011523,"3":0.049933,"3.5":null,"3.6":0.126753,"4":0.03841,"5":0.049933,"6":null,"7":null,"8":null,"9":null,"10":0.003841,"11":0.015364,"12":0.011523,"13":0.019205,"14":null,"15":0.23046,"16":0.023046,"17":0.026887,"18":null,"19":null,"20":null,"21":0.011523,"22":null,"23":0.030728,"24":0.007682,"25":null,"26":null,"27":null,"28":null,"29":0.03841,"30":null,"31":0.011523,"32":null,"33":0.103707,"34":0.003841,"35":0.11523,"36":null,"37":0.011523,"38":0.003841,"39":0.003841,"40":0.003841,"41":0.046092,"42":0.026887,"43":0.122912,"44":0.864225,"45":0.026887,"46":null,"47":0.215096,"48":0.103707,"49":0.357213,"50":0.80661,"51":9.90978,"52":0.222778,"53":null,"54":null},"opera":{"9":null,"9.5-9.6":null,"10.0-10.1":0,"10.5":null,"10.6":null,"11":null,"11.1":null,"11.5":null,"11.6":null,"12":null,"12.1":0.019205,"15":null,"16":null,"17":null,"18":null,"19":null,"20":null,"21":0.003841,"22":null,"23":null,"24":null,"25":null,"26":null,"27":0.019205,"28":null,"29":null,"30":null,"31":null,"32":null,"33":null,"34":0.134435,"35":null,"36":null,"37":null,"38":null,"39":null,"40":0.003841,"41":null,"42":0.119071,"43":0.399464,"44":null,"45":null},"safari":{"3.1":null,"3.2":null,"4":0,"5":0.003841,"5.1":0.099866,"6":null,"6.1":null,"7":0.007682,"7.1":null,"8":0.019205,"9":0.080661,"9.1":0.011523,"10":0.092184,"10.1":null,"0":null},"ios_saf":{"3.2":0,"4.0-4.1":0,"4.2-4.3":0,"5.0-5.1":0,"6.0-6.1":0.0064062801061,"7.0-7.1":0.0282843310345,"8":0,"8.1-8.4":0.0385585538462,"9.0-9.2":0.00761501220159,"9.3":0.10455532626,"10.0-10.2":0.953810496552},"android":{"2.1":0,"2.2":0,"2.3":0,"3":0,"4":0.13104077381,"4.1":0.393122321429,"4.2-4.3":1.265853875,"4.4":2.7964101131,"4.4.3-4.4.4":1.57773091667,"53":null},"ie":{"5.5":null,"6":0.0038558731849,"7":0.0077117463698,"8":0.131099688287,"9":0.443425416263,"10":0.813589242014,"11":2.58343503388},"op_mob":{"10":0,"11":0,"11.1":0,"11.5":0,"12":0,"12.1":0,"0":0.0408471703057},"edge":{"12":0.180527,"13":0.053774,"14":0.122912,"15":null},"bb":{"7":0.0046185,"10":null},"ie_mob":{"10":0.432614446602,"11":2.0429015534},"and_ff":{"0":1.157704},"and_qq":{"1.2":null},"samsung":{"0":2.758784},"and_uc":{"0":2.530938},"op_mini":{"0":18.6671568297},"and_chr":{"0":27.546924}},"total":98.6335275}