{"id":"GY","name":"Guyana","month":"2017-02","access_date":"2017-03-03","data":{"chrome":{"4":null,"5":null,"6":null,"7":null,"8":null,"9":null,"10":null,"11":0.017936,"12":0.004484,"13":null,"14":null,"15":null,"16":null,"17":null,"18":null,"19":null,"20":0.017936,"21":null,"22":0.04484,"23":0.008968,"24":null,"25":null,"26":0.008968,"27":0.013452,"28":null,"29":0.013452,"30":null,"31":0.013452,"32":0.040356,"33":0.026904,"34":0.02242,"35":0.008968,"36":0.578436,"37":0.008968,"38":0.02242,"39":0.026904,"40":0.008968,"41":0.008968,"42":0.013452,"43":0.29146,"44":0.026904,"45":0.103132,"46":0.013452,"47":0.040356,"48":0.040356,"49":0.838508,"50":0.143488,"51":0.304912,"52":0.098648,"53":0.690536,"54":0.130036,"55":5.788844,"56":18.662408,"57":0.071744,"58":0.08968,"59":null},"firefox":{"2":null,"3":null,"3.5":null,"3.6":0.004484,"4":null,"5":0.04484,"6":0.008968,"7":null,"8":null,"9":null,"10":null,"11":null,"12":0.008968,"13":null,"14":null,"15":null,"16":null,"17":null,"18":0.004484,"19":null,"20":null,"21":null,"22":null,"23":null,"24":null,"25":null,"26":0.008968,"27":null,"28":null,"29":0.004484,"30":0.031388,"31":null,"32":0.008968,"33":null,"34":0.004484,"35":0.004484,"36":null,"37":null,"38":0.017936,"39":0.02242,"40":0.026904,"41":0.008968,"42":0.008968,"43":0.062776,"44":0.02242,"45":0.053808,"46":0.013452,"47":0.206264,"48":0.080712,"49":0.139004,"50":0.363204,"51":4.703716,"52":0.273524,"53":null,"54":null},"opera":{"9":null,"9.5-9.6":null,"10.0-10.1":0,"10.5":null,"10.6":null,"11":null,"11.1":null,"11.5":null,"11.6":null,"12":null,"12.1":0.116584,"15":null,"16":null,"17":null,"18":null,"19":null,"20":null,"21":0.20178,"22":null,"23":null,"24":null,"25":null,"26":null,"27":0.02242,"28":null,"29":0.017936,"30":null,"31":null,"32":null,"33":0.02242,"34":null,"35":null,"36":0.013452,"37":0.116584,"38":0.040356,"39":null,"40":null,"41":null,"42":0.219716,"43":0.394592,"44":null,"45":null},"safari":{"3.1":null,"3.2":null,"4":0,"5":0.017936,"5.1":0.058292,"6":null,"6.1":null,"7":0.013452,"7.1":0.02242,"8":0.013452,"9":0.098648,"9.1":0.035872,"10":0.372172,"10.1":null,"0":null},"ios_saf":{"3.2":0,"4.0-4.1":0,"4.2-4.3":0,"5.0-5.1":0,"6.0-6.1":0.0293690572944,"7.0-7.1":0.129667158621,"8":0,"8.1-8.4":0.176768476923,"9.0-9.2":0.0349103888594,"9.3":0.479325180371,"10.0-10.2":4.37266473793},"android":{"2.1":0,"2.2":0,"2.3":0,"3":0,"4":0.0806615646259,"4.1":0.241984693878,"4.2-4.3":0.779190714286,"4.4":1.72131778912,"4.4.3-4.4.4":0.971165238095,"53":null},"ie":{"5.5":null,"6":null,"7":0.008968,"8":0.165908,"9":0.107616,"10":0.130036,"11":2.1299},"op_mob":{"10":0,"11":0,"11.1":0,"11.5":0,"12":0,"12.1":0,"0":0.00662281659389},"edge":{"12":0.20178,"13":0.506692,"14":1.910184,"15":null},"bb":{"7":0.2123275,"10":null},"ie_mob":{"10":0.114690582524,"11":0.541594417476},"and_ff":{"0":0.01103},"and_qq":{"1.2":null},"samsung":{"0":4.8532},"and_uc":{"0":3.413785},"op_mini":{"0":3.02662718341},"and_chr":{"0":35.709327}},"total":98.2487095}