{"id":"HK","name":"Hong Kong","month":"2017-02","access_date":"2017-03-03","data":{"chrome":{"4":null,"5":null,"6":null,"7":null,"8":null,"9":null,"10":null,"11":0.024524,"12":null,"13":null,"14":null,"15":null,"16":null,"17":null,"18":0.006131,"19":null,"20":null,"21":null,"22":0.012262,"23":null,"24":null,"25":null,"26":0.006131,"27":null,"28":0.006131,"29":null,"30":null,"31":0.036786,"32":0.018393,"33":0.018393,"34":0.024524,"35":0.024524,"36":0.141013,"37":0.018393,"38":0.049048,"39":0.030655,"40":0.018393,"41":0.024524,"42":0.036786,"43":0.104227,"44":0.067441,"45":0.515004,"46":0.067441,"47":0.128751,"48":0.091965,"49":1.949658,"50":0.275895,"51":0.355598,"52":0.294288,"53":0.355598,"54":0.539528,"55":8.914474,"56":24.842812,"57":0.110358,"58":0.073572,"59":null},"firefox":{"2":null,"3":0.006131,"3.5":null,"3.6":0.018393,"4":null,"5":null,"6":null,"7":null,"8":null,"9":null,"10":null,"11":0.006131,"12":0.012262,"13":null,"14":0.006131,"15":null,"16":0.018393,"17":null,"18":null,"19":null,"20":null,"21":null,"22":null,"23":null,"24":null,"25":null,"26":0.006131,"27":null,"28":0.006131,"29":null,"30":0.042917,"31":0.012262,"32":null,"33":0.036786,"34":0.012262,"35":0.036786,"36":0.012262,"37":0.012262,"38":0.055179,"39":0.036786,"40":0.024524,"41":0.012262,"42":0.042917,"43":0.067441,"44":0.018393,"45":0.153275,"46":0.030655,"47":0.18393,"48":0.220716,"49":0.073572,"50":0.331074,"51":4.794442,"52":0.042917,"53":0.006131,"54":null},"opera":{"9":null,"9.5-9.6":null,"10.0-10.1":0,"10.5":null,"10.6":null,"11":null,"11.1":null,"11.5":null,"11.6":null,"12":null,"12.1":0.018393,"15":null,"16":null,"17":null,"18":null,"19":null,"20":null,"21":null,"22":null,"23":null,"24":null,"25":null,"26":null,"27":null,"28":null,"29":null,"30":null,"31":null,"32":null,"33":null,"34":null,"35":null,"36":null,"37":null,"38":0.024524,"39":null,"40":null,"41":null,"42":0.067441,"43":0.116489,"44":null,"45":null},"safari":{"3.1":null,"3.2":null,"4":0,"5":0.024524,"5.1":0.110358,"6":0.030655,"6.1":0.073572,"7":0.079703,"7.1":0.018393,"8":0.30655,"9":0.251371,"9.1":1.091318,"10":2.973535,"10.1":0.024524,"0":null},"ios_saf":{"3.2":0,"4.0-4.1":0,"4.2-4.3":0,"5.0-5.1":0,"6.0-6.1":0.0816529359151,"7.0-7.1":0.360505415172,"8":0,"8.1-8.4":0.491458236923,"9.0-9.2":0.0970591502387,"9.3":1.33263753899,"10.0-10.2":12.1570437228},"android":{"2.1":0,"2.2":0,"2.3":0,"3":0,"4":0.0248392431973,"4.1":0.0745177295918,"4.2-4.3":0.239947089286,"4.4":0.53006944983,"4.4.3-4.4.4":0.299064488095,"53":null},"ie":{"5.5":null,"6":0.0125416596491,"7":0.0313541491228,"8":0.432687257895,"9":0.3574373,"10":0.238291533333,"11":6.0764341},"op_mob":{"10":0,"11":0,"11.1":0,"11.5":0,"12":0,"12.1":0,"0":0.000650465065502},"edge":{"12":0.067441,"13":0.196192,"14":1.833169,"15":null},"bb":{"7":0.003869,"10":null},"ie_mob":{"10":0.0067613592233,"11":0.0319286407767},"and_ff":{"0":0.030952},"and_qq":{"1.2":null},"samsung":{"0":4.337149},"and_uc":{"0":0.680944},"op_mini":{"0":0.297262534934},"and_chr":{"0":17.851277}},"total":98.909162}