{"id":"HN","name":"Honduras","month":"2017-02","access_date":"2017-03-03","data":{"chrome":{"4":null,"5":null,"6":null,"7":null,"8":null,"9":null,"10":null,"11":0.028656,"12":null,"13":null,"14":null,"15":null,"16":null,"17":null,"18":0.019104,"19":null,"20":null,"21":null,"22":0.033432,"23":null,"24":0.009552,"25":0.004776,"26":0.009552,"27":null,"28":0.009552,"29":0.009552,"30":null,"31":0.014328,"32":0.038208,"33":0.009552,"34":0.02388,"35":0.329544,"36":0.491928,"37":0.009552,"38":0.042984,"39":0.028656,"40":0.014328,"41":0.019104,"42":0.004776,"43":0.109848,"44":0.04776,"45":0.042984,"46":0.014328,"47":0.04776,"48":0.066864,"49":1.065048,"50":0.052536,"51":0.224472,"52":0.138504,"53":0.152832,"54":0.234024,"55":7.345488,"56":24.69192,"57":0.057312,"58":0.038208,"59":null},"firefox":{"2":null,"3":0.009552,"3.5":null,"3.6":0.009552,"4":null,"5":null,"6":null,"7":null,"8":null,"9":null,"10":null,"11":null,"12":null,"13":null,"14":null,"15":null,"16":0.009552,"17":null,"18":null,"19":null,"20":null,"21":null,"22":null,"23":null,"24":null,"25":null,"26":null,"27":null,"28":null,"29":null,"30":null,"31":null,"32":null,"33":0.009552,"34":null,"35":0.014328,"36":0.004776,"37":0.014328,"38":0.019104,"39":0.014328,"40":0.014328,"41":0.009552,"42":null,"43":0.04776,"44":0.009552,"45":0.085968,"46":0.038208,"47":0.157608,"48":0.1194,"49":0.04776,"50":0.195816,"51":3.801696,"52":0.038208,"53":null,"54":null},"opera":{"9":null,"9.5-9.6":null,"10.0-10.1":0,"10.5":null,"10.6":null,"11":null,"11.1":null,"11.5":null,"11.6":null,"12":null,"12.1":0.004776,"15":null,"16":null,"17":null,"18":null,"19":null,"20":null,"21":null,"22":null,"23":null,"24":null,"25":null,"26":null,"27":null,"28":null,"29":0.02388,"30":null,"31":null,"32":null,"33":0.009552,"34":null,"35":null,"36":0.014328,"37":0.009552,"38":0.038208,"39":null,"40":null,"41":null,"42":0.2388,"43":0.415512,"44":null,"45":null},"safari":{"3.1":null,"3.2":null,"4":0.009552,"5":0.004776,"5.1":0.009552,"6":null,"6.1":0.014328,"7":null,"7.1":null,"8":0.124176,"9":0.07164,"9.1":0.362976,"10":1.351608,"10.1":null,"0":null},"ios_saf":{"3.2":0,"4.0-4.1":0,"4.2-4.3":0,"5.0-5.1":0,"6.0-6.1":0.0209453300796,"7.0-7.1":0.0924756082759,"8":0,"8.1-8.4":0.126067175385,"9.0-9.2":0.0248972791512,"9.3":0.341843594695,"10.0-10.2":3.11848301241},"android":{"2.1":0,"2.2":0,"2.3":0,"3":0,"4":0.143038095238,"4.1":0.429114285714,"4.2-4.3":1.381748,"4.4":3.05243295238,"4.4.3-4.4.4":1.72217866667,"53":null},"ie":{"5.5":null,"6":0.0048954,"7":null,"8":0.220293,"9":0.0832218,"10":0.1174896,"11":1.1406282},"op_mob":{"10":0,"11":0,"11.1":0,"11.5":0,"12":0,"12.1":0,"0":0.00493884716157},"edge":{"12":0.114624,"13":0.16716,"14":0.7164,"15":null},"bb":{"7":0.056158,"10":null},"ie_mob":{"10":0.0712086990291,"11":0.336263300971},"and_ff":{"0":0.010448},"and_qq":{"1.2":null},"samsung":{"0":4.252336},"and_uc":{"0":1.170176},"op_mini":{"0":2.25705315284},"and_chr":{"0":35.071912}},"total":99.103478}