{"id":"HT","name":"Haiti","month":"2017-02","access_date":"2017-03-03","data":{"chrome":{"4":null,"5":null,"6":null,"7":null,"8":0.00583,"9":null,"10":0.014575,"11":0.09911,"12":0.189475,"13":0.008745,"14":0.002915,"15":0.00583,"16":0.014575,"17":0.01166,"18":0.00583,"19":null,"20":null,"21":null,"22":null,"23":null,"24":null,"25":0.01166,"26":0.00583,"27":0.00583,"28":0.01166,"29":0.01749,"30":0.008745,"31":0.02332,"32":0.026235,"33":0.043725,"34":0.008745,"35":0.00583,"36":0.23903,"37":0.008745,"38":0.008745,"39":0.00583,"40":0.008745,"41":0.02332,"42":0.00583,"43":0.078705,"44":0.01166,"45":0.020405,"46":0.014575,"47":0.032065,"48":0.01166,"49":0.480975,"50":0.03498,"51":0.12826,"52":0.067045,"53":0.463485,"54":0.08745,"55":3.681645,"56":10.01594,"57":0.06413,"58":0.014575,"59":null},"firefox":{"2":0.002915,"3":0.22737,"3.5":0.002915,"3.6":0.020405,"4":null,"5":null,"6":null,"7":null,"8":null,"9":null,"10":0.008745,"11":0.01166,"12":0.020405,"13":0.00583,"14":null,"15":0.00583,"16":0.008745,"17":0.002915,"18":0.002915,"19":0.008745,"20":0.014575,"21":0.01166,"22":0.014575,"23":null,"24":0.002915,"25":0.01749,"26":0.00583,"27":null,"28":0.008745,"29":0.01166,"30":0.008745,"31":0.00583,"32":0.008745,"33":0.01749,"34":0.01166,"35":0.008745,"36":0.008745,"37":0.02915,"38":0.020405,"39":0.008745,"40":0.01166,"41":0.084535,"42":0.01166,"43":0.08745,"44":0.055385,"45":0.04081,"46":0.043725,"47":0.195305,"48":0.12243,"49":0.113685,"50":0.271095,"51":3.250225,"52":0.05247,"53":0.00583,"54":null},"opera":{"9":null,"9.5-9.6":null,"10.0-10.1":0,"10.5":null,"10.6":null,"11":null,"11.1":null,"11.5":0.04081,"11.6":0.014575,"12":0.014575,"12.1":0.014575,"15":null,"16":null,"17":null,"18":null,"19":null,"20":0.002915,"21":null,"22":null,"23":null,"24":null,"25":null,"26":null,"27":0.02332,"28":0.01749,"29":0.032065,"30":0.008745,"31":0.002915,"32":null,"33":0.113685,"34":null,"35":null,"36":0.008745,"37":0.01749,"38":0.01166,"39":0.00583,"40":0.01166,"41":0.00583,"42":0.300245,"43":0.43142,"44":null,"45":null},"safari":{"3.1":null,"3.2":null,"4":0,"5":0.014575,"5.1":0.04664,"6":0.00583,"6.1":0.04081,"7":0.002915,"7.1":0.002915,"8":0.16324,"9":0.05247,"9.1":0.311905,"10":1.13102,"10.1":null,"0":null},"ios_saf":{"3.2":0,"4.0-4.1":0,"4.2-4.3":0,"5.0-5.1":0,"6.0-6.1":0.0225103793103,"7.0-7.1":0.0993854482759,"8":0,"8.1-8.4":0.135487,"9.0-9.2":0.0267576206897,"9.3":0.36738637931,"10.0-10.2":3.35149817241},"android":{"2.1":0,"2.2":0,"2.3":0,"3":0,"4":0.153176977041,"4.1":0.459530931122,"4.2-4.3":1.47968959821,"4.4":3.26879669005,"4.4.3-4.4.4":1.84425080357,"53":null},"ie":{"5.5":null,"6":0.01749,"7":0.014575,"8":0.492635,"9":0.119515,"10":0.24486,"11":1.83062},"op_mob":{"10":0,"11":0,"11.1":0,"11.5":0,"12":0,"12.1":0,"0":0.0413652620087},"edge":{"12":0.26235,"13":0.317735,"14":0.67045,"15":null},"bb":{"7":0.03365375,"10":null},"ie_mob":{"10":0.118862912621,"11":0.561297087379},"and_ff":{"0":0.01417},"and_qq":{"1.2":null},"samsung":{"0":1.183195},"and_uc":{"0":11.0526},"op_mini":{"0":18.903924738},"and_chr":{"0":28.088835}},"total":98.95425875}