{"id":"HU","name":"Hungary","month":"2017-02","access_date":"2017-03-03","data":{"chrome":{"4":0.022908,"5":null,"6":null,"7":0.007636,"8":null,"9":null,"10":0.007636,"11":0.007636,"12":0.007636,"13":null,"14":null,"15":null,"16":null,"17":null,"18":null,"19":null,"20":null,"21":null,"22":0.030544,"23":null,"24":null,"25":null,"26":0.030544,"27":null,"28":null,"29":null,"30":null,"31":0.015272,"32":0.007636,"33":0.015272,"34":0.07636,"35":0.007636,"36":0.022908,"37":0.030544,"38":0.045816,"39":0.045816,"40":0.015272,"41":0.007636,"42":0.007636,"43":0.045816,"44":0.022908,"45":0.015272,"46":0.022908,"47":0.03818,"48":0.053452,"49":3.214756,"50":2.115172,"51":0.15272,"52":0.045816,"53":0.099268,"54":0.106904,"55":6.712044,"56":24.160304,"57":0.07636,"58":0.030544,"59":null},"firefox":{"2":null,"3":null,"3.5":null,"3.6":0.015272,"4":null,"5":null,"6":null,"7":null,"8":null,"9":null,"10":null,"11":null,"12":0.007636,"13":null,"14":null,"15":0.007636,"16":null,"17":null,"18":0.007636,"19":null,"20":null,"21":null,"22":null,"23":null,"24":null,"25":null,"26":null,"27":0.007636,"28":0.007636,"29":null,"30":0.015272,"31":0.022908,"32":0.007636,"33":0.015272,"34":0.015272,"35":0.030544,"36":0.007636,"37":0.030544,"38":0.045816,"39":0.030544,"40":0.022908,"41":0.030544,"42":0.030544,"43":0.083996,"44":0.030544,"45":0.183264,"46":2.63442,"47":0.236716,"48":0.15272,"49":6.650956,"50":0.481068,"51":15.676708,"52":0.03818,"53":null,"54":null},"opera":{"9":null,"9.5-9.6":null,"10.0-10.1":0,"10.5":null,"10.6":null,"11":null,"11.1":null,"11.5":null,"11.6":null,"12":null,"12.1":4.719048,"15":null,"16":null,"17":null,"18":null,"19":null,"20":null,"21":null,"22":null,"23":null,"24":null,"25":null,"26":null,"27":null,"28":null,"29":null,"30":null,"31":null,"32":null,"33":null,"34":null,"35":null,"36":0.091632,"37":0.007636,"38":0.015272,"39":null,"40":null,"41":null,"42":0.374164,"43":0.771236,"44":0.015272,"45":null},"safari":{"3.1":null,"3.2":null,"4":0,"5":null,"5.1":0.022908,"6":null,"6.1":0.015272,"7":0.007636,"7.1":null,"8":0.030544,"9":0.03818,"9.1":0.145084,"10":0.664332,"10.1":0.007636,"0":null},"ios_saf":{"3.2":0,"4.0-4.1":0,"4.2-4.3":0,"5.0-5.1":0,"6.0-6.1":0.0199585122546,"7.0-7.1":0.0881187144828,"8":0,"8.1-8.4":0.120127649231,"9.0-9.2":0.0237242692838,"9.3":0.325737983024,"10.0-10.2":2.97155887172},"android":{"2.1":0,"2.2":0,"2.3":0,"3":0,"4":0.0340083120748,"4.1":0.102024936224,"4.2-4.3":0.328520294643,"4.4":0.725737379677,"4.4.3-4.4.4":0.409460077381,"53":null},"ie":{"5.5":null,"6":0.00770377514793,"7":0.00770377514793,"8":0.115556627219,"9":0.130964177515,"10":0.0847415266272,"11":2.25720611834},"op_mob":{"10":0,"11":0,"11.1":0,"11.5":0,"12":0,"12.1":0,"0":0.00144978820961},"edge":{"12":0.030544,"13":0.11454,"14":1.237032,"15":null},"bb":{"7":0.0082705,"10":null},"ie_mob":{"10":0.129253805825,"11":0.610365194175},"and_ff":{"0":0.025993},"and_qq":{"1.2":null},"samsung":{"0":1.623381},"and_uc":{"0":0.219759},"op_mini":{"0":0.66255321179},"and_chr":{"0":15.215073}},"total":98.4091515}