{"id":"ID","name":"Indonesia","month":"2017-02","access_date":"2017-03-03","data":{"chrome":{"4":0.005092,"5":0.007638,"6":0.01273,"7":0.007638,"8":0.002546,"9":0.002546,"10":0.007638,"11":0.02546,"12":0.007638,"13":0.002546,"14":0.005092,"15":0.005092,"16":0.005092,"17":0.005092,"18":0.01273,"19":0.007638,"20":0.007638,"21":0.015276,"22":0.01273,"23":0.01273,"24":0.007638,"25":0.01273,"26":0.01273,"27":0.010184,"28":0.017822,"29":0.022914,"30":0.020368,"31":0.185858,"32":0.043282,"33":0.048374,"34":0.017822,"35":0.015276,"36":0.056012,"37":0.030552,"38":0.020368,"39":0.033098,"40":0.02546,"41":0.01273,"42":0.02546,"43":0.246962,"44":0.040736,"45":0.043282,"46":0.073834,"47":0.056012,"48":0.119662,"49":0.669598,"50":0.056012,"51":0.22914,"52":0.112024,"53":0.170582,"54":0.180766,"55":2.477258,"56":7.655822,"57":0.043282,"58":0.048374,"59":null},"firefox":{"2":null,"3":0.19095,"3.5":0.005092,"3.6":0.022914,"4":0.010184,"5":0.007638,"6":0.005092,"7":0.005092,"8":0.007638,"9":0.007638,"10":0.010184,"11":0.01273,"12":0.028006,"13":0.015276,"14":0.015276,"15":0.015276,"16":0.020368,"17":0.015276,"18":0.015276,"19":0.015276,"20":0.015276,"21":0.015276,"22":0.01273,"23":0.015276,"24":0.017822,"25":0.017822,"26":0.017822,"27":0.017822,"28":0.017822,"29":0.048374,"30":0.05092,"31":0.033098,"32":0.033098,"33":0.040736,"34":0.08911,"35":0.073834,"36":0.084018,"37":0.109478,"38":0.099294,"39":0.08911,"40":0.099294,"41":0.119662,"42":0.073834,"43":0.361532,"44":0.17822,"45":0.142576,"46":0.112024,"47":0.54739,"48":0.295336,"49":0.325888,"50":0.641592,"51":4.791572,"52":0.5092,"53":0.005092,"54":null},"opera":{"9":null,"9.5-9.6":null,"10.0-10.1":0,"10.5":null,"10.6":null,"11":null,"11.1":null,"11.5":null,"11.6":null,"12":null,"12.1":0.010184,"15":null,"16":null,"17":null,"18":null,"19":null,"20":null,"21":null,"22":null,"23":null,"24":null,"25":null,"26":null,"27":null,"28":null,"29":null,"30":null,"31":null,"32":null,"33":null,"34":0.002546,"35":0.002546,"36":0.01273,"37":0.017822,"38":0.01273,"39":0.002546,"40":0.002546,"41":0.005092,"42":0.109478,"43":0.170582,"44":null,"45":null},"safari":{"3.1":null,"3.2":null,"4":0,"5":0.005092,"5.1":0.01273,"6":0.005092,"6.1":0.005092,"7":0.01273,"7.1":0.010184,"8":0.048374,"9":0.040736,"9.1":0.112024,"10":0.302974,"10.1":null,"0":null},"ios_saf":{"3.2":0,"4.0-4.1":0,"4.2-4.3":0,"5.0-5.1":0,"6.0-6.1":0.0121557538462,"7.0-7.1":0.0536688,"8":0,"8.1-8.4":0.0731638769231,"9.0-9.2":0.0144492923077,"9.3":0.198391076923,"10.0-10.2":1.8098312},"android":{"2.1":0,"2.2":0,"2.3":0,"3":0,"4":0.0670289540816,"4.1":0.201086862245,"4.2-4.3":0.647499696429,"4.4":1.4303978801,"4.4.3-4.4.4":0.807028607143,"53":null},"ie":{"5.5":null,"6":0.00808355,"7":0.00269451666667,"8":0.0996971166667,"9":0.0188616166667,"10":0.0296396833333,"11":0.164365516667},"op_mob":{"10":0,"11":0,"11.1":0,"11.5":0,"12":0,"12.1":0,"0":0.0208646899563},"edge":{"12":0.028006,"13":0.030552,"14":0.142576,"15":null},"bb":{"7":0.2515725,"10":null},"ie_mob":{"10":0.0364739417476,"11":0.172238058252},"and_ff":{"0":0.03727},"and_qq":{"1.2":null},"samsung":{"0":2.631262},"and_uc":{"0":35.339414},"op_mini":{"0":9.53516331004},"and_chr":{"0":20.409232}},"total":97.7162365}