{"id":"IE","name":"Ireland","month":"2017-02","access_date":"2017-03-03","data":{"chrome":{"4":null,"5":null,"6":null,"7":null,"8":null,"9":null,"10":null,"11":0.014844,"12":null,"13":null,"14":null,"15":null,"16":null,"17":null,"18":0.004948,"19":null,"20":null,"21":0.004948,"22":0.039584,"23":null,"24":null,"25":null,"26":0.004948,"27":null,"28":null,"29":0.059376,"30":null,"31":0.009896,"32":0.029688,"33":0.019792,"34":0.029688,"35":0.044532,"36":0.054428,"37":0.212764,"38":0.089064,"39":0.039584,"40":0.014844,"41":0.02474,"42":0.009896,"43":0.128648,"44":0.07422,"45":0.1237,"46":0.029688,"47":0.034636,"48":0.202868,"49":1.281532,"50":0.17318,"51":1.103404,"52":0.207816,"53":0.212764,"54":0.227608,"55":7.14986,"56":18.62922,"57":0.059376,"58":0.034636,"59":null},"firefox":{"2":null,"3":0.059376,"3.5":null,"3.6":0.004948,"4":null,"5":null,"6":null,"7":null,"8":null,"9":null,"10":null,"11":null,"12":null,"13":null,"14":null,"15":null,"16":0.059376,"17":null,"18":null,"19":null,"20":null,"21":null,"22":null,"23":null,"24":null,"25":null,"26":null,"27":null,"28":null,"29":null,"30":0.009896,"31":0.004948,"32":null,"33":0.009896,"34":0.004948,"35":null,"36":0.004948,"37":0.004948,"38":0.04948,"39":0.019792,"40":0.004948,"41":0.014844,"42":0.009896,"43":0.09896,"44":0.009896,"45":0.286984,"46":0.113804,"47":0.400788,"48":0.430476,"49":0.07422,"50":0.32162,"51":3.943556,"52":0.029688,"53":0.009896,"54":null},"opera":{"9":null,"9.5-9.6":null,"10.0-10.1":0,"10.5":null,"10.6":null,"11":null,"11.1":null,"11.5":null,"11.6":null,"12":null,"12.1":0.019792,"15":null,"16":null,"17":null,"18":null,"19":null,"20":null,"21":null,"22":null,"23":null,"24":null,"25":null,"26":null,"27":null,"28":0.004948,"29":null,"30":null,"31":null,"32":null,"33":null,"34":null,"35":null,"36":0.014844,"37":0.009896,"38":0.158336,"39":null,"40":null,"41":null,"42":0.103908,"43":0.178128,"44":null,"45":null},"safari":{"3.1":null,"3.2":null,"4":0.059376,"5":0.034636,"5.1":0.064324,"6":0.019792,"6.1":0.04948,"7":0.029688,"7.1":0.009896,"8":0.143492,"9":0.133596,"9.1":0.59376,"10":1.83076,"10.1":0.009896,"0":null},"ios_saf":{"3.2":0,"4.0-4.1":0,"4.2-4.3":0,"5.0-5.1":0,"6.0-6.1":0.113011497931,"7.0-7.1":0.498956424828,"8":0,"8.1-8.4":0.68020128,"9.0-9.2":0.134334422069,"9.3":1.84443293793,"10.0-10.2":16.8259194372},"android":{"2.1":0,"2.2":0,"2.3":0,"3":0,"4":0.0211573979592,"4.1":0.0634721938776,"4.2-4.3":0.204380464286,"4.4":0.451498872449,"4.4.3-4.4.4":0.254735071429,"53":null},"ie":{"5.5":null,"6":0.0711397880795,"7":0.0766120794702,"8":0.798954543046,"9":0.459672476821,"10":0.481561642384,"11":3.8962714702},"op_mob":{"10":0,"11":0,"11.1":0,"11.5":0,"12":0,"12.1":0,"0":0.000330917030568},"edge":{"12":0.07422,"13":0.262244,"14":2.00394,"15":null},"bb":{"7":0.006315,"10":null},"ie_mob":{"10":0.0838730097087,"11":0.396066990291},"and_ff":{"0":0.030312},"and_qq":{"1.2":null},"samsung":{"0":4.051704},"and_uc":{"0":0.10104},"op_mini":{"0":0.151229082969},"and_chr":{"0":24.47278}},"total":98.341767}