{"id":"IM","name":"Isle of Man","month":"2017-02","access_date":"2017-03-03","data":{"chrome":{"4":null,"5":null,"6":null,"7":null,"8":null,"9":null,"10":null,"11":null,"12":null,"13":null,"14":null,"15":null,"16":null,"17":null,"18":null,"19":null,"20":null,"21":null,"22":null,"23":null,"24":null,"25":null,"26":null,"27":null,"28":null,"29":null,"30":null,"31":null,"32":0.056529,"33":null,"34":null,"35":null,"36":null,"37":null,"38":0.018843,"39":0.018843,"40":null,"41":null,"42":null,"43":0.012562,"44":null,"45":0.018843,"46":null,"47":0.025124,"48":0.012562,"49":1.237357,"50":null,"51":0.050248,"52":0.012562,"53":0.018843,"54":0.131901,"55":14.57192,"56":19.703497,"57":0.06281,"58":0.018843,"59":null},"firefox":{"2":null,"3":null,"3.5":null,"3.6":null,"4":null,"5":null,"6":null,"7":null,"8":null,"9":null,"10":null,"11":null,"12":null,"13":null,"14":null,"15":null,"16":null,"17":null,"18":null,"19":null,"20":null,"21":null,"22":0.138182,"23":null,"24":null,"25":null,"26":0.012562,"27":null,"28":null,"29":null,"30":null,"31":null,"32":null,"33":null,"34":null,"35":0.069091,"36":null,"37":null,"38":null,"39":0.006281,"40":null,"41":null,"42":0.012562,"43":0.050248,"44":0.012562,"45":0.043967,"46":0.012562,"47":0.025124,"48":0.069091,"49":0.043967,"50":0.169587,"51":4.346452,"52":0.025124,"53":null,"54":null},"opera":{"9":null,"9.5-9.6":null,"10.0-10.1":0,"10.5":null,"10.6":null,"11":null,"11.1":null,"11.5":null,"11.6":null,"12":null,"12.1":null,"15":null,"16":null,"17":null,"18":null,"19":null,"20":null,"21":null,"22":null,"23":null,"24":null,"25":null,"26":null,"27":null,"28":null,"29":null,"30":null,"31":null,"32":null,"33":null,"34":null,"35":null,"36":0.012562,"37":null,"38":null,"39":null,"40":null,"41":null,"42":0.056529,"43":0.207273,"44":null,"45":null},"safari":{"3.1":null,"3.2":null,"4":0.012562,"5":0.069091,"5.1":0.232397,"6":null,"6.1":0.018843,"7":0.025124,"7.1":0.006281,"8":0.087934,"9":0.351736,"9.1":1.111737,"10":2.795045,"10.1":0.012562,"0":null},"ios_saf":{"3.2":0,"4.0-4.1":0,"4.2-4.3":0,"5.0-5.1":0,"6.0-6.1":0.115827577719,"7.0-7.1":0.511389682759,"8":0,"8.1-8.4":0.697150892308,"9.0-9.2":0.137681837666,"9.3":1.89039348541,"10.0-10.2":17.2451965241},"android":{"2.1":0,"2.2":0,"2.3":0,"3":0,"4":0.00988520408163,"4.1":0.0296556122449,"4.2-4.3":0.0954910714286,"4.4":0.210950255102,"4.4.3-4.4.4":0.119017857143,"53":null},"ie":{"5.5":null,"6":null,"7":null,"8":0.320331,"9":0.665786,"10":0.163306,"11":8.755714},"op_mob":{"10":0,"11":0,"11.1":0,"11.5":0,"12":0,"12.1":0,"0":4.06113537118e-5},"edge":{"12":0.037686,"13":0.332893,"14":5.90414,"15":null},"bb":{"7":0.00372,"10":null},"ie_mob":{"10":0.131969708738,"11":0.623190291262},"and_ff":{"0":0.02232},"and_qq":{"1.2":null},"samsung":{"0":4.30776},"and_uc":{"0":0.01488},"op_mini":{"0":0.0185593886463},"and_chr":{"0":10.62389}},"total":98.997151}