{"id":"IN","name":"India","month":"2017-02","access_date":"2017-03-03","data":{"chrome":{"4":0.004048,"5":0.004048,"6":0.006072,"7":0.004048,"8":0.006072,"9":0.004048,"10":0.008096,"11":0.012144,"12":0.008096,"13":0.004048,"14":0.008096,"15":0.004048,"16":0.006072,"17":0.008096,"18":0.014168,"19":0.012144,"20":0.012144,"21":0.01012,"22":0.014168,"23":0.016192,"24":0.012144,"25":0.022264,"26":0.014168,"27":0.02024,"28":0.038456,"29":0.024288,"30":0.026312,"31":0.257048,"32":0.028336,"33":0.06072,"34":0.01012,"35":0.01012,"36":0.036432,"37":0.006072,"38":0.014168,"39":0.014168,"40":0.012144,"41":0.01012,"42":0.01012,"43":0.046552,"44":0.018216,"45":0.014168,"46":0.044528,"47":0.028336,"48":0.026312,"49":0.959376,"50":0.034408,"51":0.17204,"52":0.054648,"53":0.1012,"54":0.1012,"55":2.778952,"56":9.029064,"57":0.078936,"58":0.076912,"59":null},"firefox":{"2":null,"3":0.056672,"3.5":0.004048,"3.6":0.014168,"4":0.01012,"5":0.004048,"6":0.004048,"7":0.002024,"8":0.004048,"9":0.004048,"10":0.008096,"11":0.01012,"12":0.016192,"13":0.008096,"14":0.01012,"15":0.008096,"16":0.01012,"17":0.008096,"18":0.008096,"19":0.006072,"20":0.008096,"21":0.006072,"22":0.006072,"23":0.006072,"24":0.006072,"25":0.006072,"26":0.006072,"27":0.006072,"28":0.014168,"29":0.018216,"30":0.012144,"31":0.082984,"32":0.01012,"33":0.012144,"34":0.01012,"35":0.016192,"36":0.014168,"37":0.012144,"38":0.024288,"39":0.02024,"40":0.016192,"41":0.016192,"42":0.016192,"43":0.062744,"44":0.06072,"45":0.066792,"46":0.026312,"47":0.129536,"48":0.08096,"49":0.074888,"50":0.184184,"51":1.938992,"52":0.429088,"53":0.004048,"54":null},"opera":{"9":null,"9.5-9.6":null,"10.0-10.1":0,"10.5":null,"10.6":null,"11":null,"11.1":null,"11.5":null,"11.6":0.004048,"12":0.002024,"12.1":0.006072,"15":null,"16":null,"17":null,"18":null,"19":null,"20":null,"21":null,"22":null,"23":null,"24":null,"25":null,"26":null,"27":null,"28":0.002024,"29":0.002024,"30":null,"31":null,"32":null,"33":null,"34":null,"35":null,"36":0.01012,"37":0.004048,"38":0.006072,"39":null,"40":0.002024,"41":0.004048,"42":0.08096,"43":0.143704,"44":null,"45":null},"safari":{"3.1":null,"3.2":null,"4":0,"5":null,"5.1":0.004048,"6":null,"6.1":null,"7":0.004048,"7.1":null,"8":0.012144,"9":0.01012,"9.1":0.032384,"10":0.119416,"10.1":null,"0":null},"ios_saf":{"3.2":0,"4.0-4.1":0,"4.2-4.3":0,"5.0-5.1":0,"6.0-6.1":0.00919461432361,"7.0-7.1":0.0405950896552,"8":0,"8.1-8.4":0.0553411692308,"9.0-9.2":0.0109294472149,"9.3":0.150063045093,"10.0-10.2":1.36895663448},"android":{"2.1":0,"2.2":0,"2.3":0,"3":0,"4":0.0318768707483,"4.1":0.0956306122449,"4.2-4.3":0.307930571429,"4.4":0.680252421769,"4.4.3-4.4.4":0.38379752381,"53":null},"ie":{"5.5":null,"6":0.00610925153374,"7":0.00407283435583,"8":0.144585619632,"9":0.0346190920245,"10":0.0570196809816,"11":0.415429104294},"op_mob":{"10":0,"11":0,"11.1":0,"11.5":0,"12":0,"12.1":0,"0":0.0175889956332},"edge":{"12":0.03036,"13":0.046552,"14":0.139656,"15":null},"bb":{"7":0.017946,"10":null},"ie_mob":{"10":0.0822379805825,"11":0.388346019417},"and_ff":{"0":0.007976},"and_qq":{"1.2":null},"samsung":{"0":2.321016},"and_uc":{"0":43.301704},"op_mini":{"0":8.03817100437},"and_chr":{"0":21.554648}},"total":98.1508855828}