{"id":"IQ","name":"Iraq","month":"2017-02","access_date":"2017-03-03","data":{"chrome":{"4":0.004906,"5":0.004906,"6":0.004906,"7":null,"8":0.007359,"9":null,"10":0.004906,"11":0.02453,"12":0.004906,"13":0.019624,"14":0.012265,"15":0.009812,"16":0.004906,"17":0.004906,"18":0.019624,"19":0.002453,"20":0.009812,"21":0.022077,"22":0.017171,"23":0.012265,"24":0.014718,"25":0.012265,"26":0.014718,"27":0.019624,"28":0.012265,"29":0.02453,"30":0.026983,"31":0.061325,"32":0.044154,"33":0.095667,"34":0.029436,"35":0.02453,"36":0.046607,"37":0.004906,"38":0.07359,"39":0.019624,"40":0.036795,"41":0.017171,"42":0.019624,"43":1.449723,"44":0.031889,"45":0.034342,"46":0.014718,"47":0.036795,"48":0.026983,"49":0.174163,"50":0.034342,"51":0.132462,"52":0.107932,"53":0.488147,"54":0.14718,"55":3.225695,"56":11.288706,"57":0.07359,"58":0.046607,"59":null},"firefox":{"2":null,"3":0.002453,"3.5":0.004906,"3.6":0.007359,"4":null,"5":0.002453,"6":0.017171,"7":null,"8":0.002453,"9":0.004906,"10":0.004906,"11":0.004906,"12":0.019624,"13":0.009812,"14":0.004906,"15":0.007359,"16":null,"17":null,"18":0.007359,"19":0.007359,"20":0.007359,"21":0.002453,"22":0.002453,"23":0.004906,"24":0.004906,"25":0.012265,"26":0.007359,"27":0.007359,"28":null,"29":0.007359,"30":0.012265,"31":0.014718,"32":0.007359,"33":0.007359,"34":0.009812,"35":0.009812,"36":0.007359,"37":0.02453,"38":0.012265,"39":0.014718,"40":0.004906,"41":0.012265,"42":0.009812,"43":0.058872,"44":0.034342,"45":0.029436,"46":0.019624,"47":0.161898,"48":0.076043,"49":0.044154,"50":0.137368,"51":2.195435,"52":0.152086,"53":0.002453,"54":0.002453},"opera":{"9":null,"9.5-9.6":null,"10.0-10.1":0,"10.5":null,"10.6":null,"11":null,"11.1":null,"11.5":null,"11.6":null,"12":null,"12.1":0.004906,"15":null,"16":null,"17":null,"18":null,"19":null,"20":null,"21":null,"22":null,"23":null,"24":null,"25":null,"26":null,"27":null,"28":null,"29":null,"30":null,"31":null,"32":null,"33":null,"34":null,"35":null,"36":0.007359,"37":0.007359,"38":0.004906,"39":0.004906,"40":0.004906,"41":0.004906,"42":0.179069,"43":0.321343,"44":0.002453,"45":null},"safari":{"3.1":null,"3.2":null,"4":0,"5":null,"5.1":0.007359,"6":null,"6.1":null,"7":0.002453,"7.1":null,"8":0.02453,"9":0.004906,"9.1":0.026983,"10":0.179069,"10.1":0.004906,"0":null},"ios_saf":{"3.2":0,"4.0-4.1":0,"4.2-4.3":0,"5.0-5.1":0,"6.0-6.1":0.092802589496,"7.0-7.1":0.409732187586,"8":0,"8.1-8.4":0.558566529231,"9.0-9.2":0.110312512042,"9.3":1.51460830027,"10.0-10.2":13.8170798814},"android":{"2.1":0,"2.2":0,"2.3":0,"3":0,"4":0.134429166667,"4.1":0.4032875,"4.2-4.3":1.29858575,"4.4":2.86871841667,"4.4.3-4.4.4":1.61852716667,"53":null},"ie":{"5.5":null,"6":null,"7":null,"8":0.18276680597,"9":0.0863065472637,"10":0.0507685572139,"11":0.700606089552},"op_mob":{"10":0,"11":0,"11.1":0,"11.5":0,"12":0,"12.1":0,"0":0.00126865065502},"edge":{"12":0.026983,"13":0.063778,"14":0.26983,"15":null},"bb":{"7":0.0056595,"10":null},"ie_mob":{"10":0.0210994951456,"11":0.0996365048544},"and_ff":{"0":0.060368},"and_qq":{"1.2":null},"samsung":{"0":9.20612},"and_uc":{"0":0.596134},"op_mini":{"0":0.579773349345},"and_chr":{"0":42.094668}},"total":98.9935705}