{"id":"IR","name":"Iran","month":"2017-02","access_date":"2017-03-03","data":{"chrome":{"4":0.011394,"5":null,"6":0.005697,"7":null,"8":0.005697,"9":null,"10":0.005697,"11":0.062667,"12":0.005697,"13":0.005697,"14":0.017091,"15":0.011394,"16":null,"17":0.005697,"18":0.011394,"19":0.011394,"20":0.017091,"21":0.017091,"22":0.028485,"23":0.039879,"24":0.028485,"25":0.017091,"26":0.022788,"27":0.017091,"28":0.017091,"29":0.051273,"30":0.039879,"31":0.05697,"32":0.034182,"33":0.034182,"34":0.022788,"35":0.017091,"36":0.119637,"37":0.017091,"38":0.074061,"39":0.034182,"40":0.028485,"41":0.022788,"42":0.017091,"43":0.085455,"44":0.051273,"45":0.051273,"46":0.068364,"47":0.05697,"48":0.051273,"49":0.820368,"50":0.062667,"51":0.330426,"52":0.188001,"53":0.313335,"54":0.347517,"55":4.922208,"56":15.632568,"57":0.045576,"58":0.034182,"59":null},"firefox":{"2":null,"3":0.022788,"3.5":0.011394,"3.6":0.034182,"4":0.045576,"5":0.005697,"6":0.005697,"7":0.011394,"8":0.011394,"9":0.011394,"10":0.017091,"11":0.022788,"12":0.074061,"13":0.028485,"14":0.028485,"15":0.022788,"16":0.034182,"17":0.017091,"18":0.017091,"19":0.011394,"20":0.017091,"21":0.022788,"22":0.017091,"23":0.022788,"24":0.034182,"25":0.028485,"26":0.028485,"27":0.028485,"28":0.017091,"29":0.051273,"30":0.045576,"31":0.045576,"32":0.039879,"33":0.091152,"34":0.051273,"35":0.062667,"36":0.039879,"37":0.051273,"38":0.079758,"39":0.079758,"40":0.074061,"41":0.119637,"42":0.102546,"43":0.39879,"44":0.199395,"45":0.193698,"46":0.159516,"47":0.894429,"48":0.410184,"49":0.478548,"50":0.996975,"51":12.630249,"52":0.843156,"53":0.017091,"54":null},"opera":{"9":null,"9.5-9.6":null,"10.0-10.1":0,"10.5":null,"10.6":null,"11":null,"11.1":null,"11.5":null,"11.6":0.005697,"12":null,"12.1":0.022788,"15":null,"16":null,"17":null,"18":0.005697,"19":null,"20":null,"21":null,"22":null,"23":0.005697,"24":null,"25":null,"26":null,"27":null,"28":null,"29":null,"30":null,"31":null,"32":null,"33":null,"34":0.005697,"35":null,"36":0.034182,"37":0.005697,"38":0.022788,"39":0.017091,"40":0.045576,"41":0.11394,"42":0.131031,"43":0.142425,"44":null,"45":null},"safari":{"3.1":null,"3.2":null,"4":0.011394,"5":null,"5.1":0.011394,"6":null,"6.1":null,"7":0.005697,"7.1":null,"8":0.034182,"9":0.051273,"9.1":0.085455,"10":0.330426,"10.1":null,"0":null},"ios_saf":{"3.2":0,"4.0-4.1":0,"4.2-4.3":0,"5.0-5.1":0,"6.0-6.1":0.0210225160743,"7.0-7.1":0.0928163917241,"8":0,"8.1-8.4":0.126531747692,"9.0-9.2":0.0249890285411,"9.3":0.343103328382,"10.0-10.2":3.12997498759},"android":{"2.1":0,"2.2":0,"2.3":0,"3":0,"4":0.119804846939,"4.1":0.359414540816,"4.2-4.3":1.15731482143,"4.4":2.55663543367,"4.4.3-4.4.4":1.44245035714,"53":null},"ie":{"5.5":null,"6":0.546333509209,"7":0.672852848183,"8":3.5827976446,"9":1.1559266879,"10":0.914389768044,"11":4.68121554206},"op_mob":{"10":0,"11":0,"11.1":0,"11.5":0,"12":0,"12.1":0,"0":0.00702597379913},"edge":{"12":0.131031,"13":0.148122,"14":0.438669,"15":null},"bb":{"7":0.010755,"10":null},"ie_mob":{"10":0.0127806990291,"11":0.0603533009709},"and_ff":{"0":0.197892},"and_qq":{"1.2":null},"samsung":{"0":7.967304},"and_uc":{"0":0.671112},"op_mini":{"0":3.2108700262},"and_chr":{"0":21.459879}},"total":99.133056}