{"id":"IS","name":"Iceland","month":"2017-02","access_date":"2017-03-03","data":{"chrome":{"4":null,"5":null,"6":null,"7":null,"8":null,"9":null,"10":null,"11":null,"12":null,"13":null,"14":null,"15":null,"16":null,"17":null,"18":null,"19":null,"20":null,"21":null,"22":null,"23":null,"24":null,"25":null,"26":null,"27":null,"28":null,"29":null,"30":null,"31":0.013744,"32":null,"33":null,"34":0.041232,"35":null,"36":0.020616,"37":0.006872,"38":0.061848,"39":0.075592,"40":null,"41":0.013744,"42":null,"43":0.020616,"44":0.06872,"45":0.013744,"46":0.020616,"47":0.013744,"48":0.10308,"49":1.243832,"50":0.096208,"51":0.096208,"52":0.185544,"53":0.164928,"54":0.247392,"55":11.448752,"56":29.61832,"57":0.089336,"58":0.027488,"59":null},"firefox":{"2":null,"3":null,"3.5":null,"3.6":0.006872,"4":null,"5":null,"6":null,"7":0.013744,"8":null,"9":null,"10":null,"11":null,"12":null,"13":null,"14":null,"15":null,"16":0.020616,"17":null,"18":null,"19":null,"20":null,"21":null,"22":null,"23":null,"24":0.006872,"25":null,"26":null,"27":null,"28":null,"29":0.006872,"30":null,"31":null,"32":null,"33":0.013744,"34":null,"35":0.03436,"36":0.027488,"37":0.006872,"38":0.027488,"39":0.006872,"40":null,"41":0.041232,"42":0.082464,"43":0.020616,"44":0.006872,"45":0.522272,"46":0.020616,"47":0.089336,"48":0.178672,"49":0.061848,"50":0.302368,"51":6.08172,"52":0.048104,"53":null,"54":null},"opera":{"9":null,"9.5-9.6":null,"10.0-10.1":0,"10.5":null,"10.6":null,"11":null,"11.1":null,"11.5":null,"11.6":null,"12":null,"12.1":0.054976,"15":null,"16":null,"17":null,"18":null,"19":null,"20":null,"21":null,"22":null,"23":null,"24":null,"25":null,"26":null,"27":null,"28":null,"29":0.006872,"30":null,"31":null,"32":null,"33":null,"34":null,"35":null,"36":0.013744,"37":null,"38":null,"39":null,"40":null,"41":null,"42":0.1718,"43":0.288624,"44":0.020616,"45":null},"safari":{"3.1":null,"3.2":null,"4":0.006872,"5":0.13744,"5.1":0.096208,"6":null,"6.1":0.10308,"7":0.03436,"7.1":0.020616,"8":0.219904,"9":0.254264,"9.1":1.147624,"10":7.545456,"10.1":0.048104,"0":null},"ios_saf":{"3.2":0,"4.0-4.1":0,"4.2-4.3":0,"5.0-5.1":0,"6.0-6.1":0.0772544645093,"7.0-7.1":0.341085748966,"8":0,"8.1-8.4":0.464984418462,"9.0-9.2":0.0918307785676,"9.3":1.26085116605,"10.0-10.2":11.5021694234},"android":{"2.1":0,"2.2":0,"2.3":0,"3":0,"4":0.00651666666667,"4.1":0.01955,"4.2-4.3":0.062951,"4.4":0.139065666667,"4.4.3-4.4.4":0.0784606666667,"53":null},"ie":{"5.5":null,"6":null,"7":0.00689965392354,"8":0.0620968853119,"9":0.0551972313883,"10":0.0413979235412,"11":3.26353630584},"op_mob":{"10":0,"11":0,"11.1":0,"11.5":0,"12":0,"12.1":0,"0":0.000218550218341},"edge":{"12":0.041232,"13":0.20616,"14":2.61136,"15":null},"bb":{"7":0.002346,"10":null},"ie_mob":{"10":0.0317051650485,"11":0.149718834951},"and_ff":{"0":0.01564},"and_qq":{"1.2":null},"samsung":{"0":4.047632},"and_uc":{"0":0.01564},"op_mini":{"0":0.0998774497817},"and_chr":{"0":12.702144}},"total":98.888178}