{"id":"IT","name":"Italy","month":"2017-02","access_date":"2017-03-03","data":{"chrome":{"4":null,"5":null,"6":null,"7":null,"8":null,"9":null,"10":null,"11":0.012966,"12":null,"13":null,"14":null,"15":null,"16":null,"17":null,"18":null,"19":null,"20":null,"21":0.012966,"22":0.038898,"23":null,"24":null,"25":0.058347,"26":0.019449,"27":null,"28":null,"29":0.012966,"30":null,"31":0.019449,"32":0.265803,"33":0.012966,"34":0.136143,"35":0.142626,"36":0.732579,"37":0.019449,"38":0.058347,"39":0.045381,"40":0.019449,"41":0.071313,"42":0.038898,"43":0.337116,"44":0.032415,"45":0.045381,"46":0.038898,"47":0.136143,"48":0.058347,"49":2.294982,"50":0.077796,"51":0.440844,"52":0.084279,"53":0.226905,"54":0.226905,"55":7.71477,"56":22.483044,"57":0.077796,"58":0.045381,"59":null},"firefox":{"2":null,"3":0.006483,"3.5":null,"3.6":0.019449,"4":null,"5":null,"6":null,"7":null,"8":null,"9":null,"10":null,"11":0.006483,"12":0.006483,"13":null,"14":null,"15":null,"16":0.019449,"17":null,"18":null,"19":null,"20":0.006483,"21":0.012966,"22":null,"23":null,"24":null,"25":null,"26":0.058347,"27":null,"28":0.006483,"29":0.006483,"30":0.006483,"31":0.019449,"32":0.012966,"33":0.012966,"34":0.019449,"35":0.019449,"36":0.019449,"37":0.025932,"38":0.045381,"39":0.025932,"40":0.019449,"41":0.025932,"42":0.032415,"43":0.071313,"44":0.025932,"45":0.155592,"46":0.051864,"47":0.466776,"48":0.875205,"49":0.19449,"50":1.095627,"51":8.790948,"52":0.226905,"53":0.097245,"54":null},"opera":{"9":null,"9.5-9.6":null,"10.0-10.1":0,"10.5":null,"10.6":null,"11":null,"11.1":null,"11.5":null,"11.6":null,"12":null,"12.1":0.025932,"15":null,"16":null,"17":null,"18":null,"19":null,"20":null,"21":null,"22":null,"23":null,"24":null,"25":null,"26":null,"27":null,"28":0.019449,"29":null,"30":null,"31":null,"32":null,"33":null,"34":null,"35":null,"36":0.032415,"37":null,"38":0.038898,"39":null,"40":null,"41":null,"42":0.570504,"43":0.499191,"44":null,"45":null},"safari":{"3.1":null,"3.2":null,"4":0.025932,"5":0.06483,"5.1":0.162075,"6":0.012966,"6.1":0.097245,"7":0.032415,"7.1":0.012966,"8":0.155592,"9":0.272286,"9.1":0.71313,"10":3.17667,"10.1":0.019449,"0":null},"ios_saf":{"3.2":0,"4.0-4.1":0,"4.2-4.3":0,"5.0-5.1":0,"6.0-6.1":0.0494291777188,"7.0-7.1":0.218234482759,"8":0,"8.1-8.4":0.297507692308,"9.0-9.2":0.0587554376658,"9.3":0.806721485411,"10.0-10.2":7.35935172414},"android":{"2.1":0,"2.2":0,"2.3":0,"3":0,"4":0.0307948979592,"4.1":0.0923846938776,"4.2-4.3":0.297478714286,"4.4":0.657163122449,"4.4.3-4.4.4":0.370770571429,"53":null},"ie":{"5.5":null,"6":0.0130770917993,"7":0.0196156376989,"8":0.307311657283,"9":0.228849106487,"10":0.209233468788,"11":4.56390503794},"op_mob":{"10":0,"11":0,"11.1":0,"11.5":0,"12":0,"12.1":0,"0":0.000353135371179},"edge":{"12":0.162075,"13":0.291735,"14":2.450574,"15":null},"bb":{"7":0.009669,"10":null},"ie_mob":{"10":0.188020660194,"11":0.887875339806},"and_ff":{"0":0.045708},"and_qq":{"1.2":null},"samsung":{"0":3.660156},"and_uc":{"0":0.31644},"op_mini":{"0":0.161382864629},"and_chr":{"0":19.524804}},"total":97.736577}