{"id":"JE","name":"Jersey","month":"2017-02","access_date":"2017-03-03","data":{"chrome":{"4":null,"5":null,"6":null,"7":null,"8":null,"9":null,"10":null,"11":0.005438,"12":null,"13":null,"14":null,"15":null,"16":null,"17":null,"18":null,"19":null,"20":null,"21":null,"22":0.016314,"23":null,"24":null,"25":null,"26":null,"27":null,"28":null,"29":null,"30":null,"31":null,"32":0.048942,"33":null,"34":0.010876,"35":null,"36":null,"37":null,"38":0.021752,"39":0.070694,"40":null,"41":0.043504,"42":0.038066,"43":0.02719,"44":null,"45":0.010876,"46":0.02719,"47":0.010876,"48":0.016314,"49":0.913584,"50":null,"51":0.016314,"52":0.02719,"53":0.179454,"54":0.087008,"55":6.166692,"56":18.396754,"57":0.016314,"58":0.005438,"59":null},"firefox":{"2":null,"3":null,"3.5":null,"3.6":0.010876,"4":null,"5":null,"6":null,"7":null,"8":null,"9":null,"10":null,"11":null,"12":0.021752,"13":null,"14":null,"15":null,"16":0.016314,"17":null,"18":null,"19":0.043504,"20":null,"21":0.010876,"22":null,"23":null,"24":null,"25":null,"26":0.010876,"27":null,"28":null,"29":null,"30":null,"31":null,"32":null,"33":0.065256,"34":null,"35":null,"36":null,"37":null,"38":null,"39":null,"40":null,"41":null,"42":null,"43":0.016314,"44":null,"45":0.059818,"46":0.010876,"47":0.076132,"48":0.152264,"49":0.076132,"50":0.29909,"51":3.69784,"52":0.201206,"53":null,"54":null},"opera":{"9":null,"9.5-9.6":null,"10.0-10.1":0,"10.5":null,"10.6":null,"11":null,"11.1":null,"11.5":null,"11.6":null,"12":null,"12.1":0.010876,"15":null,"16":null,"17":null,"18":null,"19":null,"20":null,"21":null,"22":null,"23":null,"24":null,"25":null,"26":null,"27":null,"28":0.016314,"29":null,"30":null,"31":null,"32":null,"33":null,"34":null,"35":null,"36":null,"37":null,"38":null,"39":null,"40":null,"41":null,"42":0.065256,"43":0.114198,"44":null,"45":null},"safari":{"3.1":null,"3.2":null,"4":0,"5":0.010876,"5.1":0.206644,"6":0.010876,"6.1":0.146826,"7":0.097884,"7.1":0.016314,"8":0.250148,"9":0.2719,"9.1":1.256178,"10":5.00296,"10.1":0.010876,"0":null},"ios_saf":{"3.2":0,"4.0-4.1":0,"4.2-4.3":0,"5.0-5.1":0,"6.0-6.1":0.157513638196,"7.0-7.1":0.695437572414,"8":0,"8.1-8.4":0.948053784615,"9.0-9.2":0.187233192573,"9.3":2.57074145358,"10.0-10.2":23.4517003586},"android":{"2.1":0,"2.2":0,"2.3":0,"3":0,"4":0.0101830357143,"4.1":0.0305491071429,"4.2-4.3":0.098368125,"4.4":0.217305982143,"4.4.3-4.4.4":0.12260375,"53":null},"ie":{"5.5":null,"6":null,"7":null,"8":0.125074,"9":0.206644,"10":0.750444,"11":10.756364},"op_mob":{"10":0,"11":0,"11.1":0,"11.5":0,"12":0,"12.1":0,"0":0.000219135371179},"edge":{"12":0.076132,"13":0.24471,"14":2.985462,"15":null},"bb":{"7":0.072992,"10":null},"ie_mob":{"10":0.0908856699029,"11":0.429182330097},"and_ff":{"0":0.036496},"and_qq":{"1.2":null},"samsung":{"0":4.26547},"and_uc":{"0":0.223538},"op_mini":{"0":0.100144864629},"and_chr":{"0":11.631826}},"total":98.899306}