{"id":"JP","name":"Japan","month":"2017-02","access_date":"2017-03-03","data":{"chrome":{"4":null,"5":null,"6":null,"7":null,"8":null,"9":null,"10":null,"11":0.013928,"12":null,"13":null,"14":null,"15":null,"16":null,"17":0.020892,"18":null,"19":null,"20":null,"21":0.013928,"22":0.006964,"23":null,"24":null,"25":null,"26":null,"27":0.006964,"28":null,"29":0.020892,"30":null,"31":0.013928,"32":0.006964,"33":0.006964,"34":0.013928,"35":0.013928,"36":0.048748,"37":null,"38":0.013928,"39":0.027856,"40":0.013928,"41":0.027856,"42":0.03482,"43":0.083568,"44":0.020892,"45":0.188028,"46":0.027856,"47":0.048748,"48":0.097496,"49":1.796712,"50":0.132316,"51":0.41784,"52":0.153208,"53":0.167136,"54":0.188028,"55":6.204924,"56":17.521424,"57":0.083568,"58":0.055712,"59":null},"firefox":{"2":null,"3":0.013928,"3.5":null,"3.6":0.027856,"4":null,"5":null,"6":null,"7":null,"8":null,"9":null,"10":0.013928,"11":null,"12":0.013928,"13":null,"14":null,"15":null,"16":0.03482,"17":null,"18":null,"19":0.013928,"20":null,"21":0.006964,"22":null,"23":0.006964,"24":0.006964,"25":null,"26":null,"27":null,"28":0.013928,"29":null,"30":null,"31":0.006964,"32":null,"33":0.006964,"34":0.013928,"35":0.048748,"36":0.03482,"37":0.027856,"38":0.055712,"39":0.020892,"40":0.020892,"41":0.020892,"42":0.027856,"43":0.10446,"44":0.020892,"45":0.188028,"46":0.055712,"47":0.271596,"48":0.647652,"49":0.111424,"50":0.466588,"51":9.47104,"52":0.062676,"53":0.020892,"54":null},"opera":{"9":null,"9.5-9.6":null,"10.0-10.1":0,"10.5":null,"10.6":null,"11":null,"11.1":null,"11.5":null,"11.6":0.013928,"12":null,"12.1":0.188028,"15":null,"16":null,"17":null,"18":null,"19":null,"20":null,"21":null,"22":null,"23":null,"24":null,"25":null,"26":null,"27":null,"28":null,"29":null,"30":null,"31":null,"32":null,"33":null,"34":null,"35":null,"36":0.027856,"37":0.006964,"38":0.062676,"39":null,"40":null,"41":null,"42":0.125352,"43":0.20892,"44":null,"45":null},"safari":{"3.1":null,"3.2":null,"4":0.055712,"5":0.111424,"5.1":0.369092,"6":0.090532,"6.1":0.285524,"7":0.097496,"7.1":0.027856,"8":0.250704,"9":0.201956,"9.1":1.037636,"10":2.667212,"10.1":0.013928,"0":null},"ios_saf":{"3.2":0,"4.0-4.1":0,"4.2-4.3":0,"5.0-5.1":0,"6.0-6.1":0.112166107162,"7.0-7.1":0.495223944828,"8":0,"8.1-8.4":0.675112984615,"9.0-9.2":0.133329523607,"9.3":1.83063552255,"10.0-10.2":16.7000519172},"android":{"2.1":0,"2.2":0,"2.3":0,"3":0,"4":0.0270426020408,"4.1":0.0811278061224,"4.2-4.3":0.261231535714,"4.4":0.577089127551,"4.4.3-4.4.4":0.325592928571,"53":null},"ie":{"5.5":null,"6":0.0495042582809,"7":0.0424322213836,"8":0.572834988679,"9":0.636483320755,"10":0.403106103145,"11":15.1624471078},"op_mob":{"10":0,"11":0,"11.1":0,"11.5":0,"12":0,"12.1":0,"0":0.000232008733624},"edge":{"12":0.027856,"13":0.236776,"14":3.433252,"15":null},"bb":{"7":0.002277,"10":null},"ie_mob":{"10":0.00265281553398,"11":0.012527184466},"and_ff":{"0":0.03036},"and_qq":{"1.2":null},"samsung":{"0":0.780252},"and_uc":{"0":0.230736},"op_mini":{"0":0.106027991266},"and_chr":{"0":9.402408}},"total":97.547129}