{"id":"KE","name":"Kenya","month":"2017-02","access_date":"2017-03-03","data":{"chrome":{"4":null,"5":null,"6":null,"7":null,"8":null,"9":null,"10":null,"11":0.03148,"12":0.001574,"13":null,"14":null,"15":null,"16":null,"17":null,"18":null,"19":null,"20":null,"21":null,"22":0.001574,"23":0.001574,"24":null,"25":0.004722,"26":0.003148,"27":0.004722,"28":0.003148,"29":0.011018,"30":0.001574,"31":0.01574,"32":0.02361,"33":0.011018,"34":0.004722,"35":0.012592,"36":0.07083,"37":0.003148,"38":0.00787,"39":0.004722,"40":0.00787,"41":0.003148,"42":0.006296,"43":0.042498,"44":0.006296,"45":0.011018,"46":0.004722,"47":0.009444,"48":0.00787,"49":0.254988,"50":0.022036,"51":0.03935,"52":0.040924,"53":0.12592,"54":0.04722,"55":1.473264,"56":4.865234,"57":0.025184,"58":0.025184,"59":null},"firefox":{"2":null,"3":0.00787,"3.5":null,"3.6":0.006296,"4":0.003148,"5":0.001574,"6":0.001574,"7":0.001574,"8":0.003148,"9":null,"10":0.011018,"11":0.006296,"12":0.00787,"13":0.004722,"14":0.011018,"15":0.004722,"16":0.006296,"17":0.003148,"18":0.003148,"19":0.006296,"20":0.011018,"21":0.006296,"22":0.003148,"23":0.003148,"24":0.006296,"25":0.006296,"26":0.004722,"27":0.004722,"28":0.006296,"29":0.01574,"30":0.018888,"31":0.012592,"32":0.009444,"33":0.020462,"34":0.01574,"35":0.018888,"36":0.012592,"37":0.018888,"38":0.03148,"39":0.026758,"40":0.02361,"41":0.025184,"42":0.018888,"43":0.091292,"44":0.091292,"45":0.064534,"46":0.053516,"47":0.21249,"48":0.127494,"49":0.182584,"50":0.373038,"51":3.623348,"52":0.517846,"53":0.006296,"54":0.001574},"opera":{"9":null,"9.5-9.6":null,"10.0-10.1":0,"10.5":null,"10.6":null,"11":null,"11.1":null,"11.5":null,"11.6":null,"12":null,"12.1":0.004722,"15":null,"16":null,"17":null,"18":null,"19":0.003148,"20":null,"21":null,"22":null,"23":null,"24":null,"25":null,"26":0.001574,"27":null,"28":0.004722,"29":0.006296,"30":0.006296,"31":null,"32":0.004722,"33":0.00787,"34":0.00787,"35":0.011018,"36":0.034628,"37":0.08657,"38":0.006296,"39":0.003148,"40":0.004722,"41":0.012592,"42":0.122772,"43":0.166844,"44":null,"45":null},"safari":{"3.1":null,"3.2":null,"4":0.003148,"5":0.004722,"5.1":0.004722,"6":null,"6.1":null,"7":0.001574,"7.1":0.009444,"8":0.017314,"9":0.01574,"9.1":0.053516,"10":0.280172,"10.1":null,"0":null},"ios_saf":{"3.2":0,"4.0-4.1":0,"4.2-4.3":0,"5.0-5.1":0,"6.0-6.1":0.00402797188329,"7.0-7.1":0.0177838758621,"8":0,"8.1-8.4":0.0242438307692,"9.0-9.2":0.00478796657825,"9.3":0.0657395411141,"10.0-10.2":0.599711813793},"android":{"2.1":0,"2.2":0,"2.3":0,"3":0,"4":0.0870646683673,"4.1":0.261194005102,"4.2-4.3":0.841044696429,"4.4":1.85796002296,"4.4.3-4.4.4":1.04825860714,"53":null},"ie":{"5.5":null,"6":null,"7":null,"8":0.0614968450704,"9":0.0258934084507,"10":0.0226567323944,"11":0.349561014085},"op_mob":{"10":0,"11":0,"11.1":0,"11.5":0,"12":0,"12.1":0,"0":0.127048984716},"edge":{"12":0.036202,"13":0.040924,"14":0.162122,"15":null},"bb":{"7":0.0463485,"10":null},"ie_mob":{"10":0.265082330097,"11":1.2517776699},"and_ff":{"0":0.058989},"and_qq":{"1.2":null},"samsung":{"0":1.43259},"and_uc":{"0":4.356759},"op_mini":{"0":58.0613860153},"and_chr":{"0":13.722542}},"total":98.7127285}