{"id":"KG","name":"Kyrgyzstan","month":"2017-02","access_date":"2017-03-03","data":{"chrome":{"4":0.011856,"5":0.011856,"6":0.005928,"7":null,"8":0.065208,"9":0.005928,"10":0.023712,"11":0.02964,"12":0.023712,"13":0.041496,"14":0.011856,"15":0.017784,"16":0.017784,"17":0.053352,"18":0.041496,"19":0.023712,"20":0.02964,"21":0.065208,"22":0.041496,"23":0.035568,"24":0.02964,"25":0.017784,"26":0.017784,"27":0.023712,"28":0.017784,"29":null,"30":null,"31":0.041496,"32":null,"33":0.011856,"34":0.02964,"35":0.017784,"36":0.047424,"37":null,"38":0.017784,"39":0.124488,"40":0.02964,"41":0.082992,"42":0.017784,"43":0.106704,"44":0.035568,"45":0.165984,"46":0.041496,"47":0.154128,"48":0.023712,"49":1.68948,"50":0.082992,"51":0.11856,"52":0.11856,"53":0.248976,"54":0.320112,"55":8.56596,"56":30.315792,"57":0.047424,"58":0.106704,"59":null},"firefox":{"2":0.005928,"3":0.02964,"3.5":0.047424,"3.6":0.219336,"4":0.011856,"5":null,"6":null,"7":0.005928,"8":0.005928,"9":0.011856,"10":0.017784,"11":null,"12":0.011856,"13":null,"14":0.005928,"15":0.005928,"16":0.017784,"17":0.005928,"18":0.005928,"19":null,"20":null,"21":0.017784,"22":0.017784,"23":null,"24":0.011856,"25":0.041496,"26":null,"27":null,"28":null,"29":null,"30":null,"31":null,"32":null,"33":0.011856,"34":0.005928,"35":0.017784,"36":0.011856,"37":null,"38":null,"39":0.011856,"40":null,"41":0.011856,"42":0.017784,"43":0.05928,"44":0.005928,"45":0.041496,"46":0.035568,"47":0.130416,"48":0.02964,"49":0.035568,"50":0.165984,"51":2.922504,"52":null,"53":0.005928,"54":null},"opera":{"9":null,"9.5-9.6":null,"10.0-10.1":0,"10.5":null,"10.6":0.017784,"11":0.005928,"11.1":null,"11.5":0.023712,"11.6":0.094848,"12":0.08892,"12.1":0.302328,"15":0.005928,"16":null,"17":null,"18":0.005928,"19":0.005928,"20":0.023712,"21":0.011856,"22":0.005928,"23":0.005928,"24":0.017784,"25":0.011856,"26":0.011856,"27":0.053352,"28":0.005928,"29":0.005928,"30":null,"31":null,"32":0.011856,"33":null,"34":null,"35":0.005928,"36":0.272688,"37":0.017784,"38":0.02964,"39":0.011856,"40":0.011856,"41":0.017784,"42":1.316016,"43":1.997736,"44":null,"45":null},"safari":{"3.1":null,"3.2":null,"4":0.035568,"5":0.053352,"5.1":0.035568,"6":0.011856,"6.1":0.005928,"7":0.011856,"7.1":null,"8":0.02964,"9":0.082992,"9.1":0.100776,"10":0.758784,"10.1":0.017784,"0":null},"ios_saf":{"3.2":0,"4.0-4.1":0,"4.2-4.3":0,"5.0-5.1":0,"6.0-6.1":0.0236480826525,"7.0-7.1":0.104408515862,"8":0,"8.1-8.4":0.142334686154,"9.0-9.2":0.0281099850398,"9.3":0.385954556499,"10.0-10.2":3.52088717379},"android":{"2.1":0,"2.2":0,"2.3":0,"3":0,"4":0.0858510204082,"4.1":0.257553061224,"4.2-4.3":0.829320857143,"4.4":1.83206077551,"4.4.3-4.4.4":1.03364628571,"53":null},"ie":{"5.5":null,"6":null,"7":0.00631251891892,"8":0.492376475676,"9":0.101000302703,"10":0.107312821622,"11":0.460813881081},"op_mob":{"10":0,"11":0,"11.1":0,"11.5":0,"12":0,"12.1":0,"0":0.00880864847162},"edge":{"12":0.02964,"13":0.047424,"14":0.379392,"15":null},"bb":{"7":0.00712425,"10":null},"ie_mob":{"10":0.0377061553398,"11":0.17805684466},"and_ff":{"0":0.004071},"and_qq":{"1.2":null},"samsung":{"0":2.97183},"and_uc":{"0":3.248658},"op_mini":{"0":4.02555235153},"and_chr":{"0":21.969978}},"total":95.10867225}