{"id":"KH","name":"Cambodia","month":"2017-02","access_date":"2017-03-03","data":{"chrome":{"4":null,"5":null,"6":null,"7":null,"8":null,"9":null,"10":null,"11":0.039816,"12":null,"13":null,"14":null,"15":null,"16":null,"17":null,"18":null,"19":null,"20":0.013272,"21":null,"22":0.008848,"23":0.035392,"24":0.004424,"25":0.017696,"26":0.008848,"27":0.013272,"28":0.02212,"29":0.057512,"30":0.017696,"31":0.026544,"32":0.101752,"33":0.08848,"34":0.017696,"35":0.008848,"36":0.053088,"37":0.013272,"38":0.030968,"39":0.048664,"40":0.013272,"41":0.030968,"42":0.04424,"43":0.8848,"44":0.04424,"45":0.159264,"46":0.057512,"47":0.097328,"48":0.061936,"49":0.637056,"50":0.075208,"51":1.176784,"52":0.875952,"53":0.95116,"54":0.190232,"55":4.68944,"56":15.656536,"57":0.553,"58":0.261016,"59":null},"firefox":{"2":null,"3":0.013272,"3.5":null,"3.6":0.008848,"4":null,"5":null,"6":0.004424,"7":null,"8":0.004424,"9":null,"10":0.004424,"11":0.004424,"12":0.017696,"13":0.004424,"14":0.008848,"15":0.004424,"16":0.013272,"17":0.004424,"18":0.004424,"19":0.004424,"20":0.004424,"21":0.008848,"22":0.008848,"23":0.008848,"24":0.004424,"25":0.008848,"26":0.008848,"27":0.017696,"28":null,"29":0.039816,"30":0.039816,"31":0.057512,"32":0.026544,"33":0.150416,"34":0.02212,"35":0.061936,"36":0.053088,"37":0.048664,"38":0.101752,"39":0.101752,"40":0.075208,"41":0.128296,"42":0.097328,"43":0.269864,"44":0.145992,"45":0.08848,"46":0.08848,"47":0.676872,"48":0.437976,"49":0.26544,"50":0.544152,"51":5.459216,"52":0.791896,"53":0.017696,"54":null},"opera":{"9":null,"9.5-9.6":null,"10.0-10.1":0,"10.5":null,"10.6":null,"11":null,"11.1":null,"11.5":null,"11.6":null,"12":null,"12.1":0.013272,"15":null,"16":null,"17":null,"18":null,"19":null,"20":null,"21":null,"22":null,"23":null,"24":null,"25":null,"26":null,"27":null,"28":null,"29":null,"30":null,"31":null,"32":null,"33":null,"34":0.004424,"35":null,"36":null,"37":0.008848,"38":0.06636,"39":0.04424,"40":0.048664,"41":null,"42":0.256592,"43":0.367192,"44":null,"45":null},"safari":{"3.1":null,"3.2":null,"4":0.017696,"5":null,"5.1":0.008848,"6":0.017696,"6.1":null,"7":0.02212,"7.1":null,"8":0.172536,"9":0.119448,"9.1":0.238896,"10":0.964432,"10.1":null,"0":null},"ios_saf":{"3.2":0,"4.0-4.1":0,"4.2-4.3":0,"5.0-5.1":0,"6.0-6.1":0.128173957241,"7.0-7.1":0.565900113103,"8":0,"8.1-8.4":0.77146212,"9.0-9.2":0.152357722759,"9.3":2.09189571724,"10.0-10.2":19.0834093697},"android":{"2.1":0,"2.2":0,"2.3":0,"3":0,"4":0.125553635204,"4.1":0.376660905612,"4.2-4.3":1.21284811607,"4.4":2.67931457526,"4.4.3-4.4.4":1.51166576786,"53":null},"ie":{"5.5":null,"6":0.0153398753541,"7":0.0153398753541,"8":0.516442470255,"9":0.158512045326,"10":0.194305087819,"11":0.874372895184},"op_mob":{"10":0,"11":0,"11.1":0,"11.5":0,"12":0,"12.1":0,"0":0.0030320371179},"edge":{"12":0.163688,"13":0.150416,"14":0.473368,"15":null},"bb":{"7":0.00418275,"10":null},"ie_mob":{"10":0.0506803106796,"11":0.23932368932},"and_ff":{"0":0.033462},"and_qq":{"1.2":null},"samsung":{"0":3.173313},"and_uc":{"0":0.66924},"op_mini":{"0":1.38564096288},"and_chr":{"0":21.839845}},"total":98.0820099993}