{"id":"KI","name":"Kiribati","month":"2017-02","access_date":"2017-03-03","data":{"chrome":{"4":null,"5":null,"6":null,"7":null,"8":null,"9":null,"10":null,"11":null,"12":null,"13":null,"14":null,"15":null,"16":null,"17":null,"18":null,"19":0.026852,"20":null,"21":0.01918,"22":0.07672,"23":0.007672,"24":null,"25":null,"26":null,"27":null,"28":null,"29":0.034524,"30":0.015344,"31":0.007672,"32":null,"33":null,"34":null,"35":null,"36":0.007672,"37":null,"38":null,"39":null,"40":0.015344,"41":null,"42":null,"43":0.164948,"44":0.053704,"45":0.042196,"46":null,"47":0.01918,"48":0.034524,"49":0.034524,"50":null,"51":0.337568,"52":0.015344,"53":0.514024,"54":0.233996,"55":4.265632,"56":6.774376,"57":0.034524,"58":null,"59":null},"firefox":{"2":null,"3":null,"3.5":null,"3.6":0.042196,"4":0.103572,"5":null,"6":null,"7":null,"8":0.049868,"9":null,"10":0.007672,"11":0.007672,"12":null,"13":null,"14":null,"15":0.007672,"16":0.007672,"17":null,"18":null,"19":0.015344,"20":null,"21":0.015344,"22":0.061376,"23":null,"24":0.007672,"25":null,"26":null,"27":null,"28":null,"29":0.015344,"30":null,"31":0.034524,"32":0.30688,"33":0.103572,"34":0.049868,"35":null,"36":null,"37":0.111244,"38":1.22752,"39":0.007672,"40":0.007672,"41":null,"42":0.015344,"43":0.410452,"44":0.659792,"45":0.122752,"46":0.015344,"47":0.337568,"48":0.276192,"49":0.801724,"50":1.262044,"51":6.54038,"52":1.530564,"53":null,"54":null},"opera":{"9":null,"9.5-9.6":null,"10.0-10.1":0,"10.5":null,"10.6":null,"11":null,"11.1":null,"11.5":null,"11.6":null,"12":null,"12.1":null,"15":null,"16":null,"17":null,"18":null,"19":null,"20":null,"21":null,"22":null,"23":null,"24":null,"25":null,"26":null,"27":null,"28":null,"29":null,"30":null,"31":null,"32":null,"33":null,"34":null,"35":null,"36":0.026852,"37":null,"38":0.007672,"39":null,"40":null,"41":null,"42":1.350272,"43":3.210732,"44":null,"45":null},"safari":{"3.1":null,"3.2":null,"4":0,"5":null,"5.1":0.0959,"6":null,"6.1":null,"7":0.01918,"7.1":null,"8":null,"9":null,"9.1":0.007672,"10":0.245504,"10.1":null,"0":null},"ios_saf":{"3.2":0,"4.0-4.1":0,"4.2-4.3":0,"5.0-5.1":0,"6.0-6.1":0.00862950779841,"7.0-7.1":0.0381000910345,"8":0,"8.1-8.4":0.0519398676923,"9.0-9.2":0.010257716817,"9.3":0.140840080106,"10.0-10.2":1.28481973655},"android":{"2.1":0,"2.2":0,"2.3":0,"3":0,"4":0.153812967687,"4.1":0.461438903061,"4.2-4.3":1.48583326786,"4.4":3.28236873044,"4.4.3-4.4.4":1.85190813095,"53":null},"ie":{"5.5":null,"6":null,"7":null,"8":0.296726917431,"9":0.0809255229358,"10":0.385359633028,"11":2.58961673394},"op_mob":{"10":0,"11":0,"11.1":0,"11.5":0,"12":0,"12.1":0,"0":0.00331025764192},"edge":{"12":0.548548,"13":1.0549,"14":0.260848,"15":null},"bb":{"7":0.0030815,"10":null},"ie_mob":{"10":0.334956058252,"11":1.58173694175},"and_ff":{"0":0.203379},"and_qq":{"1.2":null},"samsung":{"0":3.136967},"and_uc":{"0":0.918287},"op_mini":{"0":1.51278774236},"and_chr":{"0":46.042417}},"total":99.5856123073}