{"id":"KM","name":"Comoros","month":"2017-02","access_date":"2017-03-03","data":{"chrome":{"4":0.007942,"5":null,"6":null,"7":null,"8":null,"9":0.007942,"10":0.055594,"11":0.003971,"12":0.027797,"13":0.011913,"14":null,"15":null,"16":0.003971,"17":0.035739,"18":0.003971,"19":null,"20":null,"21":0.027797,"22":0.003971,"23":null,"24":null,"25":0.007942,"26":0.015884,"27":0.003971,"28":0.011913,"29":0.015884,"30":0.019855,"31":0.011913,"32":0.107217,"33":0.019855,"34":0.015884,"35":0.055594,"36":0.015884,"37":null,"38":null,"39":0.03971,"40":0.035739,"41":0.051623,"42":0.015884,"43":1.925935,"44":null,"45":0.242231,"46":0.083391,"47":0.047652,"48":0.091333,"49":1.036431,"50":0.007942,"51":0.230318,"52":0.035739,"53":0.643302,"54":0.166782,"55":4.082188,"56":13.827022,"57":0.031768,"58":null,"59":null},"firefox":{"2":null,"3":0.170753,"3.5":0.007942,"3.6":null,"4":null,"5":null,"6":null,"7":0.003971,"8":null,"9":0.015884,"10":0.055594,"11":0.027797,"12":null,"13":0.019855,"14":0.115159,"15":0.027797,"16":0.019855,"17":null,"18":0.015884,"19":null,"20":0.003971,"21":0.011913,"22":null,"23":null,"24":0.273999,"25":0.003971,"26":0.007942,"27":0.015884,"28":0.015884,"29":0.023826,"30":null,"31":0.011913,"32":0.011913,"33":0.035739,"34":null,"35":0.023826,"36":0.035739,"37":0.023826,"38":0.115159,"39":0.150898,"40":0.027797,"41":0.007942,"42":null,"43":0.293854,"44":0.027797,"45":0.051623,"46":0.043681,"47":0.810084,"48":0.27797,"49":0.222376,"50":0.27797,"51":8.096869,"52":0.055594,"53":0.015884,"54":null},"opera":{"9":null,"9.5-9.6":null,"10.0-10.1":0,"10.5":null,"10.6":0.011913,"11":null,"11.1":null,"11.5":0.003971,"11.6":0.011913,"12":0.019855,"12.1":0.023826,"15":null,"16":null,"17":null,"18":null,"19":0.003971,"20":null,"21":null,"22":null,"23":null,"24":null,"25":null,"26":null,"27":null,"28":0.011913,"29":null,"30":null,"31":0.007942,"32":null,"33":null,"34":null,"35":null,"36":0.003971,"37":null,"38":null,"39":0.131043,"40":0.007942,"41":0.007942,"42":0.210463,"43":0.293854,"44":null,"45":null},"safari":{"3.1":null,"3.2":null,"4":0,"5":null,"5.1":null,"6":null,"6.1":null,"7":null,"7.1":null,"8":0.07942,"9":0.027797,"9.1":0.019855,"10":0.071478,"10.1":null,"0":null},"ios_saf":{"3.2":0,"4.0-4.1":0,"4.2-4.3":0,"5.0-5.1":0,"6.0-6.1":0.0164769211671,"7.0-7.1":0.0727471613793,"8":0,"8.1-8.4":0.0991724123077,"9.0-9.2":0.0195857742175,"9.3":0.268915788859,"10.0-10.2":2.45319594207},"android":{"2.1":0,"2.2":0,"2.3":0,"3":0,"4":0.177768346088,"4.1":0.533305038265,"4.2-4.3":1.71724222321,"4.4":3.79357650553,"4.4.3-4.4.4":2.1403308869,"53":null},"ie":{"5.5":null,"6":null,"7":null,"8":0.19855,"9":0.055594,"10":0.135014,"11":0.869649},"op_mob":{"10":0,"11":0,"11.1":0,"11.5":0,"12":0,"12.1":0,"0":0.0194428668122},"edge":{"12":0.31768,"13":0.825968,"14":0.405042,"15":null},"bb":{"7":0.01055075,"10":null},"ie_mob":{"10":0.0684847572816,"11":0.323400242718},"and_ff":{"0":0.018087},"and_qq":{"1.2":null},"samsung":{"0":0.880234},"and_uc":{"0":1.724294},"op_mini":{"0":8.88539013319},"and_chr":{"0":37.510258}},"total":99.03275375}