{"id":"KN","name":"Saint Kitts and Nevis","month":"2017-02","access_date":"2017-03-03","data":{"chrome":{"4":null,"5":null,"6":null,"7":null,"8":null,"9":null,"10":null,"11":null,"12":null,"13":null,"14":null,"15":null,"16":null,"17":null,"18":null,"19":null,"20":null,"21":null,"22":0.006155,"23":0.043085,"24":null,"25":null,"26":null,"27":null,"28":null,"29":null,"30":null,"31":null,"32":0.116945,"33":null,"34":0.178495,"35":null,"36":0.043085,"37":null,"38":null,"39":0.006155,"40":null,"41":0.018465,"42":0.018465,"43":0.07386,"44":0.02462,"45":0.006155,"46":0.030775,"47":0.01231,"48":0.01231,"49":1.14483,"50":0.055395,"51":0.043085,"52":0.01231,"53":0.424695,"54":0.2462,"55":9.250965,"56":24.810805,"57":0.06155,"58":0.030775,"59":null},"firefox":{"2":null,"3":null,"3.5":null,"3.6":null,"4":null,"5":null,"6":null,"7":null,"8":null,"9":null,"10":null,"11":null,"12":null,"13":null,"14":null,"15":null,"16":null,"17":0.01231,"18":null,"19":null,"20":0.006155,"21":null,"22":null,"23":null,"24":0.067705,"25":null,"26":null,"27":null,"28":null,"29":0.06155,"30":null,"31":0.030775,"32":null,"33":null,"34":0.02462,"35":null,"36":null,"37":0.006155,"38":0.092325,"39":0.030775,"40":null,"41":0.01231,"42":0.092325,"43":0.018465,"44":null,"45":4.14847,"46":0.006155,"47":0.03693,"48":0.18465,"49":0.22158,"50":0.81246,"51":3.440645,"52":0.055395,"53":null,"54":null},"opera":{"9":null,"9.5-9.6":null,"10.0-10.1":0,"10.5":null,"10.6":null,"11":null,"11.1":null,"11.5":null,"11.6":null,"12":null,"12.1":0.018465,"15":null,"16":null,"17":null,"18":null,"19":null,"20":null,"21":null,"22":null,"23":null,"24":null,"25":null,"26":null,"27":0.018465,"28":null,"29":null,"30":null,"31":null,"32":null,"33":null,"34":null,"35":null,"36":null,"37":0.006155,"38":0.018465,"39":null,"40":null,"41":0.006155,"42":0.203115,"43":0.8617,"44":null,"45":null},"safari":{"3.1":null,"3.2":null,"4":0,"5":null,"5.1":0.04924,"6":null,"6.1":0.04924,"7":null,"7.1":null,"8":0.400075,"9":0.116945,"9.1":0.597035,"10":3.50835,"10.1":0.006155,"0":null},"ios_saf":{"3.2":0,"4.0-4.1":0,"4.2-4.3":0,"5.0-5.1":0,"6.0-6.1":0.0546239537401,"7.0-7.1":0.241169908966,"8":0,"8.1-8.4":0.328774363077,"9.0-9.2":0.0649303601061,"9.3":0.891504150663,"10.0-10.2":8.13278526345},"android":{"2.1":0,"2.2":0,"2.3":0,"3":0,"4":0.0407771258503,"4.1":0.122331377551,"4.2-4.3":0.393907035714,"4.4":0.870183865646,"4.4.3-4.4.4":0.490956595238,"53":null},"ie":{"5.5":null,"6":0.006155,"7":null,"8":0.06155,"9":0.030775,"10":0.07386,"11":2.38814},"op_mob":{"10":0,"11":0,"11.1":0,"11.5":0,"12":0,"12.1":0,"0":0.000528759825328},"edge":{"12":0.29544,"13":0.45547,"14":4.11154,"15":null},"bb":{"7":0.022103,"10":null},"ie_mob":{"10":0.0490389902913,"11":0.231573009709},"and_ff":{"0":0.13454},"and_qq":{"1.2":null},"samsung":{"0":5.789064},"and_uc":{"0":0.661168},"op_mini":{"0":0.241643240175},"and_chr":{"0":20.916285}},"total":98.993623}