{"id":"KP","name":"North Korea","month":"2017-02","access_date":"2017-03-03","data":{"chrome":{"4":null,"5":null,"6":null,"7":null,"8":null,"9":null,"10":null,"11":null,"12":null,"13":null,"14":null,"15":null,"16":null,"17":null,"18":null,"19":null,"20":null,"21":null,"22":3.16089,"23":0.027486,"24":null,"25":null,"26":null,"27":null,"28":0.9162,"29":null,"30":0.082458,"31":3.61899,"32":0.054972,"33":null,"34":3.591504,"35":0.027486,"36":null,"37":null,"38":null,"39":null,"40":9.702558,"41":null,"42":null,"43":0.632178,"44":6.120216,"45":0.201564,"46":0.027486,"47":0.9162,"48":0.348156,"49":5.918652,"50":0.201564,"51":5.946138,"52":0.68715,"53":9.592614,"54":1.978992,"55":4.159548,"56":11.626578,"57":null,"58":null,"59":null},"firefox":{"2":null,"3":null,"3.5":null,"3.6":null,"4":null,"5":null,"6":null,"7":null,"8":null,"9":null,"10":null,"11":null,"12":null,"13":null,"14":null,"15":null,"16":null,"17":null,"18":null,"19":null,"20":null,"21":null,"22":null,"23":null,"24":null,"25":null,"26":null,"27":null,"28":0.027486,"29":null,"30":null,"31":null,"32":null,"33":0.027486,"34":null,"35":null,"36":null,"37":0.054972,"38":0.146592,"39":0.119106,"40":0.054972,"41":null,"42":null,"43":0.348156,"44":null,"45":0.119106,"46":0.027486,"47":0.9162,"48":0.119106,"49":0.119106,"50":0.311508,"51":13.440654,"52":null,"53":null,"54":null},"opera":{"9":null,"9.5-9.6":null,"10.0-10.1":0,"10.5":null,"10.6":null,"11":null,"11.1":null,"11.5":null,"11.6":null,"12":null,"12.1":null,"15":null,"16":null,"17":null,"18":null,"19":null,"20":null,"21":null,"22":null,"23":null,"24":null,"25":null,"26":null,"27":null,"28":null,"29":null,"30":null,"31":null,"32":null,"33":null,"34":null,"35":null,"36":null,"37":null,"38":null,"39":null,"40":null,"41":0.201564,"42":0.119106,"43":0.174078,"44":null,"45":null},"safari":{"3.1":null,"3.2":null,"4":0,"5":null,"5.1":0.119106,"6":null,"6.1":null,"7":0.027486,"7.1":null,"8":null,"9":0.256536,"9.1":0.284022,"10":0.174078,"10.1":null,"0":null},"ios_saf":{"3.2":0,"4.0-4.1":0,"4.2-4.3":0,"5.0-5.1":0,"6.0-6.1":0.0126950998408,"7.0-7.1":0.0560500634483,"8":0,"8.1-8.4":0.0764101292308,"9.0-9.2":0.0150904016976,"9.3":0.20719361061,"10.0-10.2":1.89013269517},"android":{"2.1":0,"2.2":0,"2.3":0,"3":0,"4":0.0079987670068,"4.1":0.0239963010204,"4.2-4.3":0.0772680892857,"4.4":0.170693687925,"4.4.3-4.4.4":0.0963051547619,"53":null},"ie":{"5.5":null,"6":0.0554141340483,"7":null,"8":0.147771024129,"9":0.258599292225,"10":0.0554141340483,"11":2.92771341555},"op_mob":{"10":0,"11":0,"11.1":0,"11.5":0,"12":0,"12.1":0,"0":0},"edge":{"12":null,"13":0.348156,"14":0.348156,"15":null},"bb":{"7":0.017179,"10":null},"ie_mob":{"10":0,"11":0},"and_ff":{"0":null},"and_qq":{"1.2":null},"samsung":{"0":0.034358},"and_uc":{"0":0.034358},"op_mini":{"0":0},"and_chr":{"0":5.78365}},"total":99.372095}