{"id":"KR","name":"South Korea","month":"2017-02","access_date":"2017-03-03","data":{"chrome":{"4":null,"5":null,"6":null,"7":null,"8":null,"9":null,"10":null,"11":0.011614,"12":null,"13":null,"14":null,"15":null,"16":null,"17":null,"18":0.017421,"19":null,"20":null,"21":null,"22":0.011614,"23":null,"24":null,"25":null,"26":0.005807,"27":0.046456,"28":null,"29":0.011614,"30":null,"31":0.81298,"32":0.005807,"33":0.005807,"34":0.017421,"35":null,"36":0.011614,"37":null,"38":0.023228,"39":0.005807,"40":null,"41":0.011614,"42":0.145175,"43":0.075491,"44":0.034842,"45":0.052263,"46":0.023228,"47":0.040649,"48":0.052263,"49":1.143979,"50":0.063877,"51":0.127754,"52":0.139368,"53":0.11614,"54":0.156789,"55":6.44577,"56":21.706566,"57":0.052263,"58":0.069684,"59":null},"firefox":{"2":null,"3":null,"3.5":null,"3.6":0.011614,"4":null,"5":null,"6":null,"7":null,"8":null,"9":null,"10":null,"11":null,"12":null,"13":null,"14":null,"15":null,"16":null,"17":null,"18":null,"19":null,"20":null,"21":null,"22":null,"23":null,"24":null,"25":null,"26":null,"27":null,"28":null,"29":null,"30":null,"31":null,"32":null,"33":null,"34":null,"35":null,"36":null,"37":null,"38":null,"39":null,"40":null,"41":null,"42":null,"43":0.005807,"44":null,"45":0.023228,"46":0.005807,"47":0.034842,"48":0.046456,"49":0.011614,"50":0.052263,"51":0.952348,"52":0.023228,"53":null,"54":null},"opera":{"9":null,"9.5-9.6":null,"10.0-10.1":0,"10.5":null,"10.6":null,"11":null,"11.1":null,"11.5":null,"11.6":null,"12":null,"12.1":0.005807,"15":null,"16":null,"17":null,"18":null,"19":null,"20":null,"21":null,"22":null,"23":null,"24":null,"25":null,"26":null,"27":null,"28":null,"29":null,"30":null,"31":null,"32":null,"33":null,"34":null,"35":null,"36":0.029035,"37":null,"38":0.011614,"39":null,"40":null,"41":null,"42":0.104526,"43":0.220666,"44":null,"45":null},"safari":{"3.1":null,"3.2":null,"4":0.005807,"5":null,"5.1":0.046456,"6":0.023228,"6.1":0.023228,"7":0.029035,"7.1":0.011614,"8":0.087105,"9":0.069684,"9.1":0.272929,"10":0.905892,"10.1":0.011614,"0":null},"ios_saf":{"3.2":0,"4.0-4.1":0,"4.2-4.3":0,"5.0-5.1":0,"6.0-6.1":0.0388955331565,"7.0-7.1":0.171727448276,"8":0,"8.1-8.4":0.234107076923,"9.0-9.2":0.0462343129973,"9.3":0.634804456233,"10.0-10.2":5.79103117241},"android":{"2.1":0,"2.2":0,"2.3":0,"3":0,"4":0.0335965986395,"4.1":0.100789795918,"4.2-4.3":0.324543142857,"4.4":0.716951414966,"4.4.3-4.4.4":0.404503047619,"53":null},"ie":{"5.5":null,"6":0.0291184099397,"7":0.0349420919276,"8":0.838610206263,"9":0.955083846021,"10":1.18803112554,"11":17.2264513203},"op_mob":{"10":0,"11":0,"11.1":0,"11.5":0,"12":0,"12.1":0,"0":0.000183056768559},"edge":{"12":0.011614,"13":0.081298,"14":1.300768,"15":null},"bb":{"7":0.004192,"10":null},"ie_mob":{"10":0.00146516504854,"11":0.00691883495146},"and_ff":{"0":0.012576},"and_qq":{"1.2":null},"samsung":{"0":11.27648},"and_uc":{"0":0.176064},"op_mini":{"0":0.0836569432314},"and_chr":{"0":22.330277}},"total":98.525266}