{"id":"KW","name":"Kuwait","month":"2017-02","access_date":"2017-03-03","data":{"chrome":{"4":null,"5":null,"6":null,"7":null,"8":null,"9":null,"10":null,"11":0.00271,"12":null,"13":null,"14":null,"15":0.00813,"16":null,"17":null,"18":0.00542,"19":0.00542,"20":0.00271,"21":0.00542,"22":0.00813,"23":null,"24":0.00542,"25":0.00271,"26":0.00813,"27":0.00813,"28":0.00813,"29":0.00542,"30":0.0271,"31":0.09214,"32":0.02168,"33":0.01897,"34":0.01355,"35":0.00542,"36":0.01897,"37":null,"38":0.01626,"39":0.01626,"40":0.00542,"41":0.00813,"42":0.00542,"43":0.17073,"44":0.02168,"45":0.01897,"46":0.01626,"47":0.02168,"48":0.01084,"49":0.67479,"50":0.02168,"51":0.10298,"52":0.06775,"53":0.15447,"54":0.12195,"55":3.65579,"56":10.80477,"57":0.07859,"58":0.06504,"59":null},"firefox":{"2":null,"3":0.00542,"3.5":0.00542,"3.6":0.01084,"4":null,"5":null,"6":0.00542,"7":null,"8":null,"9":null,"10":0.00813,"11":0.01084,"12":0.01355,"13":null,"14":null,"15":null,"16":0.00542,"17":null,"18":null,"19":null,"20":0.00542,"21":null,"22":null,"23":0.00271,"24":null,"25":null,"26":null,"27":0.00542,"28":0.00271,"29":0.00542,"30":null,"31":null,"32":null,"33":0.00271,"34":null,"35":0.00271,"36":0.00271,"37":null,"38":0.01084,"39":0.01355,"40":0.00813,"41":0.01897,"42":0.00813,"43":0.0271,"44":0.02439,"45":0.03523,"46":0.04878,"47":0.07859,"48":0.19783,"49":0.04065,"50":0.16531,"51":1.86448,"52":0.4878,"53":null,"54":null},"opera":{"9":null,"9.5-9.6":null,"10.0-10.1":0,"10.5":null,"10.6":null,"11":null,"11.1":null,"11.5":null,"11.6":null,"12":null,"12.1":0.00542,"15":null,"16":null,"17":null,"18":null,"19":null,"20":0.01355,"21":null,"22":null,"23":null,"24":null,"25":0.00542,"26":null,"27":null,"28":null,"29":null,"30":null,"31":null,"32":null,"33":null,"34":null,"35":null,"36":0.00542,"37":null,"38":0.00813,"39":0.00271,"40":null,"41":0.00542,"42":0.1084,"43":0.13821,"44":0.00542,"45":null},"safari":{"3.1":null,"3.2":null,"4":0,"5":0.02981,"5.1":0.03252,"6":0.02168,"6.1":0.02981,"7":0.0271,"7.1":0.00271,"8":0.12195,"9":0.11653,"9.1":0.36585,"10":1.27912,"10.1":0.00813,"0":null},"ios_saf":{"3.2":0,"4.0-4.1":0,"4.2-4.3":0,"5.0-5.1":0,"6.0-6.1":0.0810864572944,"7.0-7.1":0.358004358621,"8":0,"8.1-8.4":0.488048676923,"9.0-9.2":0.0963857888594,"9.3":1.32339218037,"10.0-10.2":12.0727025379},"android":{"2.1":0,"2.2":0,"2.3":0,"3":0,"4":0.0430829081633,"4.1":0.12924872449,"4.2-4.3":0.416180892857,"4.4":0.919389260204,"4.4.3-4.4.4":0.518718214286,"53":null},"ie":{"5.5":null,"6":null,"7":0.00543674131274,"8":0.203877799228,"9":0.255526841699,"10":0.233779876448,"11":2.81351362934},"op_mob":{"10":0,"11":0,"11.1":0,"11.5":0,"12":0,"12.1":0,"0":0.00784709606987},"edge":{"12":0.04607,"13":0.14092,"14":0.79403,"15":null},"bb":{"7":0.0091125,"10":null},"ie_mob":{"10":0.0356714563107,"11":0.168448543689},"and_ff":{"0":0.02187},"and_qq":{"1.2":null},"samsung":{"0":4.91346},"and_uc":{"0":21.11913},"op_mini":{"0":3.58612290393},"and_chr":{"0":24.82765}},"total":97.419817388}