{"id":"KZ","name":"Kazakhstan","month":"2017-02","access_date":"2017-03-03","data":{"chrome":{"4":0.020562,"5":0.013708,"6":0.013708,"7":0.006854,"8":0.006854,"9":0.020562,"10":0.020562,"11":0.054832,"12":0.027416,"13":0.027416,"14":0.027416,"15":0.041124,"16":0.047978,"17":0.054832,"18":0.123372,"19":0.027416,"20":0.041124,"21":0.054832,"22":0.116518,"23":0.041124,"24":0.047978,"25":0.027416,"26":0.061686,"27":0.047978,"28":0.06854,"29":0.013708,"30":0.027416,"31":0.075394,"32":0.020562,"33":0.013708,"34":0.041124,"35":0.06854,"36":0.10281,"37":0.013708,"38":0.047978,"39":0.095956,"40":0.082248,"41":0.082248,"42":0.03427,"43":0.294722,"44":0.03427,"45":0.109664,"46":0.041124,"47":0.10281,"48":0.123372,"49":1.596982,"50":0.089102,"51":0.44551,"52":0.23989,"53":0.349554,"54":0.322138,"55":8.368734,"56":27.7587,"57":0.082248,"58":0.191912,"59":null},"firefox":{"2":0.013708,"3":0.047978,"3.5":0.082248,"3.6":0.294722,"4":0.020562,"5":null,"6":null,"7":null,"8":null,"9":0.013708,"10":0.013708,"11":0.006854,"12":0.013708,"13":0.013708,"14":0.013708,"15":0.020562,"16":0.013708,"17":0.006854,"18":0.013708,"19":0.013708,"20":0.020562,"21":0.020562,"22":0.006854,"23":0.013708,"24":0.027416,"25":0.020562,"26":0.006854,"27":null,"28":0.027416,"29":null,"30":0.006854,"31":0.013708,"32":0.027416,"33":0.013708,"34":0.013708,"35":0.020562,"36":0.03427,"37":0.013708,"38":0.047978,"39":0.013708,"40":0.020562,"41":0.020562,"42":0.041124,"43":0.095956,"44":0.020562,"45":0.17135,"46":0.047978,"47":0.23989,"48":0.185058,"49":0.095956,"50":0.370116,"51":5.771068,"52":0.027416,"53":0.013708,"54":null},"opera":{"9":null,"9.5-9.6":null,"10.0-10.1":0.006854,"10.5":0.013708,"10.6":0.03427,"11":0.013708,"11.1":0.013708,"11.5":0.03427,"11.6":0.075394,"12":0.10281,"12.1":0.71967,"15":0.006854,"16":null,"17":null,"18":0.013708,"19":null,"20":0.027416,"21":null,"22":null,"23":null,"24":0.006854,"25":0.013708,"26":0.013708,"27":0.061686,"28":0.013708,"29":0.013708,"30":0.041124,"31":0.006854,"32":null,"33":0.013708,"34":0.020562,"35":0.020562,"36":0.267306,"37":0.03427,"38":0.054832,"39":0.03427,"40":0.013708,"41":0.047978,"42":1.329676,"43":2.241258,"44":0.013708,"45":null},"safari":{"3.1":0.006854,"3.2":null,"4":0.03427,"5":0.061686,"5.1":0.047978,"6":0.013708,"6.1":0.006854,"7":0.013708,"7.1":null,"8":0.054832,"9":0.054832,"9.1":0.178204,"10":0.986976,"10.1":0.006854,"0":null},"ios_saf":{"3.2":0,"4.0-4.1":0,"4.2-4.3":0,"5.0-5.1":0,"6.0-6.1":0.0387433655172,"7.0-7.1":0.171055613793,"8":0,"8.1-8.4":0.2331912,"9.0-9.2":0.0460534344828,"9.3":0.632320965517,"10.0-10.2":5.76837542069},"android":{"2.1":0,"2.2":0,"2.3":0,"3":0,"4":0.034643452381,"4.1":0.103930357143,"4.2-4.3":0.33465575,"4.4":0.73929127381,"4.4.3-4.4.4":0.417107166667,"53":null},"ie":{"5.5":null,"6":0.0142174189189,"7":0.0142174189189,"8":0.39097902027,"9":0.106630641892,"10":0.170609027027,"11":1.40752447297},"op_mob":{"10":0,"11":0,"11.1":0,"11.5":0,"12":0,"12.1":0,"0":0.00131884716157},"edge":{"12":0.027416,"13":0.10281,"14":0.678546,"15":null},"bb":{"7":0.0055055,"10":null},"ie_mob":{"10":0.0219914563107,"11":0.103848543689},"and_ff":{"0":0.018876},"and_qq":{"1.2":null},"samsung":{"0":2.881736},"and_uc":{"0":1.406262},"op_mini":{"0":0.602713152838},"and_chr":{"0":17.509634}},"total":90.7627395}