{"id":"LB","name":"Lebanon","month":"2017-02","access_date":"2017-03-03","data":{"chrome":{"4":null,"5":null,"6":null,"7":0.008602,"8":0.008602,"9":null,"10":null,"11":0.017204,"12":0.008602,"13":0.004301,"14":0.004301,"15":0.017204,"16":0.008602,"17":0.004301,"18":0.008602,"19":0.012903,"20":null,"21":0.008602,"22":0.012903,"23":0.008602,"24":0.004301,"25":0.004301,"26":0.012903,"27":0.008602,"28":0.004301,"29":0.012903,"30":0.008602,"31":0.034408,"32":0.077418,"33":0.025806,"34":0.017204,"35":0.068816,"36":0.365585,"37":0.008602,"38":0.034408,"39":0.008602,"40":0.030107,"41":0.008602,"42":0.017204,"43":0.103224,"44":0.030107,"45":0.025806,"46":0.030107,"47":0.034408,"48":0.055913,"49":0.980628,"50":0.04301,"51":0.081719,"52":0.107525,"53":0.189244,"54":0.245157,"55":6.567627,"56":18.416882,"57":0.141933,"58":0.107525,"59":null},"firefox":{"2":null,"3":0.008602,"3.5":null,"3.6":0.012903,"4":null,"5":0.012903,"6":null,"7":null,"8":null,"9":0.004301,"10":0.012903,"11":null,"12":0.021505,"13":0.004301,"14":null,"15":null,"16":0.008602,"17":null,"18":null,"19":0.004301,"20":null,"21":0.008602,"22":null,"23":0.004301,"24":0.017204,"25":null,"26":null,"27":null,"28":null,"29":0.012903,"30":0.008602,"31":0.008602,"32":0.008602,"33":null,"34":0.004301,"35":0.004301,"36":0.004301,"37":0.021505,"38":0.017204,"39":0.04301,"40":0.030107,"41":0.008602,"42":0.017204,"43":0.055913,"44":0.017204,"45":0.038709,"46":0.025806,"47":0.279565,"48":0.318274,"49":0.081719,"50":0.227953,"51":4.34401,"52":0.159137,"53":0.008602,"54":null},"opera":{"9":null,"9.5-9.6":null,"10.0-10.1":0,"10.5":null,"10.6":null,"11":null,"11.1":null,"11.5":null,"11.6":0.017204,"12":null,"12.1":0.008602,"15":null,"16":null,"17":null,"18":null,"19":null,"20":null,"21":null,"22":null,"23":null,"24":null,"25":null,"26":null,"27":null,"28":null,"29":null,"30":null,"31":null,"32":null,"33":null,"34":null,"35":null,"36":0.008602,"37":null,"38":0.094622,"39":null,"40":null,"41":null,"42":0.103224,"43":0.189244,"44":null,"45":null},"safari":{"3.1":null,"3.2":null,"4":0.004301,"5":0.012903,"5.1":0.094622,"6":0.051612,"6.1":0.04301,"7":0.034408,"7.1":0.004301,"8":0.391391,"9":0.309672,"9.1":0.799986,"10":1.832226,"10.1":0.004301,"0":null},"ios_saf":{"3.2":0,"4.0-4.1":0,"4.2-4.3":0,"5.0-5.1":0,"6.0-6.1":0.0725746854111,"7.0-7.1":0.320424082759,"8":0,"8.1-8.4":0.436817446154,"9.0-9.2":0.0862680222812,"9.3":1.18447363926,"10.0-10.2":10.8054121241},"android":{"2.1":0,"2.2":0,"2.3":0,"3":0,"4":0.106474107143,"4.1":0.319422321429,"4.2-4.3":1.028539875,"4.4":2.27215744643,"4.4.3-4.4.4":1.28194825,"53":null},"ie":{"5.5":null,"6":null,"7":0.0130479775281,"8":0.365343370787,"9":0.230514269663,"10":0.204418314607,"11":2.27904674157},"op_mob":{"10":0,"11":0,"11.1":0,"11.5":0,"12":0,"12.1":0,"0":0.00225182969432},"edge":{"12":0.159137,"13":0.21505,"14":0.73117,"15":null},"bb":{"7":0.017094,"10":null},"ie_mob":{"10":0.0109534368932,"11":0.0517245631068},"and_ff":{"0":0.011396},"and_qq":{"1.2":null},"samsung":{"0":9.156686},"and_uc":{"0":2.313388},"op_mini":{"0":1.02908617031},"and_chr":{"0":26.514224}},"total":99.1366596742}