{"id":"LC","name":"Saint Lucia","month":"2017-02","access_date":"2017-03-03","data":{"chrome":{"4":null,"5":null,"6":null,"7":null,"8":null,"9":null,"10":null,"11":0.02974,"12":null,"13":null,"14":null,"15":null,"16":null,"17":null,"18":0.005948,"19":null,"20":null,"21":null,"22":0.035688,"23":null,"24":null,"25":null,"26":0.011896,"27":null,"28":null,"29":0.011896,"30":0.017844,"31":null,"32":0.511528,"33":null,"34":0.023792,"35":0.005948,"36":0.202232,"37":0.047584,"38":0.107064,"39":0.017844,"40":0.017844,"41":null,"42":0.023792,"43":0.124908,"44":0.023792,"45":0.023792,"46":0.011896,"47":0.005948,"48":0.017844,"49":0.933836,"50":0.077324,"51":0.154648,"52":0.11896,"53":0.410412,"54":0.226024,"55":9.362152,"56":25.742944,"57":0.047584,"58":0.08922,"59":null},"firefox":{"2":null,"3":0.023792,"3.5":null,"3.6":null,"4":null,"5":null,"6":null,"7":null,"8":null,"9":null,"10":null,"11":null,"12":null,"13":null,"14":null,"15":null,"16":null,"17":null,"18":null,"19":null,"20":null,"21":null,"22":null,"23":null,"24":null,"25":null,"26":null,"27":null,"28":null,"29":null,"30":null,"31":0.023792,"32":null,"33":null,"34":null,"35":null,"36":0.041636,"37":0.011896,"38":0.011896,"39":null,"40":0.005948,"41":0.005948,"42":null,"43":0.041636,"44":0.011896,"45":0.017844,"46":0.011896,"47":0.08922,"48":0.17844,"49":0.071376,"50":0.202232,"51":4.050588,"52":0.172492,"53":null,"54":null},"opera":{"9":null,"9.5-9.6":null,"10.0-10.1":0,"10.5":null,"10.6":null,"11":null,"11.1":null,"11.5":null,"11.6":null,"12":null,"12.1":0.017844,"15":null,"16":null,"17":null,"18":null,"19":null,"20":null,"21":null,"22":null,"23":null,"24":null,"25":null,"26":null,"27":null,"28":null,"29":0.011896,"30":null,"31":null,"32":null,"33":null,"34":null,"35":null,"36":null,"37":0.005948,"38":null,"39":null,"40":0.017844,"41":0.017844,"42":0.136804,"43":0.362828,"44":null,"45":null},"safari":{"3.1":null,"3.2":null,"4":0,"5":0.011896,"5.1":0.023792,"6":null,"6.1":0.047584,"7":0.035688,"7.1":null,"8":0.041636,"9":0.077324,"9.1":0.339036,"10":1.956892,"10.1":null,"0":null},"ios_saf":{"3.2":0,"4.0-4.1":0,"4.2-4.3":0,"5.0-5.1":0,"6.0-6.1":0.0315583087533,"7.0-7.1":0.139332910345,"8":0,"8.1-8.4":0.189945292308,"9.0-9.2":0.0375127066313,"9.3":0.515055416446,"10.0-10.2":4.69861536552},"android":{"2.1":0,"2.2":0,"2.3":0,"3":0,"4":0.0688254251701,"4.1":0.20647627551,"4.2-4.3":0.664853607143,"4.4":1.46873457313,"4.4.3-4.4.4":0.828658119048,"53":null},"ie":{"5.5":null,"6":null,"7":null,"8":0.214128,"9":0.113012,"10":0.136804,"11":3.50932},"op_mob":{"10":0,"11":0,"11.1":0,"11.5":0,"12":0,"12.1":0,"0":0.0022471790393},"edge":{"12":0.26766,"13":0.731604,"14":3.98516,"15":null},"bb":{"7":0.073949,"10":null},"ie_mob":{"10":0.128877203883,"11":0.608586796117},"and_ff":{"0":0.012156},"and_qq":{"1.2":null},"samsung":{"0":3.184872},"and_uc":{"0":1.15482},"op_mini":{"0":1.02696082096},"and_chr":{"0":27.828372}},"total":98.347405}