{"id":"LI","name":"Liechtenstein","month":"2017-02","access_date":"2017-03-03","data":{"chrome":{"4":null,"5":null,"6":null,"7":null,"8":null,"9":null,"10":null,"11":null,"12":null,"13":null,"14":null,"15":null,"16":null,"17":null,"18":0.012744,"19":null,"20":null,"21":0.012744,"22":0.025488,"23":null,"24":null,"25":null,"26":null,"27":null,"28":null,"29":null,"30":null,"31":null,"32":null,"33":null,"34":null,"35":null,"36":0.50976,"37":0.012744,"38":null,"39":0.012744,"40":null,"41":null,"42":null,"43":null,"44":0.012744,"45":null,"46":null,"47":0.06372,"48":0.025488,"49":0.38232,"50":null,"51":0.22302,"52":0.03186,"53":0.172044,"54":0.06372,"55":3.05856,"56":10.443708,"57":0.019116,"58":0.012744,"59":null},"firefox":{"2":null,"3":null,"3.5":null,"3.6":null,"4":null,"5":null,"6":null,"7":null,"8":null,"9":0.012744,"10":null,"11":null,"12":null,"13":null,"14":null,"15":null,"16":0.006372,"17":null,"18":null,"19":null,"20":null,"21":null,"22":null,"23":null,"24":null,"25":null,"26":null,"27":null,"28":null,"29":null,"30":0.076464,"31":null,"32":null,"33":0.025488,"34":0.012744,"35":null,"36":null,"37":0.019116,"38":0.484272,"39":0.108324,"40":0.006372,"41":0.012744,"42":0.076464,"43":0.038232,"44":0.025488,"45":0.108324,"46":0.012744,"47":0.152928,"48":0.229392,"49":0.248508,"50":0.484272,"51":10.176084,"52":0.012744,"53":0.006372,"54":0.012744},"opera":{"9":null,"9.5-9.6":null,"10.0-10.1":0,"10.5":null,"10.6":null,"11":null,"11.1":null,"11.5":null,"11.6":null,"12":null,"12.1":0.019116,"15":null,"16":null,"17":null,"18":null,"19":null,"20":null,"21":null,"22":null,"23":null,"24":null,"25":null,"26":null,"27":null,"28":null,"29":null,"30":null,"31":null,"32":null,"33":null,"34":null,"35":null,"36":0.06372,"37":null,"38":null,"39":0.006372,"40":null,"41":null,"42":0.12744,"43":0.089208,"44":null,"45":null},"safari":{"3.1":null,"3.2":null,"4":0,"5":0.140184,"5.1":0.344088,"6":0.012744,"6.1":0.070092,"7":0.025488,"7.1":0.082836,"8":0.273996,"9":0.133812,"9.1":1.796904,"10":5.817636,"10.1":null,"0":null},"ios_saf":{"3.2":0,"4.0-4.1":0,"4.2-4.3":0,"5.0-5.1":0,"6.0-6.1":0.113207842546,"7.0-7.1":0.499823304828,"8":0,"8.1-8.4":0.681383052308,"9.0-9.2":0.134567812838,"9.3":1.84763743024,"10.0-10.2":16.8551525572},"android":{"2.1":0,"2.2":0,"2.3":0,"3":0,"4":0.0110289965986,"4.1":0.0330869897959,"4.2-4.3":0.106540107143,"4.4":0.235358787415,"4.4.3-4.4.4":0.132789119048,"53":null},"ie":{"5.5":null,"6":null,"7":0.044604,"8":0.101952,"9":0.452412,"10":0.38232,"11":19.396368},"op_mob":{"10":0,"11":0,"11.1":0,"11.5":0,"12":0,"12.1":0,"0":3.96069868996e-5},"edge":{"12":0.025488,"13":0.216648,"14":5.51178,"15":null},"bb":{"7":0.000907,"10":null},"ie_mob":{"10":0.0317009708738,"11":0.149699029126},"and_ff":{"0":0.032652},"and_qq":{"1.2":null},"samsung":{"0":6.269184},"and_uc":{"0":null},"op_mini":{"0":0.0181003930131},"and_chr":{"0":7.511028}},"total":97.243299}