{"id":"LK","name":"Sri Lanka","month":"2017-02","access_date":"2017-03-03","data":{"chrome":{"4":0.002756,"5":0.005512,"6":0.011024,"7":0.005512,"8":null,"9":0.005512,"10":0.005512,"11":0.079924,"12":0.008268,"13":0.005512,"14":0.005512,"15":0.002756,"16":0.011024,"17":0.005512,"18":0.008268,"19":0.011024,"20":0.01378,"21":0.019292,"22":0.01378,"23":0.011024,"24":0.008268,"25":0.022048,"26":0.016536,"27":0.01378,"28":0.035828,"29":0.022048,"30":0.046852,"31":0.074412,"32":0.038584,"33":0.04134,"34":0.008268,"35":0.01378,"36":0.0689,"37":0.008268,"38":0.022048,"39":0.02756,"40":0.01378,"41":0.005512,"42":0.02756,"43":0.085436,"44":0.022048,"45":0.024804,"46":0.019292,"47":0.030316,"48":0.019292,"49":0.490568,"50":0.02756,"51":0.074412,"52":0.057876,"53":0.35828,"54":0.107484,"55":3.861156,"56":12.377196,"57":0.0689,"58":0.04134,"59":null},"firefox":{"2":null,"3":0.011024,"3.5":null,"3.6":0.019292,"4":0.008268,"5":0.005512,"6":0.005512,"7":null,"8":0.005512,"9":0.005512,"10":0.008268,"11":0.008268,"12":0.01378,"13":0.011024,"14":0.011024,"15":0.01378,"16":0.01378,"17":0.019292,"18":0.011024,"19":0.01378,"20":0.011024,"21":0.016536,"22":0.008268,"23":0.008268,"24":0.008268,"25":0.016536,"26":0.008268,"27":0.011024,"28":0.011024,"29":0.016536,"30":0.022048,"31":0.016536,"32":0.01378,"33":0.01378,"34":0.011024,"35":0.016536,"36":0.01378,"37":0.016536,"38":0.033072,"39":0.022048,"40":0.024804,"41":0.024804,"42":0.019292,"43":0.121264,"44":0.05512,"45":0.052364,"46":0.035828,"47":0.231504,"48":0.129532,"49":0.121264,"50":0.322452,"51":3.318224,"52":0.16536,"53":0.008268,"54":0.002756},"opera":{"9":null,"9.5-9.6":null,"10.0-10.1":0,"10.5":null,"10.6":null,"11":null,"11.1":null,"11.5":null,"11.6":0.002756,"12":null,"12.1":0.008268,"15":0.002756,"16":0.002756,"17":null,"18":0.005512,"19":null,"20":0.005512,"21":null,"22":null,"23":null,"24":null,"25":null,"26":null,"27":null,"28":null,"29":null,"30":0.002756,"31":null,"32":null,"33":0.005512,"34":null,"35":0.002756,"36":0.01378,"37":0.016536,"38":0.005512,"39":0.002756,"40":0.008268,"41":0.011024,"42":0.259064,"43":0.45474,"44":0.002756,"45":null},"safari":{"3.1":null,"3.2":null,"4":0,"5":null,"5.1":0.01378,"6":0.005512,"6.1":null,"7":0.002756,"7.1":null,"8":0.044096,"9":0.035828,"9.1":0.063388,"10":0.270088,"10.1":null,"0":null},"ios_saf":{"3.2":0,"4.0-4.1":0,"4.2-4.3":0,"5.0-5.1":0,"6.0-6.1":0.0242817039788,"7.0-7.1":0.107206013793,"8":0,"8.1-8.4":0.146148369231,"9.0-9.2":0.0288631575597,"9.3":0.396295734748,"10.0-10.2":3.61522502069},"android":{"2.1":0,"2.2":0,"2.3":0,"3":0,"4":0.155558035714,"4.1":0.466674107143,"4.2-4.3":1.502690625,"4.4":3.31960848214,"4.4.3-4.4.4":1.87291875,"53":null},"ie":{"5.5":null,"6":0.00833787042254,"7":0.00277929014085,"8":0.158419538028,"9":0.036130771831,"10":0.072261543662,"11":0.705939695775},"op_mob":{"10":0,"11":0,"11.1":0,"11.5":0,"12":0,"12.1":0,"0":0.0184130567686},"edge":{"12":0.088192,"13":0.093704,"14":0.292136,"15":null},"bb":{"7":0.0181125,"10":null},"ie_mob":{"10":0.411487864078,"11":1.94313713592},"and_ff":{"0":0.02898},"and_qq":{"1.2":null},"samsung":{"0":8.01297},"and_uc":{"0":12.28752},"op_mini":{"0":8.41476694323},"and_chr":{"0":28.892304}},"total":97.8947462099}