{"id":"LR","name":"Liberia","month":"2017-02","access_date":"2017-03-03","data":{"chrome":{"4":null,"5":null,"6":null,"7":null,"8":0.004462,"9":null,"10":null,"11":0.06693,"12":0.004462,"13":null,"14":null,"15":null,"16":null,"17":null,"18":null,"19":0.006693,"20":0.008924,"21":null,"22":0.004462,"23":null,"24":null,"25":null,"26":0.015617,"27":null,"28":0.013386,"29":0.029003,"30":0.020079,"31":0.011155,"32":0.006693,"33":0.040158,"34":0.060237,"35":null,"36":0.015617,"37":null,"38":0.004462,"39":0.002231,"40":0.002231,"41":0.002231,"42":0.011155,"43":0.113781,"44":0.004462,"45":0.017848,"46":0.011155,"47":0.004462,"48":0.017848,"49":0.321264,"50":0.11155,"51":0.31234,"52":0.049082,"53":0.559981,"54":0.049082,"55":2.065906,"56":6.483286,"57":0.037927,"58":0.040158,"59":null},"firefox":{"2":null,"3":0.011155,"3.5":null,"3.6":0.031234,"4":0.017848,"5":null,"6":0.006693,"7":0.124936,"8":null,"9":null,"10":0.046851,"11":0.008924,"12":0.046851,"13":0.011155,"14":0.031234,"15":0.011155,"16":0.013386,"17":0.015617,"18":0.008924,"19":0.008924,"20":0.006693,"21":0.031234,"22":0.013386,"23":0.004462,"24":0.093702,"25":0.004462,"26":0.002231,"27":0.006693,"28":0.004462,"29":0.020079,"30":0.008924,"31":0.004462,"32":0.008924,"33":0.020079,"34":0.017848,"35":0.013386,"36":0.004462,"37":0.020079,"38":0.024541,"39":0.02231,"40":0.058006,"41":0.015617,"42":0.026772,"43":0.080316,"44":0.129398,"45":0.314571,"46":0.069161,"47":0.383732,"48":0.169556,"49":0.145015,"50":0.254334,"51":3.023005,"52":0.323495,"53":null,"54":null},"opera":{"9":null,"9.5-9.6":0.011155,"10.0-10.1":0,"10.5":null,"10.6":null,"11":0.004462,"11.1":null,"11.5":0.004462,"11.6":0.002231,"12":null,"12.1":0.02231,"15":null,"16":0.006693,"17":null,"18":0.024541,"19":0.004462,"20":null,"21":0.017848,"22":null,"23":null,"24":0.011155,"25":null,"26":null,"27":0.004462,"28":null,"29":0.060237,"30":null,"31":null,"32":null,"33":0.024541,"34":0.002231,"35":0.004462,"36":0.042389,"37":0.015617,"38":0.029003,"39":null,"40":0.015617,"41":0.024541,"42":0.147246,"43":0.274413,"44":null,"45":null},"safari":{"3.1":null,"3.2":null,"4":0,"5":null,"5.1":0.006693,"6":0.029003,"6.1":null,"7":null,"7.1":null,"8":0.031234,"9":0.033465,"9.1":0.120474,"10":0.372577,"10.1":null,"0":null},"ios_saf":{"3.2":0,"4.0-4.1":0,"4.2-4.3":0,"5.0-5.1":0,"6.0-6.1":0.0142403717772,"7.0-7.1":0.0628725848276,"8":0,"8.1-8.4":0.0857109169231,"9.0-9.2":0.0169272343767,"9.3":0.232413614854,"10.0-10.2":2.12020327724},"android":{"2.1":0,"2.2":0,"2.3":0,"3":0,"4":0.207245748299,"4.1":0.621737244898,"4.2-4.3":2.00199392857,"4.4":4.42262426871,"4.4.3-4.4.4":2.49523880952,"53":null},"ie":{"5.5":null,"6":0.00898194805195,"7":null,"8":0.307631720779,"9":0.0404187662338,"10":0.168411525974,"11":1.49100337662},"op_mob":{"10":0,"11":0,"11.1":0,"11.5":0,"12":0,"12.1":0,"0":0.0470659388646},"edge":{"12":0.227562,"13":0.247641,"14":0.564443,"15":null},"bb":{"7":0.011652,"10":null},"ie_mob":{"10":0.143896543689,"11":0.679511456311},"and_ff":{"0":0.015536},"and_qq":{"1.2":null},"samsung":{"0":2.547904},"and_uc":{"0":9.5158},"op_mini":{"0":21.5091340611},"and_chr":{"0":31.163486}},"total":98.5694153377}