{"id":"LS","name":"Lesotho","month":"2017-02","access_date":"2017-03-03","data":{"chrome":{"4":null,"5":null,"6":null,"7":0.00311,"8":null,"9":null,"10":null,"11":0.00933,"12":0.001555,"13":null,"14":null,"15":null,"16":null,"17":null,"18":null,"19":null,"20":null,"21":0.020215,"22":null,"23":null,"24":null,"25":null,"26":0.048205,"27":null,"28":0.004665,"29":null,"30":null,"31":0.007775,"32":0.00622,"33":0.00311,"34":null,"35":0.01866,"36":0.604895,"37":0.001555,"38":0.00933,"39":0.02177,"40":0.04976,"41":null,"42":0.00311,"43":0.057535,"44":0.00311,"45":0.017105,"46":0.00311,"47":0.004665,"48":0.00622,"49":0.172605,"50":0.02799,"51":0.02799,"52":0.013995,"53":0.157055,"54":0.05287,"55":1.3062,"56":4.65256,"57":0.02177,"58":0.00622,"59":null},"firefox":{"2":null,"3":0.094855,"3.5":0.00311,"3.6":0.02177,"4":null,"5":0.004665,"6":0.00311,"7":null,"8":0.00311,"9":null,"10":0.001555,"11":0.02177,"12":0.001555,"13":null,"14":0.00311,"15":0.001555,"16":0.00311,"17":0.00311,"18":null,"19":0.023325,"20":0.00933,"21":0.00933,"22":0.00311,"23":0.00311,"24":0.001555,"25":0.001555,"26":null,"27":null,"28":null,"29":0.01555,"30":0.02177,"31":null,"32":0.00622,"33":0.004665,"34":0.00311,"35":0.004665,"36":0.00622,"37":0.017105,"38":0.00622,"39":0.11818,"40":0.00933,"41":0.01555,"42":0.00933,"43":0.07775,"44":0.04665,"45":0.04043,"46":0.032655,"47":0.160165,"48":0.06531,"49":0.082415,"50":0.110405,"51":1.391725,"52":0.17727,"53":null,"54":null},"opera":{"9":null,"9.5-9.6":null,"10.0-10.1":0,"10.5":null,"10.6":0.001555,"11":null,"11.1":null,"11.5":null,"11.6":0.013995,"12":null,"12.1":0.004665,"15":0.00622,"16":null,"17":null,"18":null,"19":null,"20":null,"21":null,"22":null,"23":0.01244,"24":0.001555,"25":null,"26":null,"27":null,"28":0.001555,"29":null,"30":null,"31":null,"32":null,"33":null,"34":0.00311,"35":0.00311,"36":0.01244,"37":0.00622,"38":0.001555,"39":0.00311,"40":0.01866,"41":0.010885,"42":0.1555,"43":0.27057,"44":null,"45":null},"safari":{"3.1":null,"3.2":null,"4":0,"5":0.00311,"5.1":0.00933,"6":0.00311,"6.1":null,"7":null,"7.1":0.01555,"8":0.01866,"9":0.010885,"9.1":0.03732,"10":0.041985,"10.1":null,"0":null},"ios_saf":{"3.2":0,"4.0-4.1":0,"4.2-4.3":0,"5.0-5.1":0,"6.0-6.1":0.00432099862069,"7.0-7.1":0.0190776165517,"8":0,"8.1-8.4":0.02600752,"9.0-9.2":0.00513628137931,"9.3":0.0705219586207,"10.0-10.2":0.643339624828},"android":{"2.1":0,"2.2":0,"2.3":0,"3":0,"4":0.0630068877551,"4.1":0.189020663265,"4.2-4.3":0.608646535714,"4.4":1.34456698469,"4.4.3-4.4.4":0.758602928571,"53":null},"ie":{"5.5":null,"6":0.0108907139108,"7":0.0140023464567,"8":0.374951721785,"9":0.129132750656,"10":0.163360708661,"11":2.27149175853},"op_mob":{"10":0,"11":0,"11.1":0,"11.5":0,"12":0,"12.1":0,"0":0.0746869956332},"edge":{"12":0.12751,"13":0.28612,"14":0.446285,"15":null},"bb":{"7":0.270208,"10":null},"ie_mob":{"10":0.389571728155,"11":1.83964427184},"and_ff":{"0":0.008444},"and_qq":{"1.2":null},"samsung":{"0":2.246104},"and_uc":{"0":21.65886},"op_mini":{"0":34.1319570044},"and_chr":{"0":18.827951}},"total":97.65517}