{"id":"LT","name":"Lithuania","month":"2017-02","access_date":"2017-03-03","data":{"chrome":{"4":null,"5":null,"6":null,"7":null,"8":null,"9":null,"10":null,"11":0.015996,"12":null,"13":null,"14":null,"15":null,"16":null,"17":null,"18":0.103974,"19":null,"20":null,"21":null,"22":0.023994,"23":null,"24":null,"25":null,"26":0.015996,"27":null,"28":0.007998,"29":0.015996,"30":null,"31":0.047988,"32":0.03999,"33":null,"34":0.03999,"35":0.015996,"36":0.19995,"37":0.031992,"38":0.047988,"39":0.071982,"40":0.015996,"41":0.023994,"42":0.031992,"43":0.31992,"44":0.071982,"45":0.031992,"46":0.03999,"47":0.055986,"48":0.07998,"49":2.11947,"50":0.391902,"51":2.655336,"52":0.103974,"53":0.167958,"54":0.23994,"55":9.5976,"56":30.176454,"57":0.087978,"58":0.07998,"59":null},"firefox":{"2":null,"3":0.007998,"3.5":null,"3.6":0.023994,"4":null,"5":null,"6":null,"7":null,"8":null,"9":null,"10":null,"11":0.023994,"12":0.015996,"13":null,"14":null,"15":null,"16":null,"17":null,"18":null,"19":null,"20":null,"21":null,"22":null,"23":null,"24":null,"25":null,"26":0.015996,"27":null,"28":null,"29":null,"30":null,"31":0.031992,"32":null,"33":0.015996,"34":null,"35":0.015996,"36":0.015996,"37":0.015996,"38":0.263934,"39":0.023994,"40":0.031992,"41":0.07998,"42":0.023994,"43":0.327918,"44":0.023994,"45":0.463884,"46":0.255936,"47":1.167708,"48":0.455886,"49":0.263934,"50":0.67983,"51":12.620844,"52":0.103974,"53":0.015996,"54":null},"opera":{"9":null,"9.5-9.6":null,"10.0-10.1":0,"10.5":null,"10.6":null,"11":null,"11.1":null,"11.5":null,"11.6":null,"12":null,"12.1":0.135966,"15":null,"16":null,"17":null,"18":null,"19":null,"20":0.007998,"21":null,"22":null,"23":null,"24":null,"25":null,"26":null,"27":null,"28":0.007998,"29":0.007998,"30":null,"31":null,"32":null,"33":null,"34":null,"35":null,"36":0.151962,"37":0.023994,"38":0.495876,"39":null,"40":0.015996,"41":0.015996,"42":0.951762,"43":1.783554,"44":null,"45":null},"safari":{"3.1":null,"3.2":null,"4":0.015996,"5":0.007998,"5.1":0.031992,"6":null,"6.1":0.031992,"7":0.031992,"7.1":null,"8":0.03999,"9":0.095976,"9.1":0.335916,"10":1.67958,"10.1":0.031992,"0":null},"ios_saf":{"3.2":0,"4.0-4.1":0,"4.2-4.3":0,"5.0-5.1":0,"6.0-6.1":0.0187557131034,"7.0-7.1":0.0828082427586,"8":0,"8.1-8.4":0.11288816,"9.0-9.2":0.0222945268966,"9.3":0.306107393103,"10.0-10.2":2.79247796414},"android":{"2.1":0,"2.2":0,"2.3":0,"3":0,"4":0.0182580357143,"4.1":0.0547741071429,"4.2-4.3":0.176372625,"4.4":0.389626482143,"4.4.3-4.4.4":0.21982675,"53":null},"ie":{"5.5":null,"6":0.00808888636364,"7":0.00808888636364,"8":0.283111022727,"9":0.153688840909,"10":0.186044386364,"11":4.34373197727},"op_mob":{"10":0,"11":0,"11.1":0,"11.5":0,"12":0,"12.1":0,"0":0.000760585152838},"edge":{"12":0.055986,"13":0.335916,"14":2.055486,"15":null},"bb":{"7":0.006006,"10":null},"ie_mob":{"10":0.0510801553398,"11":0.24121184466},"and_ff":{"0":0.02002},"and_qq":{"1.2":null},"samsung":{"0":3.359356},"and_uc":{"0":0.08008},"op_mini":{"0":0.347587414847},"and_chr":{"0":11.733422}},"total":97.326386}