{"id":"LV","name":"Latvia","month":"2017-02","access_date":"2017-03-03","data":{"chrome":{"4":null,"5":null,"6":null,"7":null,"8":null,"9":null,"10":null,"11":0.008075,"12":null,"13":null,"14":null,"15":null,"16":null,"17":null,"18":0.04845,"19":null,"20":null,"21":null,"22":0.024225,"23":null,"24":null,"25":0.01615,"26":0.01615,"27":0.008075,"28":null,"29":0.01615,"30":0.008075,"31":0.072675,"32":0.0323,"33":null,"34":0.040375,"35":0.040375,"36":0.04845,"37":0.01615,"38":0.0323,"39":0.040375,"40":0.024225,"41":0.0323,"42":0.01615,"43":0.08075,"44":0.04845,"45":0.0323,"46":0.024225,"47":0.072675,"48":0.1292,"49":2.0995,"50":0.137275,"51":0.30685,"52":0.121125,"53":0.201875,"54":0.314925,"55":11.5311,"56":34.15725,"57":0.169575,"58":0.137275,"59":null},"firefox":{"2":null,"3":0.008075,"3.5":null,"3.6":0.04845,"4":0.040375,"5":null,"6":null,"7":null,"8":null,"9":null,"10":null,"11":null,"12":0.01615,"13":null,"14":null,"15":null,"16":0.01615,"17":null,"18":null,"19":0.01615,"20":0.01615,"21":null,"22":null,"23":null,"24":0.008075,"25":null,"26":null,"27":null,"28":0.024225,"29":null,"30":null,"31":0.088825,"32":null,"33":null,"34":0.008075,"35":0.008075,"36":0.008075,"37":0.040375,"38":0.11305,"39":0.024225,"40":0.040375,"41":0.01615,"42":0.04845,"43":0.088825,"44":0.1292,"45":0.53295,"46":0.088825,"47":0.282625,"48":0.2584,"49":0.27455,"50":0.928625,"51":12.1125,"52":0.250325,"53":0.024225,"54":null},"opera":{"9":null,"9.5-9.6":null,"10.0-10.1":0,"10.5":null,"10.6":null,"11":null,"11.1":null,"11.5":null,"11.6":0.01615,"12":0.01615,"12.1":0.153425,"15":null,"16":null,"17":null,"18":null,"19":null,"20":null,"21":null,"22":null,"23":null,"24":null,"25":null,"26":null,"27":null,"28":null,"29":null,"30":null,"31":null,"32":null,"33":0.01615,"34":null,"35":0.008075,"36":0.1292,"37":0.008075,"38":0.0646,"39":0.01615,"40":null,"41":0.024225,"42":0.621775,"43":1.090125,"44":null,"45":null},"safari":{"3.1":null,"3.2":null,"4":0.01615,"5":0.024225,"5.1":0.072675,"6":0.01615,"6.1":0.0323,"7":0.01615,"7.1":null,"8":0.072675,"9":0.1292,"9.1":0.37145,"10":2.188325,"10.1":0.024225,"0":null},"ios_saf":{"3.2":0,"4.0-4.1":0,"4.2-4.3":0,"5.0-5.1":0,"6.0-6.1":0.0237715543767,"7.0-7.1":0.104953655172,"8":0,"8.1-8.4":0.143077846154,"9.0-9.2":0.0282567533156,"9.3":0.387969708223,"10.0-10.2":3.53927048276},"android":{"2.1":0,"2.2":0,"2.3":0,"3":0,"4":0.0166964285714,"4.1":0.0500892857143,"4.2-4.3":0.1612875,"4.4":0.356301785714,"4.4.3-4.4.4":0.201025,"53":null},"ie":{"5.5":null,"6":null,"7":null,"8":0.337070321932,"9":0.164424547284,"10":0.180867002012,"11":3.40358812877},"op_mob":{"10":0,"11":0,"11.1":0,"11.5":0,"12":0,"12.1":0,"0":0.000361462882096},"edge":{"12":0.056525,"13":0.27455,"14":2.026825,"15":null},"bb":{"7":0.00385,"10":null},"ie_mob":{"10":0.0632446601942,"11":0.298655339806},"and_ff":{"0":0.02695},"and_qq":{"1.2":null},"samsung":{"0":2.75275},"and_uc":{"0":0.121275},"op_mini":{"0":0.165188537118},"and_chr":{"0":10.9058}},"total":96.58815}