{"id":"LY","name":"Libya","month":"2017-02","access_date":"2017-03-03","data":{"chrome":{"4":0.016516,"5":0.008258,"6":0.016516,"7":null,"8":0.008258,"9":0.012387,"10":0.012387,"11":0.016516,"12":0.020645,"13":0.103225,"14":0.037161,"15":0.214708,"16":0.033032,"17":0.024774,"18":0.024774,"19":0.024774,"20":0.012387,"21":0.004129,"22":0.012387,"23":0.024774,"24":0.016516,"25":0.012387,"26":0.078451,"27":0.024774,"28":0.053677,"29":0.024774,"30":0.04129,"31":0.115612,"32":0.127999,"33":0.264256,"34":0.020645,"35":0.016516,"36":0.210579,"37":0.008258,"38":0.086709,"39":0.04129,"40":0.04129,"41":0.033032,"42":0.037161,"43":1.03225,"44":0.04129,"45":0.024774,"46":0.024774,"47":0.127999,"48":0.061935,"49":0.772123,"50":0.070193,"51":0.689543,"52":0.20645,"53":0.772123,"54":0.367481,"55":5.462667,"56":16.495355,"57":0.103225,"58":0.066064,"59":null},"firefox":{"2":0.016516,"3":0.020645,"3.5":null,"3.6":0.037161,"4":0.016516,"5":0.020645,"6":0.012387,"7":0.008258,"8":0.008258,"9":0.012387,"10":0.016516,"11":0.033032,"12":0.070193,"13":0.012387,"14":0.004129,"15":0.020645,"16":0.016516,"17":0.004129,"18":null,"19":0.004129,"20":0.020645,"21":0.008258,"22":0.004129,"23":0.020645,"24":0.012387,"25":0.086709,"26":0.008258,"27":0.024774,"28":0.008258,"29":0.099096,"30":0.037161,"31":0.012387,"32":0.024774,"33":0.016516,"34":0.008258,"35":0.033032,"36":0.020645,"37":0.012387,"38":0.033032,"39":0.037161,"40":0.028903,"41":0.024774,"42":0.020645,"43":0.161031,"44":0.057806,"45":0.049548,"46":0.08258,"47":0.623479,"48":0.260127,"49":0.173418,"50":0.24774,"51":3.893647,"52":0.268385,"53":0.012387,"54":null},"opera":{"9":null,"9.5-9.6":null,"10.0-10.1":0,"10.5":null,"10.6":null,"11":null,"11.1":null,"11.5":0.020645,"11.6":0.012387,"12":0.012387,"12.1":0.024774,"15":0.004129,"16":null,"17":null,"18":null,"19":null,"20":0.008258,"21":null,"22":0.008258,"23":null,"24":null,"25":null,"26":null,"27":null,"28":0.008258,"29":null,"30":null,"31":null,"32":null,"33":null,"34":0.008258,"35":0.012387,"36":0.04129,"37":0.024774,"38":0.024774,"39":0.020645,"40":0.016516,"41":0.020645,"42":0.487222,"43":0.796897,"44":0.049548,"45":null},"safari":{"3.1":null,"3.2":null,"4":0.012387,"5":null,"5.1":0.016516,"6":null,"6.1":null,"7":0.012387,"7.1":null,"8":0.016516,"9":0.037161,"9.1":0.020645,"10":0.185805,"10.1":null,"0":null},"ios_saf":{"3.2":0,"4.0-4.1":0,"4.2-4.3":0,"5.0-5.1":0,"6.0-6.1":0.0265813135279,"7.0-7.1":0.117359006897,"8":0,"8.1-8.4":0.159989415385,"9.0-9.2":0.0315966557029,"9.3":0.433827098143,"10.0-10.2":3.95760651034},"android":{"2.1":0,"2.2":0,"2.3":0,"3":0,"4":0.169893537415,"4.1":0.509680612245,"4.2-4.3":1.64117157143,"4.4":3.62552808844,"4.4.3-4.4.4":2.04551819048,"53":null},"ie":{"5.5":null,"6":0.0338334696707,"7":0.00845836741768,"8":0.448293473137,"9":0.139563062392,"10":0.342563880416,"11":1.46752674697},"op_mob":{"10":0,"11":0,"11.1":0,"11.5":0,"12":0,"12.1":0,"0":0.0369628296943},"edge":{"12":0.078451,"13":0.066064,"14":0.322062,"15":null},"bb":{"7":0.001468,"10":null},"ie_mob":{"10":0.0112879223301,"11":0.0533040776699},"and_ff":{"0":0.046976},"and_qq":{"1.2":null},"samsung":{"0":2.384032},"and_uc":{"0":2.0552},"op_mini":{"0":16.8920131703},"and_chr":{"0":23.688578}},"total":97.66736}