{"id":"MA","name":"Morocco","month":"2017-02","access_date":"2017-03-03","data":{"chrome":{"4":null,"5":0.01185,"6":0.0237,"7":0.01185,"8":0.01185,"9":null,"10":0.005925,"11":0.029625,"12":0.0237,"13":0.017775,"14":0.005925,"15":null,"16":0.017775,"17":0.0237,"18":0.01185,"19":0.0237,"20":0.01185,"21":0.03555,"22":0.03555,"23":0.0237,"24":0.01185,"25":0.0237,"26":0.053325,"27":0.029625,"28":0.053325,"29":0.05925,"30":0.041475,"31":0.077025,"32":0.0711,"33":0.088875,"34":0.041475,"35":0.041475,"36":0.1185,"37":0.053325,"38":0.08295,"39":0.124425,"40":0.08295,"41":0.053325,"42":0.0474,"43":0.728775,"44":0.0948,"45":0.112575,"46":0.1422,"47":0.159975,"48":0.219225,"49":4.805175,"50":0.148125,"51":0.6399,"52":0.3081,"53":0.58065,"54":0.361425,"55":7.281825,"56":23.907375,"57":0.124425,"58":0.03555,"59":null},"firefox":{"2":null,"3":0.0474,"3.5":0.01185,"3.6":0.0474,"4":null,"5":0.01185,"6":null,"7":null,"8":null,"9":null,"10":0.01185,"11":0.01185,"12":0.029625,"13":0.005925,"14":0.01185,"15":0.017775,"16":0.0237,"17":0.01185,"18":0.017775,"19":0.017775,"20":0.0237,"21":0.017775,"22":0.01185,"23":0.017775,"24":0.01185,"25":0.017775,"26":0.0237,"27":0.017775,"28":0.005925,"29":0.0237,"30":0.03555,"31":0.029625,"32":0.041475,"33":0.03555,"34":0.05925,"35":0.0474,"36":0.041475,"37":0.065175,"38":0.077025,"39":0.053325,"40":0.08295,"41":0.05925,"42":0.08295,"43":0.3555,"44":0.041475,"45":0.136275,"46":0.077025,"47":0.527325,"48":0.385125,"49":0.242925,"50":0.5688,"51":6.67155,"52":0.0948,"53":0.017775,"54":null},"opera":{"9":null,"9.5-9.6":null,"10.0-10.1":0,"10.5":null,"10.6":null,"11":null,"11.1":null,"11.5":null,"11.6":null,"12":null,"12.1":0.0237,"15":null,"16":null,"17":null,"18":null,"19":null,"20":null,"21":null,"22":null,"23":null,"24":null,"25":null,"26":null,"27":null,"28":null,"29":null,"30":null,"31":null,"32":null,"33":null,"34":null,"35":0.01185,"36":0.15405,"37":0.005925,"38":0.065175,"39":0.01185,"40":0.01185,"41":0.01185,"42":0.479925,"43":0.711,"44":0.01185,"45":null},"safari":{"3.1":null,"3.2":null,"4":0.029625,"5":0.03555,"5.1":0.03555,"6":0.017775,"6.1":0.0237,"7":0.0237,"7.1":null,"8":0.13035,"9":0.13035,"9.1":0.231075,"10":0.6636,"10.1":null,"0":null},"ios_saf":{"3.2":0,"4.0-4.1":0,"4.2-4.3":0,"5.0-5.1":0,"6.0-6.1":0.0174384058355,"7.0-7.1":0.0769922068966,"8":0,"8.1-8.4":0.104959461538,"9.0-9.2":0.0207286710875,"9.3":0.284607944297,"10.0-10.2":2.59634831034},"android":{"2.1":0,"2.2":0,"2.3":0,"3":0,"4":0.142157206633,"4.1":0.426471619898,"4.2-4.3":1.37323861607,"4.4":3.03363478954,"4.4.3-4.4.4":1.71157276786,"53":null},"ie":{"5.5":null,"6":0.0334735649547,"7":0.0468629909366,"8":0.582440030211,"9":0.28787265861,"10":0.174062537764,"11":1.07784879154},"op_mob":{"10":0,"11":0,"11.1":0,"11.5":0,"12":0,"12.1":0,"0":0.00565873362445},"edge":{"12":0.0474,"13":0.088875,"14":0.3081,"15":null},"bb":{"7":0.02343125,"10":null},"ie_mob":{"10":0.126048058252,"11":0.595226941748},"and_ff":{"0":0.02445},"and_qq":{"1.2":null},"samsung":{"0":5.285275},"and_uc":{"0":0.4401},"op_mini":{"0":2.58604126638},"and_chr":{"0":21.827675}},"total":97.580516824}