{"id":"MC","name":"Monaco","month":"2017-02","access_date":"2017-03-03","data":{"chrome":{"4":null,"5":null,"6":null,"7":null,"8":null,"9":null,"10":null,"11":0.007523,"12":null,"13":0.015046,"14":null,"15":null,"16":null,"17":null,"18":null,"19":null,"20":null,"21":0.052661,"22":null,"23":null,"24":null,"25":null,"26":0.030092,"27":null,"28":null,"29":null,"30":null,"31":0.180552,"32":null,"33":null,"34":0.030092,"35":0.007523,"36":null,"37":0.045138,"38":null,"39":0.052661,"40":null,"41":0.015046,"42":0.007523,"43":0.052661,"44":null,"45":0.015046,"46":0.07523,"47":0.428811,"48":0.082753,"49":1.549738,"50":null,"51":0.406242,"52":0.323489,"53":0.022569,"54":0.173029,"55":8.418237,"56":23.373961,"57":0.037615,"58":0.15046,"59":null},"firefox":{"2":null,"3":null,"3.5":null,"3.6":null,"4":null,"5":null,"6":null,"7":null,"8":null,"9":null,"10":null,"11":null,"12":null,"13":null,"14":null,"15":null,"16":0.007523,"17":null,"18":null,"19":null,"20":null,"21":null,"22":null,"23":null,"24":null,"25":0.022569,"26":0.022569,"27":null,"28":null,"29":null,"30":null,"31":null,"32":null,"33":0.045138,"34":null,"35":0.052661,"36":0.022569,"37":0.015046,"38":0.022569,"39":null,"40":0.007523,"41":0.015046,"42":0.022569,"43":0.022569,"44":null,"45":0.127891,"46":null,"47":0.255782,"48":0.338535,"49":0.030092,"50":0.932852,"51":7.959334,"52":0.015046,"53":0.007523,"54":null},"opera":{"9":null,"9.5-9.6":null,"10.0-10.1":0,"10.5":null,"10.6":null,"11":null,"11.1":null,"11.5":null,"11.6":null,"12":null,"12.1":0.015046,"15":null,"16":null,"17":null,"18":null,"19":null,"20":null,"21":null,"22":null,"23":null,"24":null,"25":null,"26":null,"27":null,"28":null,"29":null,"30":null,"31":null,"32":null,"33":null,"34":null,"35":null,"36":null,"37":null,"38":null,"39":null,"40":null,"41":null,"42":0.142937,"43":0.180552,"44":null,"45":null},"safari":{"3.1":null,"3.2":null,"4":0,"5":0.052661,"5.1":0.413765,"6":0.022569,"6.1":0.52661,"7":0.015046,"7.1":null,"8":0.240736,"9":0.504041,"9.1":2.798556,"10":10.524677,"10.1":0.030092,"0":null},"ios_saf":{"3.2":0,"4.0-4.1":0,"4.2-4.3":0,"5.0-5.1":0,"6.0-6.1":0.0917365162865,"7.0-7.1":0.405025373793,"8":0,"8.1-8.4":0.552149975385,"9.0-9.2":0.109045292944,"9.3":1.4972091809,"10.0-10.2":13.6583556607},"android":{"2.1":0,"2.2":0,"2.3":0,"3":0,"4":0.00337006802721,"4.1":0.0101102040816,"4.2-4.3":0.0325548571429,"4.4":0.0719172517007,"4.4.3-4.4.4":0.0405756190476,"53":null},"ie":{"5.5":null,"6":null,"7":null,"8":0.180552,"9":0.37615,"10":0.240736,"11":9.652009},"op_mob":{"10":0,"11":0,"11.1":0,"11.5":0,"12":0,"12.1":0,"0":0.000237965065502},"edge":{"12":0.030092,"13":0.240736,"14":2.888832,"15":null},"bb":{"7":0.0136235,"10":null},"ie_mob":{"10":0.0207779417476,"11":0.0981180582524},"and_ff":{"0":0.081741},"and_qq":{"1.2":null},"samsung":{"0":2.479477},"and_uc":{"0":null},"op_mini":{"0":0.108750034934},"and_chr":{"0":5.43509}},"total":99.2853645}