{"id":"MD","name":"Moldova","month":"2017-02","access_date":"2017-03-03","data":{"chrome":{"4":0.014766,"5":0.014766,"6":0.007383,"7":null,"8":0.014766,"9":0.014766,"10":0.014766,"11":0.029532,"12":0.022149,"13":0.022149,"14":0.014766,"15":0.022149,"16":0.022149,"17":0.029532,"18":0.059064,"19":0.029532,"20":0.022149,"21":0.036915,"22":0.044298,"23":0.036915,"24":0.029532,"25":0.029532,"26":0.036915,"27":0.029532,"28":0.022149,"29":0.014766,"30":0.007383,"31":0.022149,"32":0.022149,"33":0.014766,"34":0.059064,"35":0.044298,"36":0.051681,"37":0.007383,"38":0.051681,"39":0.044298,"40":0.095979,"41":0.044298,"42":0.051681,"43":0.169809,"44":0.051681,"45":0.051681,"46":0.029532,"47":0.140277,"48":0.199341,"49":3.041796,"50":0.125511,"51":0.546342,"52":0.214107,"53":0.383916,"54":0.36915,"55":11.081883,"56":35.778018,"57":0.103362,"58":0.132894,"59":null},"firefox":{"2":0.014766,"3":0.036915,"3.5":0.066447,"3.6":0.280554,"4":0.014766,"5":null,"6":null,"7":null,"8":null,"9":0.007383,"10":0.014766,"11":0.007383,"12":0.007383,"13":0.007383,"14":0.007383,"15":0.029532,"16":0.044298,"17":0.007383,"18":0.014766,"19":null,"20":0.007383,"21":0.007383,"22":null,"23":0.014766,"24":0.022149,"25":0.007383,"26":0.007383,"27":null,"28":0.007383,"29":0.022149,"30":null,"31":0.014766,"32":0.007383,"33":0.014766,"34":0.014766,"35":0.036915,"36":0.029532,"37":0.014766,"38":0.059064,"39":0.014766,"40":0.029532,"41":0.007383,"42":0.044298,"43":0.103362,"44":0.029532,"45":1.292025,"46":0.088596,"47":0.302703,"48":0.140277,"49":0.095979,"50":0.347001,"51":4.917078,"52":0.059064,"53":null,"54":null},"opera":{"9":null,"9.5-9.6":0.022149,"10.0-10.1":0.007383,"10.5":0.007383,"10.6":0.029532,"11":null,"11.1":0.007383,"11.5":0.022149,"11.6":0.059064,"12":0.088596,"12.1":0.29532,"15":null,"16":0.022149,"17":null,"18":null,"19":null,"20":0.014766,"21":null,"22":null,"23":null,"24":null,"25":null,"26":null,"27":0.051681,"28":0.014766,"29":null,"30":0.007383,"31":null,"32":null,"33":null,"34":null,"35":0.014766,"36":0.184575,"37":0.014766,"38":0.110745,"39":0.014766,"40":0.007383,"41":0.051681,"42":0.605406,"43":1.092684,"44":null,"45":null},"safari":{"3.1":0.007383,"3.2":null,"4":0.022149,"5":0.051681,"5.1":0.044298,"6":0.007383,"6.1":null,"7":0.007383,"7.1":null,"8":0.051681,"9":0.022149,"9.1":0.206724,"10":0.789981,"10.1":null,"0":null},"ios_saf":{"3.2":0,"4.0-4.1":0,"4.2-4.3":0,"5.0-5.1":0,"6.0-6.1":0.019822837878,"7.0-7.1":0.0875196993103,"8":0,"8.1-8.4":0.119311043077,"9.0-9.2":0.0235629959682,"9.3":0.323523674801,"10.0-10.2":2.95135874897},"android":{"2.1":0,"2.2":0,"2.3":0,"3":0,"4":0.0458976403061,"4.1":0.137692920918,"4.2-4.3":0.443371205357,"4.4":0.979455644133,"4.4.3-4.4.4":0.552607589286,"53":null},"ie":{"5.5":null,"6":0.0150032048193,"7":0.0300064096386,"8":0.352575313253,"9":0.120025638554,"10":0.142530445783,"11":1.20775798795},"op_mob":{"10":0,"11":0,"11.1":0,"11.5":0,"12":0,"12.1":0,"0":0.00125707423581},"edge":{"12":0.044298,"13":0.132894,"14":0.745683,"15":null},"bb":{"7":0.0065425,"10":null},"ie_mob":{"10":0.0992427378641,"11":0.468646262136},"and_ff":{"0":0.018319},"and_qq":{"1.2":null},"samsung":{"0":1.868538},"and_uc":{"0":0.248615},"op_mini":{"0":0.574482925764},"and_chr":{"0":17.65412}},"total":95.2636385}