{"id":"ME","name":"Montenegro","month":"2017-02","access_date":"2017-03-03","data":{"chrome":{"4":null,"5":null,"6":null,"7":null,"8":0.02766,"9":null,"10":0.044256,"11":0.022128,"12":0.005532,"13":null,"14":0.011064,"15":null,"16":null,"17":null,"18":0.033192,"19":null,"20":0.011064,"21":null,"22":0.077448,"23":null,"24":null,"25":0.02766,"26":0.08298,"27":0.011064,"28":null,"29":null,"30":0.033192,"31":0.077448,"32":0.05532,"33":0.016596,"34":0.094044,"35":0.022128,"36":0.066384,"37":0.022128,"38":0.08298,"39":0.05532,"40":0.127236,"41":0.011064,"42":0.016596,"43":0.116172,"44":0.066384,"45":0.022128,"46":0.02766,"47":0.116172,"48":0.066384,"49":3.203028,"50":0.116172,"51":0.160428,"52":0.088512,"53":0.149364,"54":0.116172,"55":8.253744,"56":26.310192,"57":0.160428,"58":0.160428,"59":null},"firefox":{"2":null,"3":0.011064,"3.5":0.016596,"3.6":0.02766,"4":null,"5":null,"6":null,"7":null,"8":null,"9":null,"10":0.011064,"11":null,"12":0.011064,"13":0.005532,"14":null,"15":null,"16":null,"17":null,"18":0.011064,"19":null,"20":null,"21":null,"22":null,"23":null,"24":null,"25":null,"26":null,"27":null,"28":null,"29":0.011064,"30":null,"31":0.011064,"32":0.005532,"33":null,"34":null,"35":0.016596,"36":0.005532,"37":0.038724,"38":0.022128,"39":0.011064,"40":0.016596,"41":0.011064,"42":0.022128,"43":0.060852,"44":0.011064,"45":0.049788,"46":0.038724,"47":0.149364,"48":0.127236,"49":0.071916,"50":0.376176,"51":6.881808,"52":0.365112,"53":0.033192,"54":null},"opera":{"9":null,"9.5-9.6":null,"10.0-10.1":0,"10.5":null,"10.6":null,"11":null,"11.1":null,"11.5":null,"11.6":null,"12":0.011064,"12.1":0.11064,"15":null,"16":null,"17":0.011064,"18":null,"19":0.011064,"20":null,"21":null,"22":null,"23":null,"24":null,"25":null,"26":null,"27":null,"28":0.022128,"29":null,"30":0.011064,"31":null,"32":null,"33":null,"34":null,"35":0.005532,"36":0.1383,"37":0.005532,"38":0.005532,"39":0.016596,"40":0.011064,"41":0.016596,"42":0.492348,"43":0.896184,"44":null,"45":null},"safari":{"3.1":null,"3.2":null,"4":0,"5":0.005532,"5.1":0.022128,"6":null,"6.1":0.022128,"7":0.011064,"7.1":null,"8":0.02766,"9":0.044256,"9.1":0.071916,"10":0.437028,"10.1":null,"0":null},"ios_saf":{"3.2":0,"4.0-4.1":0,"4.2-4.3":0,"5.0-5.1":0,"6.0-6.1":0.0353086562334,"7.0-7.1":0.155891048276,"8":0,"8.1-8.4":0.212518138462,"9.0-9.2":0.0419706668435,"9.3":0.576263917772,"10.0-10.2":5.25699257241},"android":{"2.1":0,"2.2":0,"2.3":0,"3":0,"4":0.0700181335034,"4.1":0.21005440051,"4.2-4.3":0.676375169643,"4.4":1.49418696896,"4.4.3-4.4.4":0.843018327381,"53":null},"ie":{"5.5":null,"6":null,"7":null,"8":0.226812,"9":0.099576,"10":0.044256,"11":1.056612},"op_mob":{"10":0,"11":0,"11.1":0,"11.5":0,"12":0,"12.1":0,"0":0.00180516375546},"edge":{"12":0.02766,"13":0.066384,"14":0.49788,"15":null},"bb":{"7":0.0067035,"10":null},"ie_mob":{"10":0.095280815534,"11":0.449937184466},"and_ff":{"0":0.008938},"and_qq":{"1.2":null},"samsung":{"0":4.254488},"and_uc":{"0":0.093849},"op_mini":{"0":0.824959836245},"and_chr":{"0":30.424493}},"total":98.7572725}