{"id":"MG","name":"Madagascar","month":"2017-02","access_date":"2017-03-03","data":{"chrome":{"4":null,"5":null,"6":null,"7":null,"8":0.002966,"9":null,"10":null,"11":0.026694,"12":null,"13":null,"14":null,"15":null,"16":0.008898,"17":null,"18":0.005932,"19":null,"20":null,"21":null,"22":null,"23":null,"24":0.008898,"25":0.002966,"26":0.008898,"27":0.011864,"28":0.002966,"29":0.01483,"30":0.005932,"31":0.065252,"32":0.127538,"33":0.002966,"34":0.005932,"35":0.008898,"36":0.008898,"37":0.002966,"38":0.05932,"39":0.01483,"40":0.01483,"41":0.005932,"42":0.005932,"43":1.11225,"44":0.01483,"45":0.026694,"46":0.017796,"47":0.023728,"48":0.020762,"49":0.723704,"50":0.050422,"51":0.065252,"52":0.035592,"53":0.142368,"54":0.154232,"55":1.746974,"56":8.746734,"57":0.08898,"58":0.017796,"59":null},"firefox":{"2":0.008898,"3":0.305498,"3.5":0.002966,"3.6":0.065252,"4":0.002966,"5":null,"6":0.005932,"7":null,"8":0.002966,"9":0.005932,"10":0.020762,"11":0.002966,"12":0.038558,"13":0.005932,"14":0.011864,"15":0.020762,"16":0.017796,"17":0.008898,"18":0.008898,"19":0.026694,"20":0.011864,"21":0.011864,"22":0.017796,"23":0.017796,"24":0.005932,"25":0.020762,"26":0.023728,"27":0.041524,"28":0.017796,"29":0.032626,"30":0.094912,"31":0.065252,"32":0.032626,"33":0.050422,"34":0.086014,"35":0.112708,"36":0.068218,"37":0.086014,"38":0.11864,"39":0.086014,"40":0.124572,"41":0.124572,"42":0.056354,"43":0.37075,"44":0.11864,"45":0.115674,"46":0.13347,"47":0.723704,"48":0.438968,"49":0.272872,"50":0.66735,"51":7.376442,"52":0.180926,"53":0.017796,"54":0.002966},"opera":{"9":null,"9.5-9.6":null,"10.0-10.1":0.032626,"10.5":null,"10.6":null,"11":null,"11.1":null,"11.5":null,"11.6":0.005932,"12":null,"12.1":0.026694,"15":null,"16":null,"17":null,"18":0.002966,"19":null,"20":null,"21":null,"22":null,"23":null,"24":null,"25":null,"26":null,"27":null,"28":null,"29":null,"30":0.002966,"31":null,"32":null,"33":null,"34":0.008898,"35":0.005932,"36":0.035592,"37":0.032626,"38":0.005932,"39":0.008898,"40":0.01483,"41":0.005932,"42":0.183892,"43":0.367784,"44":null,"45":null},"safari":{"3.1":null,"3.2":null,"4":0,"5":0.01483,"5.1":0.032626,"6":0.005932,"6.1":0.005932,"7":0.011864,"7.1":null,"8":0.026694,"9":0.050422,"9.1":0.091946,"10":0.450832,"10.1":null,"0":null},"ios_saf":{"3.2":0,"4.0-4.1":0,"4.2-4.3":0,"5.0-5.1":0,"6.0-6.1":0.00605185209549,"7.0-7.1":0.026719497931,"8":0,"8.1-8.4":0.0364252984615,"9.0-9.2":0.00719371098143,"9.3":0.098770793634,"10.0-10.2":0.901040846897},"android":{"2.1":0,"2.2":0,"2.3":0,"3":0,"4":0.148336054422,"4.1":0.445008163265,"4.2-4.3":1.43292628571,"4.4":3.16549140136,"4.4.3-4.4.4":1.78596609524,"53":null},"ie":{"5.5":null,"6":0.0151722307692,"7":0.0212411230769,"8":0.163860092308,"9":0.0819300461538,"10":0.0515855846154,"11":0.455166923077},"op_mob":{"10":0,"11":0,"11.1":0,"11.5":0,"12":0,"12.1":0,"0":0.0788944497817},"edge":{"12":0.065252,"13":0.056354,"14":0.186858,"15":null},"bb":{"7":0.0685815,"10":null},"ie_mob":{"10":0.100797902913,"11":0.475990097087},"and_ff":{"0":0.555686},"and_qq":{"1.2":null},"samsung":{"0":0.63306},"and_uc":{"0":12.534588},"op_mini":{"0":36.0547635502},"and_chr":{"0":9.015254}},"total":95.8048995}