{"id":"MH","name":"Marshall Islands","month":"2017-02","access_date":"2017-03-03","data":{"chrome":{"4":null,"5":null,"6":null,"7":null,"8":null,"9":null,"10":null,"11":0.02361,"12":null,"13":null,"14":null,"15":null,"16":null,"17":null,"18":null,"19":null,"20":null,"21":null,"22":null,"23":null,"24":null,"25":null,"26":null,"27":0.004722,"28":null,"29":0.004722,"30":null,"31":0.014166,"32":null,"33":null,"34":null,"35":null,"36":null,"37":0.009444,"38":null,"39":0.018888,"40":null,"41":0.02361,"42":null,"43":0.018888,"44":null,"45":0.136938,"46":0.056664,"47":0.04722,"48":0.051942,"49":0.679968,"50":0.028332,"51":0.042498,"52":0.014166,"53":0.812184,"54":0.25971,"55":5.935554,"56":23.548614,"57":0.018888,"58":0.127494,"59":null},"firefox":{"2":null,"3":null,"3.5":null,"3.6":0.014166,"4":null,"5":null,"6":null,"7":null,"8":null,"9":null,"10":0.056664,"11":null,"12":null,"13":null,"14":null,"15":0.004722,"16":null,"17":null,"18":null,"19":null,"20":null,"21":0.028332,"22":null,"23":null,"24":null,"25":0.014166,"26":null,"27":null,"28":null,"29":null,"30":null,"31":null,"32":null,"33":null,"34":null,"35":null,"36":0.037776,"37":0.018888,"38":0.02361,"39":0.014166,"40":null,"41":null,"42":0.009444,"43":0.018888,"44":null,"45":0.066108,"46":null,"47":0.028332,"48":0.018888,"49":0.198324,"50":0.25971,"51":3.277068,"52":0.174714,"53":0.028332,"54":null},"opera":{"9":null,"9.5-9.6":null,"10.0-10.1":0,"10.5":null,"10.6":null,"11":null,"11.1":null,"11.5":null,"11.6":0.028332,"12":0.04722,"12.1":0.033054,"15":null,"16":null,"17":null,"18":null,"19":null,"20":null,"21":null,"22":null,"23":null,"24":null,"25":null,"26":null,"27":null,"28":0.033054,"29":null,"30":null,"31":null,"32":null,"33":null,"34":null,"35":null,"36":0.217212,"37":0.009444,"38":null,"39":null,"40":null,"41":null,"42":0.103884,"43":0.075552,"44":null,"45":null},"safari":{"3.1":null,"3.2":null,"4":0,"5":0.033054,"5.1":0.014166,"6":null,"6.1":null,"7":null,"7.1":null,"8":0.089718,"9":0.014166,"9.1":0.151104,"10":1.907688,"10.1":null,"0":null},"ios_saf":{"3.2":0,"4.0-4.1":0,"4.2-4.3":0,"5.0-5.1":0,"6.0-6.1":0.06719552,"7.0-7.1":0.29667456,"8":0,"8.1-8.4":0.40444096,"9.0-9.2":0.07987392,"9.3":1.0966816,"10.0-10.2":10.00452544},"android":{"2.1":0,"2.2":0,"2.3":0,"3":0,"4":0.084712797619,"4.1":0.254138392857,"4.2-4.3":0.818325625,"4.4":1.80777110119,"4.4.3-4.4.4":1.01994208333,"53":null},"ie":{"5.5":null,"6":null,"7":0.00474541487603,"8":0.0806720528926,"9":0.0664358082645,"10":0.223034499174,"11":2.49608822479},"op_mob":{"10":0,"11":0,"11.1":0,"11.5":0,"12":0,"12.1":0,"0":0.00169403056769},"edge":{"12":0.080274,"13":0.439146,"14":3.362064,"15":null},"bb":{"7":0.0804895,"10":null},"ie_mob":{"10":0.195542213592,"11":0.923393786408},"and_ff":{"0":0.07917},"and_qq":{"1.2":null},"samsung":{"0":1.857856},"and_uc":{"0":1.171716},"op_mini":{"0":0.774171969432},"and_chr":{"0":32.248194}},"total":98.9471375}