{"id":"MK","name":"Macedonia","month":"2017-02","access_date":"2017-03-03","data":{"chrome":{"4":null,"5":null,"6":null,"7":null,"8":null,"9":null,"10":null,"11":0.020463,"12":null,"13":null,"14":null,"15":null,"16":0.006821,"17":0.006821,"18":0.020463,"19":null,"20":null,"21":null,"22":0.040926,"23":null,"24":null,"25":null,"26":0.047747,"27":null,"28":0.020463,"29":0.013642,"30":0.013642,"31":0.013642,"32":0.054568,"33":0.020463,"34":0.06821,"35":0.054568,"36":0.416081,"37":0.034105,"38":0.054568,"39":0.061389,"40":0.034105,"41":0.027284,"42":0.027284,"43":0.156883,"44":0.061389,"45":0.020463,"46":0.020463,"47":0.115957,"48":0.061389,"49":4.003927,"50":0.061389,"51":0.743489,"52":0.40926,"53":0.491112,"54":0.150062,"55":10.422488,"56":32.904504,"57":0.190988,"58":0.102315,"59":null},"firefox":{"2":0.034105,"3":null,"3.5":null,"3.6":0.102315,"4":0.006821,"5":0.006821,"6":0.006821,"7":null,"8":null,"9":0.006821,"10":null,"11":0.006821,"12":0.013642,"13":0.102315,"14":null,"15":null,"16":0.006821,"17":0.027284,"18":0.013642,"19":null,"20":null,"21":0.006821,"22":null,"23":null,"24":0.013642,"25":0.006821,"26":0.006821,"27":null,"28":null,"29":0.020463,"30":0.020463,"31":0.013642,"32":null,"33":null,"34":0.006821,"35":0.020463,"36":null,"37":0.040926,"38":0.061389,"39":0.020463,"40":0.013642,"41":0.034105,"42":0.013642,"43":0.081852,"44":0.027284,"45":0.075031,"46":0.109136,"47":0.327408,"48":0.197809,"49":0.13642,"50":0.463828,"51":8.041959,"52":0.115957,"53":null,"54":0.013642},"opera":{"9":null,"9.5-9.6":null,"10.0-10.1":0,"10.5":null,"10.6":null,"11":null,"11.1":null,"11.5":null,"11.6":null,"12":null,"12.1":0.047747,"15":null,"16":null,"17":null,"18":null,"19":null,"20":null,"21":null,"22":null,"23":null,"24":null,"25":null,"26":null,"27":null,"28":0.006821,"29":null,"30":0.054568,"31":null,"32":null,"33":null,"34":null,"35":0.006821,"36":0.238735,"37":null,"38":0.047747,"39":0.034105,"40":0.013642,"41":null,"42":0.40926,"43":0.709384,"44":0.006821,"45":null},"safari":{"3.1":null,"3.2":null,"4":0,"5":null,"5.1":0.013642,"6":null,"6.1":0.020463,"7":0.027284,"7.1":null,"8":0.027284,"9":0.027284,"9.1":0.075031,"10":0.327408,"10.1":null,"0":null},"ios_saf":{"3.2":0,"4.0-4.1":0,"4.2-4.3":0,"5.0-5.1":0,"6.0-6.1":0.0290765029178,"7.0-7.1":0.128375503448,"8":0,"8.1-8.4":0.175007630769,"9.0-9.2":0.0345626355438,"9.3":0.474550472149,"10.0-10.2":4.32910725517},"android":{"2.1":0,"2.2":0,"2.3":0,"3":0,"4":0.0475242346939,"4.1":0.142572704082,"4.2-4.3":0.459084107143,"4.4":1.01416716837,"4.4.3-4.4.4":0.572191785714,"53":null},"ie":{"5.5":null,"6":0.00705802316602,"7":0.0211740694981,"8":0.359959181467,"9":0.127044416988,"10":0.134102440154,"11":1.17868986873},"op_mob":{"10":0,"11":0,"11.1":0,"11.5":0,"12":0,"12.1":0,"0":0.000638777292576},"edge":{"12":0.027284,"13":0.115957,"14":0.627532,"15":null},"bb":{"7":0.00795,"10":null},"ie_mob":{"10":0.0622415533981,"11":0.293918446602},"and_ff":{"0":0.00954},"and_qq":{"1.2":null},"samsung":{"0":1.6218},"and_uc":{"0":0.06042},"op_mini":{"0":0.291921222707},"and_chr":{"0":22.682911}},"total":98.328421}