{"id":"ML","name":"Mali","month":"2017-02","access_date":"2017-03-03","data":{"chrome":{"4":null,"5":null,"6":null,"7":null,"8":null,"9":0.002548,"10":null,"11":0.03185,"12":0.001911,"13":0.000637,"14":null,"15":null,"16":0.001911,"17":0.001274,"18":0.001911,"19":0.01274,"20":null,"21":0.001911,"22":0.000637,"23":null,"24":null,"25":0.008918,"26":0.001274,"27":0.001274,"28":0.002548,"29":null,"30":0.001911,"31":0.008281,"32":0.020384,"33":0.002548,"34":null,"35":null,"36":0.062426,"37":0.001274,"38":0.004459,"39":0.001274,"40":0.008918,"41":null,"42":null,"43":0.015925,"44":0.001911,"45":0.007644,"46":null,"47":0.001911,"48":0.001911,"49":0.181545,"50":0.012103,"51":0.010829,"52":0.00637,"53":0.021658,"54":0.026117,"55":0.424879,"56":1.144052,"57":0.003822,"58":0.010192,"59":null},"firefox":{"2":null,"3":0.787332,"3.5":0.003185,"3.6":0.003185,"4":0.001911,"5":0.001274,"6":null,"7":0.000637,"8":0.002548,"9":null,"10":0.001274,"11":0.005096,"12":0.001911,"13":0.002548,"14":0.001911,"15":0.001911,"16":0.008918,"17":0.001911,"18":0.001911,"19":0.001274,"20":0.004459,"21":0.001274,"22":0.005733,"23":0.001274,"24":0.001911,"25":0.005096,"26":0.001274,"27":0.000637,"28":0.007007,"29":0.003822,"30":0.021658,"31":0.017836,"32":0.004459,"33":0.010829,"34":0.005096,"35":0.002548,"36":0.007644,"37":0.003822,"38":0.010829,"39":0.007007,"40":0.011466,"41":0.038857,"42":0.007007,"43":0.054782,"44":0.010829,"45":0.014014,"46":0.017836,"47":0.082173,"48":0.07644,"49":0.051597,"50":0.075166,"51":1.495676,"52":0.05733,"53":0.005096,"54":null},"opera":{"9":null,"9.5-9.6":null,"10.0-10.1":0,"10.5":null,"10.6":null,"11":null,"11.1":null,"11.5":null,"11.6":null,"12":null,"12.1":0.000637,"15":null,"16":null,"17":null,"18":null,"19":null,"20":0.003185,"21":null,"22":null,"23":null,"24":null,"25":null,"26":null,"27":null,"28":null,"29":0.000637,"30":0.002548,"31":null,"32":null,"33":null,"34":0.000637,"35":0.0637,"36":0.003185,"37":null,"38":0.001274,"39":0.000637,"40":0.001274,"41":0.001911,"42":0.040768,"43":0.050323,"44":null,"45":null},"safari":{"3.1":null,"3.2":null,"4":0.000637,"5":0.001911,"5.1":0.021658,"6":0.012103,"6.1":0.000637,"7":0.010829,"7.1":0.000637,"8":0.056056,"9":0.008918,"9.1":0.035035,"10":0.098735,"10.1":null,"0":null},"ios_saf":{"3.2":0,"4.0-4.1":0,"4.2-4.3":0,"5.0-5.1":0,"6.0-6.1":0.00389661623342,"7.0-7.1":0.0172039282759,"8":0,"8.1-8.4":0.0234532184615,"9.0-9.2":0.0046318268435,"9.3":0.0635957177719,"10.0-10.2":0.580154692414},"android":{"2.1":0,"2.2":0,"2.3":0,"3":0,"4":0.0764408163265,"4.1":0.22932244898,"4.2-4.3":0.738418285714,"4.4":1.63124702041,"4.4.3-4.4.4":0.920347428571,"53":null},"ie":{"5.5":null,"6":0.00447797446809,"7":0.0012794212766,"8":0.0678093276596,"9":0.0153530553191,"10":0.042860612766,"11":0.319215608511},"op_mob":{"10":0,"11":0,"11.1":0,"11.5":0,"12":0,"12.1":0,"0":0.00586783406114},"edge":{"12":0.042042,"13":0.035672,"14":0.062426,"15":null},"bb":{"7":0.014046,"10":null},"ie_mob":{"10":0.045819961165,"11":0.216372038835},"and_ff":{"0":0.28092},"and_qq":{"1.2":null},"samsung":{"0":1.479512},"and_uc":{"0":69.274872},"op_mini":{"0":2.68160016594},"and_chr":{"0":14.135242}},"total":98.436881}