{"id":"MM","name":"Myanmar","month":"2017-02","access_date":"2017-03-03","data":{"chrome":{"4":null,"5":null,"6":null,"7":null,"8":null,"9":null,"10":null,"11":0.04779,"12":0.00531,"13":null,"14":null,"15":null,"16":null,"17":0.002655,"18":0.00531,"19":null,"20":0.002655,"21":null,"22":0.00531,"23":null,"24":0.01062,"25":0.023895,"26":0.002655,"27":null,"28":0.00531,"29":0.04248,"30":0.007965,"31":0.07434,"32":0.087615,"33":0.03717,"34":0.00531,"35":0.06372,"36":0.00531,"37":null,"38":0.02655,"39":0.013275,"40":0.00531,"41":null,"42":0.002655,"43":0.045135,"44":0.04248,"45":0.034515,"46":0.013275,"47":0.01593,"48":0.01593,"49":0.06903,"50":0.03186,"51":0.039825,"52":0.03186,"53":0.071685,"54":0.066375,"55":2.004525,"56":5.992335,"57":0.04248,"58":0.03186,"59":null},"firefox":{"2":0.02124,"3":0.007965,"3.5":null,"3.6":0.029205,"4":0.01593,"5":0.01062,"6":0.00531,"7":0.002655,"8":0.00531,"9":0.01062,"10":0.007965,"11":0.018585,"12":0.04779,"13":0.02124,"14":0.01593,"15":0.01062,"16":0.018585,"17":0.007965,"18":0.01062,"19":0.034515,"20":0.023895,"21":0.02655,"22":0.018585,"23":0.0531,"24":0.034515,"25":0.029205,"26":0.10089,"27":0.039825,"28":0.018585,"29":0.087615,"30":0.114165,"31":0.055755,"32":0.039825,"33":0.0531,"34":0.066375,"35":0.108855,"36":0.151335,"37":0.11151,"38":0.140715,"39":0.215055,"40":0.08496,"41":0.172575,"42":0.11682,"43":0.38763,"44":0.342495,"45":0.151335,"46":0.114165,"47":0.629235,"48":0.570825,"49":0.43011,"50":0.682335,"51":6.92955,"52":1.744335,"53":0.01062,"54":0.01062},"opera":{"9":null,"9.5-9.6":null,"10.0-10.1":0,"10.5":null,"10.6":null,"11":null,"11.1":null,"11.5":null,"11.6":null,"12":null,"12.1":0.002655,"15":null,"16":null,"17":null,"18":null,"19":null,"20":null,"21":null,"22":null,"23":null,"24":null,"25":null,"26":null,"27":null,"28":null,"29":null,"30":null,"31":null,"32":null,"33":null,"34":0.007965,"35":null,"36":null,"37":0.00531,"38":0.01062,"39":0.002655,"40":null,"41":0.00531,"42":0.06903,"43":0.114165,"44":null,"45":null},"safari":{"3.1":null,"3.2":null,"4":0,"5":0.02124,"5.1":0.00531,"6":null,"6.1":0.00531,"7":0.00531,"7.1":0.00531,"8":0.055755,"9":0.103545,"9.1":0.167265,"10":0.576135,"10.1":0.002655,"0":null},"ios_saf":{"3.2":0,"4.0-4.1":0,"4.2-4.3":0,"5.0-5.1":0,"6.0-6.1":0.0268435862069,"7.0-7.1":0.118516965517,"8":0,"8.1-8.4":0.161568,"9.0-9.2":0.0319084137931,"9.3":0.438107586207,"10.0-10.2":3.99665544828},"android":{"2.1":0,"2.2":0,"2.3":0,"3":0,"4":0.293978571429,"4.1":0.881935714286,"4.2-4.3":2.839833,"4.4":6.27350271429,"4.4.3-4.4.4":3.539502,"53":null},"ie":{"5.5":null,"6":null,"7":null,"8":0.096832139738,"9":0.0268978165939,"10":0.0376569432314,"11":0.454573100437},"op_mob":{"10":0,"11":0,"11.1":0,"11.5":0,"12":0,"12.1":0,"0":0.00750434934498},"edge":{"12":0.055755,"13":0.02655,"14":0.19116,"15":null},"bb":{"7":0,"10":null},"ie_mob":{"10":0.00513366990291,"11":0.0242423300971},"and_ff":{"0":0.1836},"and_qq":{"1.2":null},"samsung":{"0":3.620592},"and_uc":{"0":5.21424},"op_mini":{"0":3.42948765066},"and_chr":{"0":42.750801}},"total":99.094968}