{"id":"MN","name":"Mongolia","month":"2017-02","access_date":"2017-03-03","data":{"chrome":{"4":null,"5":null,"6":null,"7":null,"8":null,"9":null,"10":null,"11":0.03144,"12":0.018864,"13":0.006288,"14":null,"15":null,"16":null,"17":null,"18":0.018864,"19":0.056592,"20":null,"21":null,"22":0.025152,"23":0.138336,"24":0.012576,"25":0.025152,"26":0.018864,"27":0.050304,"28":0.025152,"29":0.018864,"30":0.106896,"31":0.03144,"32":0.09432,"33":0.056592,"34":0.018864,"35":0.012576,"36":0.433872,"37":null,"38":0.018864,"39":0.037728,"40":0.018864,"41":0.012576,"42":0.025152,"43":0.18864,"44":0.03144,"45":0.069168,"46":0.03144,"47":0.06288,"48":0.03144,"49":0.980928,"50":0.09432,"51":0.138336,"52":0.18864,"53":1.1004,"54":0.301824,"55":9.941328,"56":30.641424,"57":0.119472,"58":0.22008,"59":null},"firefox":{"2":null,"3":0.006288,"3.5":0.018864,"3.6":0.012576,"4":0.006288,"5":null,"6":null,"7":null,"8":null,"9":0.018864,"10":0.006288,"11":0.018864,"12":0.018864,"13":0.012576,"14":0.006288,"15":0.012576,"16":0.012576,"17":0.006288,"18":0.012576,"19":null,"20":0.006288,"21":null,"22":null,"23":0.012576,"24":0.025152,"25":null,"26":null,"27":null,"28":null,"29":0.018864,"30":0.03144,"31":0.006288,"32":0.018864,"33":0.006288,"34":0.012576,"35":0.018864,"36":0.018864,"37":0.018864,"38":0.037728,"39":0.03144,"40":0.018864,"41":0.037728,"42":0.037728,"43":0.12576,"44":0.081744,"45":0.119472,"46":0.06288,"47":0.308112,"48":0.22008,"49":0.12576,"50":0.339552,"51":8.796912,"52":0.427584,"53":0.012576,"54":null},"opera":{"9":null,"9.5-9.6":null,"10.0-10.1":0,"10.5":null,"10.6":null,"11":null,"11.1":null,"11.5":null,"11.6":null,"12":null,"12.1":0.006288,"15":null,"16":null,"17":null,"18":null,"19":null,"20":null,"21":null,"22":null,"23":null,"24":null,"25":null,"26":null,"27":null,"28":0.012576,"29":null,"30":null,"31":null,"32":null,"33":null,"34":0.006288,"35":0.006288,"36":0.018864,"37":null,"38":0.025152,"39":null,"40":null,"41":null,"42":0.490464,"43":0.798576,"44":null,"45":null},"safari":{"3.1":null,"3.2":null,"4":0.006288,"5":null,"5.1":null,"6":null,"6.1":null,"7":0.025152,"7.1":null,"8":0.03144,"9":0.037728,"9.1":0.182352,"10":0.521904,"10.1":null,"0":null},"ios_saf":{"3.2":0,"4.0-4.1":0,"4.2-4.3":0,"5.0-5.1":0,"6.0-6.1":0.0410588553846,"7.0-7.1":0.18127872,"8":0,"8.1-8.4":0.247127827692,"9.0-9.2":0.0488058092308,"9.3":0.670111507692,"10.0-10.2":6.11312128},"android":{"2.1":0,"2.2":0,"2.3":0,"3":0,"4":0.278242176871,"4.1":0.834726530612,"4.2-4.3":2.68781942857,"4.4":5.93768805442,"4.4.3-4.4.4":3.35003580952,"53":null},"ie":{"5.5":null,"6":null,"7":null,"8":0.3320064,"9":0.0415008,"10":0.0553344,"11":0.8161824},"op_mob":{"10":0,"11":0,"11.1":0,"11.5":0,"12":0,"12.1":0,"0":0.000786165938865},"edge":{"12":0.06288,"13":0.09432,"14":0.465312,"15":null},"bb":{"7":0.031552,"10":null},"ie_mob":{"10":0.0129739805825,"11":0.0612660194175},"and_ff":{"0":0.03712},"and_qq":{"1.2":null},"samsung":{"0":3.775104},"and_uc":{"0":0.341504},"op_mini":{"0":0.359277834061},"and_chr":{"0":12.66872}},"total":98.319792}