{"id":"MP","name":"Northern Mariana Islands","month":"2017-02","access_date":"2017-03-03","data":{"chrome":{"4":null,"5":null,"6":null,"7":null,"8":null,"9":null,"10":null,"11":null,"12":null,"13":null,"14":null,"15":null,"16":null,"17":null,"18":0.011348,"19":null,"20":0.005674,"21":null,"22":0.005674,"23":null,"24":null,"25":null,"26":0.017022,"27":null,"28":null,"29":null,"30":null,"31":0.317744,"32":null,"33":null,"34":0.005674,"35":0.005674,"36":3.211484,"37":null,"38":0.02837,"39":0.107806,"40":0.011348,"41":0.005674,"42":null,"43":0.02837,"44":0.034044,"45":0.204264,"46":null,"47":0.011348,"48":null,"49":1.605742,"50":0.08511,"51":0.039718,"52":0.096458,"53":0.828404,"54":0.073762,"55":10.740882,"56":24.14287,"57":0.034044,"58":0.08511,"59":null},"firefox":{"2":null,"3":null,"3.5":null,"3.6":null,"4":null,"5":0.022696,"6":null,"7":null,"8":null,"9":null,"10":null,"11":null,"12":null,"13":null,"14":null,"15":null,"16":0.011348,"17":null,"18":0.05674,"19":null,"20":0.011348,"21":null,"22":null,"23":null,"24":null,"25":null,"26":null,"27":null,"28":null,"29":0.005674,"30":0.011348,"31":0.022696,"32":null,"33":null,"34":null,"35":null,"36":null,"37":0.005674,"38":0.011348,"39":null,"40":0.045392,"41":null,"42":null,"43":0.034044,"44":0.017022,"45":0.017022,"46":0.005674,"47":0.17022,"48":0.380158,"49":0.039718,"50":0.175894,"51":3.313616,"52":0.045392,"53":null,"54":null},"opera":{"9":null,"9.5-9.6":null,"10.0-10.1":0,"10.5":null,"10.6":null,"11":null,"11.1":null,"11.5":null,"11.6":null,"12":null,"12.1":null,"15":null,"16":null,"17":null,"18":null,"19":null,"20":null,"21":null,"22":null,"23":null,"24":null,"25":null,"26":null,"27":null,"28":null,"29":0.022696,"30":0.011348,"31":null,"32":null,"33":null,"34":null,"35":null,"36":null,"37":0.011348,"38":null,"39":null,"40":null,"41":null,"42":0.039718,"43":0.34044,"44":null,"45":null},"safari":{"3.1":null,"3.2":null,"4":0.034044,"5":0.005674,"5.1":0.02837,"6":null,"6.1":0.022696,"7":0.011348,"7.1":null,"8":0.107806,"9":0.039718,"9.1":0.300722,"10":0.817056,"10.1":null,"0":null},"ios_saf":{"3.2":0,"4.0-4.1":0,"4.2-4.3":0,"5.0-5.1":0,"6.0-6.1":0.0522048369231,"7.0-7.1":0.23048928,"8":0,"8.1-8.4":0.314214018462,"9.0-9.2":0.0620548061538,"9.3":0.852022338462,"10.0-10.2":7.77261072},"android":{"2.1":0,"2.2":0,"2.3":0,"3":0,"4":0.06759375,"4.1":0.20278125,"4.2-4.3":0.652955625,"4.4":1.442450625,"4.4.3-4.4.4":0.81382875,"53":null},"ie":{"5.5":null,"6":null,"7":null,"8":0.664603907865,"9":0.181772008989,"10":0.130648631461,"11":4.07850945169},"op_mob":{"10":0,"11":0,"11.1":0,"11.5":0,"12":0,"12.1":0,"0":0.00224800873362},"edge":{"12":0.073762,"13":0.17022,"14":2.002922,"15":null},"bb":{"7":0,"10":null},"ie_mob":{"10":0.010584,"11":0.04998},"and_ff":{"0":null},"and_qq":{"1.2":null},"samsung":{"0":5.51565},"and_uc":{"0":1.998612},"op_mini":{"0":1.02733999127},"and_chr":{"0":22.612352}},"total":98.922036}