{"id":"MQ","name":"Martinique","month":"2017-02","access_date":"2017-03-03","data":{"chrome":{"4":0.005923,"5":null,"6":null,"7":null,"8":null,"9":null,"10":null,"11":0.011846,"12":null,"13":null,"14":null,"15":null,"16":null,"17":null,"18":0.017769,"19":null,"20":null,"21":null,"22":0.023692,"23":null,"24":null,"25":null,"26":null,"27":null,"28":null,"29":null,"30":null,"31":0.011846,"32":0.201382,"33":null,"34":0.023692,"35":0.005923,"36":0.408687,"37":0.005923,"38":0.023692,"39":0.017769,"40":0.023692,"41":0.017769,"42":0.005923,"43":0.023692,"44":0.029615,"45":0.029615,"46":0.023692,"47":0.047384,"48":0.023692,"49":1.00691,"50":0.035538,"51":0.076999,"52":0.094768,"53":0.260612,"54":0.171767,"55":8.043434,"56":24.34353,"57":0.153998,"58":0.159921,"59":null},"firefox":{"2":null,"3":null,"3.5":null,"3.6":0.005923,"4":null,"5":null,"6":null,"7":null,"8":null,"9":null,"10":null,"11":null,"12":null,"13":null,"14":null,"15":null,"16":null,"17":null,"18":null,"19":null,"20":null,"21":null,"22":null,"23":null,"24":null,"25":null,"26":0.011846,"27":0.005923,"28":null,"29":null,"30":null,"31":null,"32":null,"33":0.017769,"34":null,"35":null,"36":0.017769,"37":0.065153,"38":0.017769,"39":0.011846,"40":0.041461,"41":0.017769,"42":null,"43":0.065153,"44":0.017769,"45":0.201382,"46":0.017769,"47":0.124383,"48":0.438302,"49":0.05923,"50":0.485686,"51":6.663375,"52":0.100691,"53":0.005923,"54":null},"opera":{"9":null,"9.5-9.6":null,"10.0-10.1":0,"10.5":null,"10.6":null,"11":null,"11.1":null,"11.5":null,"11.6":null,"12":null,"12.1":0.047384,"15":null,"16":null,"17":null,"18":null,"19":null,"20":null,"21":null,"22":null,"23":null,"24":null,"25":null,"26":null,"27":null,"28":null,"29":null,"30":null,"31":null,"32":null,"33":0.005923,"34":null,"35":0.005923,"36":null,"37":null,"38":null,"39":null,"40":null,"41":null,"42":0.106614,"43":0.254689,"44":null,"45":null},"safari":{"3.1":null,"3.2":null,"4":0,"5":0.023692,"5.1":0.124383,"6":0.023692,"6.1":0.071076,"7":0.011846,"7.1":null,"8":0.065153,"9":0.189536,"9.1":1.249753,"10":2.677196,"10.1":null,"0":null},"ios_saf":{"3.2":0,"4.0-4.1":0,"4.2-4.3":0,"5.0-5.1":0,"6.0-6.1":0.0401899196817,"7.0-7.1":0.177442286897,"8":0,"8.1-8.4":0.241897818462,"9.0-9.2":0.0477729233952,"9.3":0.65592982122,"10.0-10.2":5.98374823034},"android":{"2.1":0,"2.2":0,"2.3":0,"3":0,"4":0.0331949617347,"4.1":0.0995848852041,"4.2-4.3":0.320663330357,"4.4":0.708380483418,"4.4.3-4.4.4":0.399667339286,"53":null},"ie":{"5.5":null,"6":null,"7":0.0178407456258,"8":0.17246054105,"9":0.118938304172,"10":0.178407456258,"11":3.93091095289},"op_mob":{"10":0,"11":0,"11.1":0,"11.5":0,"12":0,"12.1":0,"0":0.000462890829694},"edge":{"12":0.219151,"13":0.302073,"14":3.654491,"15":null},"bb":{"7":0.00509625,"10":null},"ie_mob":{"10":0.0277869320388,"11":0.131216067961},"and_ff":{"0":0.016308},"and_qq":{"1.2":null},"samsung":{"0":4.721166},"and_uc":{"0":0.114156},"op_mini":{"0":0.21154110917},"and_chr":{"0":27.614182}},"total":98.72510625}