{"id":"MR","name":"Mauritania","month":"2017-02","access_date":"2017-03-03","data":{"chrome":{"4":null,"5":0.026464,"6":0.003308,"7":0.023156,"8":0.003308,"9":0.052928,"10":null,"11":0.086008,"12":0.069468,"13":0.013232,"14":0.013232,"15":0.003308,"16":0.043004,"17":0.076084,"18":0.019848,"19":0.013232,"20":null,"21":0.006616,"22":0.029772,"23":0.019848,"24":null,"25":0.046312,"26":0.04962,"27":0.06616,"28":0.105856,"29":0.013232,"30":0.006616,"31":0.09924,"32":0.036388,"33":0.052928,"34":0.062852,"35":0.019848,"36":0.0827,"37":null,"38":0.036388,"39":0.009924,"40":0.03308,"41":0.036388,"42":0.046312,"43":0.721144,"44":0.072776,"45":0.185248,"46":0.026464,"47":0.092624,"48":0.029772,"49":1.597764,"50":0.062852,"51":0.360572,"52":0.11578,"53":0.234868,"54":0.175324,"55":3.943136,"56":10.936248,"57":0.019848,"58":0.006616,"59":null},"firefox":{"2":null,"3":0.046312,"3.5":0.013232,"3.6":0.013232,"4":0.059544,"5":null,"6":0.003308,"7":null,"8":0.006616,"9":0.006616,"10":0.013232,"11":0.003308,"12":0.009924,"13":0.023156,"14":0.006616,"15":0.009924,"16":0.019848,"17":0.11578,"18":0.013232,"19":null,"20":0.01654,"21":0.062852,"22":0.013232,"23":0.003308,"24":0.029772,"25":0.019848,"26":0.059544,"27":0.006616,"28":null,"29":0.013232,"30":0.04962,"31":0.009924,"32":0.039696,"33":0.013232,"34":0.023156,"35":0.052928,"36":0.026464,"37":0.029772,"38":0.086008,"39":0.105856,"40":0.039696,"41":0.009924,"42":0.026464,"43":0.307644,"44":0.056236,"45":0.0827,"46":0.086008,"47":0.506124,"48":0.155476,"49":0.221636,"50":0.44658,"51":5.471432,"52":0.119088,"53":0.006616,"54":null},"opera":{"9":null,"9.5-9.6":null,"10.0-10.1":0,"10.5":null,"10.6":null,"11":null,"11.1":null,"11.5":null,"11.6":0.006616,"12":0.006616,"12.1":0.013232,"15":null,"16":null,"17":null,"18":null,"19":null,"20":null,"21":0.006616,"22":null,"23":null,"24":null,"25":null,"26":null,"27":null,"28":null,"29":null,"30":null,"31":null,"32":null,"33":null,"34":null,"35":null,"36":0.009924,"37":0.003308,"38":0.056236,"39":null,"40":0.006616,"41":0.009924,"42":0.251408,"43":0.31426,"44":null,"45":null},"safari":{"3.1":null,"3.2":null,"4":0,"5":null,"5.1":0.009924,"6":null,"6.1":null,"7":0.013232,"7.1":0.003308,"8":0.009924,"9":0.013232,"9.1":0.046312,"10":0.175324,"10.1":null,"0":null},"ios_saf":{"3.2":0,"4.0-4.1":0,"4.2-4.3":0,"5.0-5.1":0,"6.0-6.1":0.0203962219629,"7.0-7.1":0.0900512441379,"8":0,"8.1-8.4":0.122762166154,"9.0-9.2":0.0242445657294,"9.3":0.332881735809,"10.0-10.2":3.03672806621},"android":{"2.1":0,"2.2":0,"2.3":0,"3":0,"4":0.276699404762,"4.1":0.830098214286,"4.2-4.3":2.67291625,"4.4":5.90476529762,"4.4.3-4.4.4":3.33146083333,"53":null},"ie":{"5.5":null,"6":null,"7":0.00332833606557,"8":0.236311860656,"9":0.0931934098361,"10":0.133133442623,"11":1.15826095082},"op_mob":{"10":0,"11":0,"11.1":0,"11.5":0,"12":0,"12.1":0,"0":0.0205873973799},"edge":{"12":0.059544,"13":0.13232,"14":0.145552,"15":null},"bb":{"7":0.005019,"10":null},"ie_mob":{"10":0.0421011262136,"11":0.198810873786},"and_ff":{"0":0.03346},"and_qq":{"1.2":null},"samsung":{"0":4.041968},"and_uc":{"0":2.288664},"op_mini":{"0":9.40844060262},"and_chr":{"0":35.158712}},"total":99.207223}