{"id":"MS","name":"Montserrat","month":"2017-02","access_date":"2017-03-03","data":{"chrome":{"4":null,"5":null,"6":null,"7":null,"8":null,"9":null,"10":0.008062,"11":null,"12":null,"13":null,"14":null,"15":null,"16":null,"17":null,"18":null,"19":null,"20":null,"21":null,"22":null,"23":null,"24":null,"25":null,"26":null,"27":0.032248,"28":0.008062,"29":0.008062,"30":null,"31":null,"32":null,"33":null,"34":null,"35":null,"36":0.008062,"37":null,"38":null,"39":null,"40":0.056434,"41":0.016124,"42":null,"43":1.362478,"44":null,"45":null,"46":null,"47":null,"48":4.345418,"49":1.49147,"50":0.064496,"51":null,"52":0.08062,"53":0.072558,"54":0.24186,"55":8.207116,"56":20.138876,"57":0.419224,"58":8.336108,"59":null},"firefox":{"2":null,"3":0.427286,"3.5":null,"3.6":null,"4":null,"5":null,"6":null,"7":null,"8":null,"9":null,"10":null,"11":null,"12":null,"13":null,"14":null,"15":null,"16":null,"17":null,"18":null,"19":null,"20":null,"21":null,"22":null,"23":null,"24":0.008062,"25":null,"26":null,"27":null,"28":null,"29":null,"30":null,"31":null,"32":null,"33":0.008062,"34":null,"35":null,"36":0.008062,"37":null,"38":null,"39":0.128992,"40":null,"41":null,"42":null,"43":null,"44":null,"45":null,"46":null,"47":0.459534,"48":0.12093,"49":0.12093,"50":0.330542,"51":1.781702,"52":null,"53":null,"54":null},"opera":{"9":null,"9.5-9.6":0.032248,"10.0-10.1":0,"10.5":null,"10.6":null,"11":null,"11.1":null,"11.5":null,"11.6":null,"12":null,"12.1":null,"15":null,"16":null,"17":null,"18":null,"19":null,"20":null,"21":null,"22":null,"23":null,"24":null,"25":null,"26":null,"27":null,"28":0.088682,"29":0.064496,"30":null,"31":null,"32":null,"33":null,"34":null,"35":null,"36":null,"37":null,"38":null,"39":null,"40":null,"41":null,"42":0.177364,"43":0.032248,"44":null,"45":null},"safari":{"3.1":null,"3.2":null,"4":0.451472,"5":0.008062,"5.1":0.04031,"6":null,"6.1":null,"7":null,"7.1":null,"8":null,"9":null,"9.1":0.137054,"10":0.701394,"10.1":null,"0":null},"ios_saf":{"3.2":0,"4.0-4.1":0,"4.2-4.3":0,"5.0-5.1":0,"6.0-6.1":0.0148867187268,"7.0-7.1":0.0657262675862,"8":0,"8.1-8.4":0.0896011938462,"9.0-9.2":0.0176955335809,"9.3":0.242962484881,"10.0-10.2":2.21643580138},"android":{"2.1":0,"2.2":0,"2.3":0,"3":0,"4":0.0152024234694,"4.1":0.0456072704082,"4.2-4.3":0.146855410714,"4.4":0.324419716837,"4.4.3-4.4.4":0.183037178571,"53":null},"ie":{"5.5":null,"6":2.1438686821,"7":1.65323206829,"8":8.8634570887,"9":1.93054841523,"10":5.14101843171,"11":7.43421130063},"op_mob":{"10":0,"11":0,"11.1":0,"11.5":0,"12":0,"12.1":0,"0":0.000253886462882},"edge":{"12":0.008062,"13":0.266046,"14":1.580152,"15":null},"bb":{"7":0.05814,"10":null},"ie_mob":{"10":0.0291264466019,"11":0.137541553398},"and_ff":{"0":null},"and_qq":{"1.2":null},"samsung":{"0":1.149234},"and_uc":{"0":0.100776},"op_mini":{"0":0.116026113537},"and_chr":{"0":14.059024}},"total":98.0578579867}