{"id":"MT","name":"Malta","month":"2017-02","access_date":"2017-03-03","data":{"chrome":{"4":null,"5":null,"6":null,"7":null,"8":null,"9":null,"10":null,"11":0.020523,"12":null,"13":null,"14":null,"15":null,"16":null,"17":null,"18":null,"19":null,"20":null,"21":null,"22":0.034205,"23":null,"24":null,"25":null,"26":0.034205,"27":null,"28":null,"29":0.006841,"30":null,"31":0.006841,"32":0.143661,"33":null,"34":0.013682,"35":0.123138,"36":0.6841,"37":0.013682,"38":0.020523,"39":0.095774,"40":0.075251,"41":0.006841,"42":0.020523,"43":0.061569,"44":0.047887,"45":0.061569,"46":0.027364,"47":0.027364,"48":0.027364,"49":2.237007,"50":0.054728,"51":0.20523,"52":0.06841,"53":0.246276,"54":2.572216,"55":10.405161,"56":32.316884,"57":0.116297,"58":0.075251,"59":null},"firefox":{"2":null,"3":null,"3.5":null,"3.6":null,"4":null,"5":null,"6":null,"7":null,"8":null,"9":null,"10":null,"11":null,"12":null,"13":null,"14":null,"15":null,"16":null,"17":null,"18":null,"19":null,"20":null,"21":null,"22":null,"23":null,"24":null,"25":null,"26":0.006841,"27":null,"28":null,"29":null,"30":null,"31":null,"32":null,"33":null,"34":null,"35":null,"36":null,"37":null,"38":0.020523,"39":0.020523,"40":null,"41":0.006841,"42":0.006841,"43":0.020523,"44":0.006841,"45":0.034205,"46":0.027364,"47":0.116297,"48":0.13682,"49":0.102615,"50":0.184707,"51":4.159328,"52":0.082092,"53":null,"54":null},"opera":{"9":null,"9.5-9.6":null,"10.0-10.1":0,"10.5":null,"10.6":null,"11":null,"11.1":null,"11.5":null,"11.6":null,"12":null,"12.1":0.020523,"15":null,"16":null,"17":null,"18":null,"19":null,"20":null,"21":null,"22":null,"23":null,"24":null,"25":null,"26":null,"27":null,"28":null,"29":null,"30":null,"31":null,"32":null,"33":null,"34":null,"35":null,"36":0.027364,"37":null,"38":0.027364,"39":null,"40":0.006841,"41":null,"42":0.13682,"43":0.301004,"44":null,"45":null},"safari":{"3.1":null,"3.2":null,"4":0,"5":0.013682,"5.1":0.054728,"6":0.013682,"6.1":0.013682,"7":0.020523,"7.1":null,"8":0.088933,"9":0.123138,"9.1":0.608849,"10":2.825333,"10.1":0.013682,"0":null},"ios_saf":{"3.2":0,"4.0-4.1":0,"4.2-4.3":0,"5.0-5.1":0,"6.0-6.1":0.0462045227586,"7.0-7.1":0.203997326897,"8":0,"8.1-8.4":0.27809892,"9.0-9.2":0.0549223572414,"9.3":0.754092682759,"10.0-10.2":6.87924319034},"android":{"2.1":0,"2.2":0,"2.3":0,"3":0,"4":0.0208853954082,"4.1":0.0626561862245,"4.2-4.3":0.201752919643,"4.4":0.44569433801,"4.4.3-4.4.4":0.251460160714,"53":null},"ie":{"5.5":null,"6":null,"7":null,"8":0.235211617363,"9":0.159113741158,"10":0.117605808682,"11":3.7910578328},"op_mob":{"10":0,"11":0,"11.1":0,"11.5":0,"12":0,"12.1":0,"0":0.000158639737991},"edge":{"12":0.054728,"13":0.61569,"14":2.968994,"15":null},"bb":{"7":0.006318,"10":null},"ie_mob":{"10":0.0701113980583,"11":0.331081601942},"and_ff":{"0":0.009477},"and_qq":{"1.2":null},"samsung":{"0":4.078269},"and_uc":{"0":0.104247},"op_mini":{"0":0.072498360262},"and_chr":{"0":17.906592}},"total":98.799038}