{"id":"MU","name":"Mauritius","month":"2017-02","access_date":"2017-03-03","data":{"chrome":{"4":null,"5":null,"6":null,"7":null,"8":null,"9":null,"10":null,"11":0.02036,"12":null,"13":null,"14":null,"15":null,"16":null,"17":null,"18":0.01527,"19":null,"20":0.00509,"21":null,"22":0.07635,"23":0.01018,"24":null,"25":0.00509,"26":0.04581,"27":null,"28":null,"29":0.01018,"30":null,"31":0.07126,"32":0.11198,"33":0.01527,"34":0.14252,"35":0.12725,"36":0.47846,"37":0.01018,"38":0.04072,"39":0.03563,"40":0.02036,"41":0.01018,"42":0.03054,"43":0.08144,"44":0.03054,"45":0.06617,"46":0.03054,"47":0.03563,"48":0.05599,"49":1.05872,"50":0.05599,"51":0.13743,"52":0.1018,"53":0.41738,"54":0.2036,"55":7.87423,"56":22.67595,"57":0.10689,"58":0.14252,"59":null},"firefox":{"2":null,"3":0.01018,"3.5":0.01018,"3.6":0.01018,"4":null,"5":null,"6":null,"7":null,"8":null,"9":null,"10":0.01527,"11":0.01018,"12":0.00509,"13":null,"14":null,"15":null,"16":0.02036,"17":null,"18":0.00509,"19":null,"20":null,"21":0.00509,"22":0.00509,"23":null,"24":0.00509,"25":null,"26":null,"27":0.01018,"28":null,"29":null,"30":0.01018,"31":0.01018,"32":null,"33":0.01018,"34":0.01018,"35":0.01018,"36":0.01527,"37":0.02036,"38":0.03563,"39":0.04072,"40":0.01527,"41":0.02036,"42":0.01527,"43":0.07126,"44":0.03563,"45":0.06617,"46":0.04581,"47":0.22905,"48":0.18833,"49":0.11198,"50":0.4072,"51":5.93494,"52":0.32576,"53":0.01018,"54":null},"opera":{"9":null,"9.5-9.6":null,"10.0-10.1":0,"10.5":null,"10.6":null,"11":null,"11.1":null,"11.5":null,"11.6":null,"12":null,"12.1":0.02036,"15":null,"16":null,"17":null,"18":null,"19":null,"20":null,"21":null,"22":null,"23":null,"24":null,"25":null,"26":null,"27":null,"28":null,"29":0.00509,"30":null,"31":null,"32":0.00509,"33":null,"34":null,"35":null,"36":0.03054,"37":0.01527,"38":0.01018,"39":null,"40":null,"41":0.00509,"42":0.29013,"43":0.48864,"44":null,"45":null},"safari":{"3.1":null,"3.2":null,"4":0,"5":0.0509,"5.1":0.07126,"6":null,"6.1":0.01527,"7":0.02545,"7.1":0.01018,"8":0.08144,"9":0.15779,"9.1":0.45301,"10":1.2216,"10.1":0.00509,"0":null},"ios_saf":{"3.2":0,"4.0-4.1":0,"4.2-4.3":0,"5.0-5.1":0,"6.0-6.1":0.0182267140584,"7.0-7.1":0.080472662069,"8":0,"8.1-8.4":0.109704184615,"9.0-9.2":0.0216657167109,"9.3":0.297473729443,"10.0-10.2":2.7137169931},"android":{"2.1":0,"2.2":0,"2.3":0,"3":0,"4":0.0704703443878,"4.1":0.211411033163,"4.2-4.3":0.680743526786,"4.4":1.50383714923,"4.4.3-4.4.4":0.848462946429,"53":null},"ie":{"5.5":null,"6":0.01018,"7":0.00509,"8":0.2036,"9":0.09162,"10":0.18324,"11":2.27014},"op_mob":{"10":0,"11":0,"11.1":0,"11.5":0,"12":0,"12.1":0,"0":0.0124383406114},"edge":{"12":0.15779,"13":0.27995,"14":1.38957,"15":null},"bb":{"7":0.01596075,"10":null},"ie_mob":{"10":0.152765475728,"11":0.721392524272},"and_ff":{"0":0.078576},"and_qq":{"1.2":null},"samsung":{"0":5.608362},"and_uc":{"0":2.475144},"op_mini":{"0":5.68432165939},"and_chr":{"0":28.072396}},"total":99.04067175}