{"id":"MV","name":"Maldives","month":"2017-02","access_date":"2017-03-03","data":{"chrome":{"4":null,"5":null,"6":null,"7":null,"8":null,"9":null,"10":null,"11":0.00727,"12":0.02908,"13":null,"14":null,"15":null,"16":0.003635,"17":0.010905,"18":null,"19":0.00727,"20":0.00727,"21":0.003635,"22":null,"23":0.025445,"24":null,"25":null,"26":0.00727,"27":0.00727,"28":null,"29":0.010905,"30":0.025445,"31":0.0727,"32":0.047255,"33":0.018175,"34":0.018175,"35":0.00727,"36":0.02908,"37":0.003635,"38":0.01454,"39":0.018175,"40":0.010905,"41":0.00727,"42":0.003635,"43":0.061795,"44":0.01454,"45":0.02181,"46":0.025445,"47":0.025445,"48":0.02181,"49":0.374405,"50":0.05816,"51":0.03635,"52":0.05089,"53":0.10178,"54":0.18902,"55":5.935955,"56":18.11684,"57":0.12359,"58":0.083605,"59":null},"firefox":{"2":null,"3":0.003635,"3.5":null,"3.6":0.00727,"4":0.02181,"5":null,"6":null,"7":0.003635,"8":null,"9":null,"10":null,"11":0.010905,"12":0.00727,"13":0.00727,"14":0.003635,"15":0.003635,"16":0.00727,"17":0.00727,"18":0.010905,"19":0.003635,"20":0.00727,"21":0.003635,"22":null,"23":0.00727,"24":0.003635,"25":0.00727,"26":0.00727,"27":null,"28":null,"29":0.003635,"30":0.025445,"31":null,"32":0.003635,"33":0.025445,"34":0.003635,"35":0.003635,"36":0.018175,"37":0.003635,"38":0.018175,"39":0.003635,"40":0.00727,"41":0.02181,"42":0.018175,"43":0.05816,"44":0.105415,"45":0.047255,"46":0.02181,"47":0.163575,"48":0.16721,"49":0.141765,"50":0.381675,"51":3.631365,"52":0.53798,"53":0.00727,"54":null},"opera":{"9":null,"9.5-9.6":null,"10.0-10.1":0,"10.5":null,"10.6":null,"11":null,"11.1":null,"11.5":null,"11.6":null,"12":null,"12.1":0.003635,"15":null,"16":null,"17":null,"18":null,"19":null,"20":0.00727,"21":null,"22":null,"23":null,"24":null,"25":null,"26":null,"27":null,"28":null,"29":null,"30":null,"31":null,"32":null,"33":null,"34":null,"35":0.00727,"36":null,"37":0.032715,"38":null,"39":null,"40":0.010905,"41":null,"42":0.06543,"43":0.127225,"44":null,"45":null},"safari":{"3.1":null,"3.2":null,"4":0,"5":0.010905,"5.1":0.003635,"6":null,"6.1":0.003635,"7":0.00727,"7.1":null,"8":0.025445,"9":0.03635,"9.1":0.207195,"10":1.06142,"10.1":0.02181,"0":null},"ios_saf":{"3.2":0,"4.0-4.1":0,"4.2-4.3":0,"5.0-5.1":0,"6.0-6.1":0.0580288761804,"7.0-7.1":0.256202962759,"8":0,"8.1-8.4":0.349268141538,"9.0-9.2":0.0689777207427,"9.3":0.947075054642,"10.0-10.2":8.63973324414},"android":{"2.1":0,"2.2":0,"2.3":0,"3":0,"4":0.0560272959184,"4.1":0.168081887755,"4.2-4.3":0.541223678571,"4.4":1.1956224949,"4.4.3-4.4.4":0.674568642857,"53":null},"ie":{"5.5":null,"6":null,"7":null,"8":0.10905,"9":0.032715,"10":0.098145,"11":0.766985},"op_mob":{"10":0,"11":0,"11.1":0,"11.5":0,"12":0,"12.1":0,"0":0.00479534934498},"edge":{"12":0.07997,"13":0.10905,"14":0.59614,"15":null},"bb":{"7":0.0047745,"10":null},"ie_mob":{"10":0.0433876893204,"11":0.20488631068},"and_ff":{"0":0.044562},"and_qq":{"1.2":null},"samsung":{"0":5.118264},"and_uc":{"0":8.256702},"op_mini":{"0":2.19147465066},"and_chr":{"0":35.417009}},"total":98.8567705}