{"id":"MX","name":"Mexico","month":"2017-02","access_date":"2017-03-03","data":{"chrome":{"4":null,"5":null,"6":null,"7":null,"8":null,"9":null,"10":null,"11":0.016368,"12":null,"13":null,"14":null,"15":null,"16":null,"17":null,"18":0.005456,"19":null,"20":null,"21":0.010912,"22":0.05456,"23":null,"24":null,"25":null,"26":0.016368,"27":0.005456,"28":null,"29":0.005456,"30":null,"31":0.010912,"32":0.02728,"33":0.005456,"34":0.032736,"35":0.065472,"36":0.180048,"37":0.016368,"38":0.038192,"39":0.02728,"40":0.021824,"41":0.021824,"42":0.016368,"43":0.070928,"44":0.043648,"45":0.032736,"46":0.060016,"47":0.087296,"48":0.05456,"49":1.751376,"50":0.070928,"51":0.2728,"52":0.141856,"53":0.196416,"54":0.256432,"55":7.93848,"56":27.432768,"57":0.070928,"58":0.02728,"59":null},"firefox":{"2":null,"3":null,"3.5":null,"3.6":0.010912,"4":null,"5":null,"6":null,"7":null,"8":null,"9":null,"10":null,"11":null,"12":null,"13":null,"14":null,"15":null,"16":0.005456,"17":null,"18":null,"19":null,"20":null,"21":null,"22":null,"23":null,"24":null,"25":null,"26":null,"27":null,"28":null,"29":null,"30":null,"31":0.005456,"32":null,"33":0.005456,"34":null,"35":0.005456,"36":0.005456,"37":0.010912,"38":0.032736,"39":0.016368,"40":0.016368,"41":0.016368,"42":0.010912,"43":0.049104,"44":0.016368,"45":0.060016,"46":0.021824,"47":0.125488,"48":0.174592,"49":0.070928,"50":0.24552,"51":3.977424,"52":0.021824,"53":0.010912,"54":null},"opera":{"9":null,"9.5-9.6":null,"10.0-10.1":0,"10.5":null,"10.6":null,"11":null,"11.1":null,"11.5":null,"11.6":null,"12":null,"12.1":0.021824,"15":null,"16":null,"17":null,"18":null,"19":null,"20":null,"21":null,"22":null,"23":null,"24":null,"25":null,"26":null,"27":null,"28":null,"29":null,"30":null,"31":null,"32":null,"33":null,"34":null,"35":null,"36":0.010912,"37":0.010912,"38":0.010912,"39":null,"40":null,"41":null,"42":0.1364,"43":0.250976,"44":null,"45":null},"safari":{"3.1":null,"3.2":null,"4":0.005456,"5":0.02728,"5.1":0.049104,"6":0.010912,"6.1":0.049104,"7":0.032736,"7.1":0.010912,"8":0.19096,"9":0.207328,"9.1":0.665632,"10":2.095104,"10.1":0.010912,"0":null},"ios_saf":{"3.2":0,"4.0-4.1":0,"4.2-4.3":0,"5.0-5.1":0,"6.0-6.1":0.0379198607958,"7.0-7.1":0.167419762759,"8":0,"8.1-8.4":0.228234633846,"9.0-9.2":0.0450745515119,"9.3":0.61888074695,"10.0-10.2":5.64576644414},"android":{"2.1":0,"2.2":0,"2.3":0,"3":0,"4":0.0691646258503,"4.1":0.207493877551,"4.2-4.3":0.668130285714,"4.4":1.47597311565,"4.4.3-4.4.4":0.832742095238,"53":null},"ie":{"5.5":null,"6":0.0054912,"7":0.0054912,"8":0.2361216,"9":0.2086656,"10":0.2086656,"11":2.7401088},"op_mob":{"10":0,"11":0,"11.1":0,"11.5":0,"12":0,"12.1":0,"0":0.00301610480349},"edge":{"12":0.08184,"13":0.201872,"14":1.489488,"15":null},"bb":{"7":0.019312,"10":null},"ie_mob":{"10":0.150878446602,"11":0.712481553398},"and_ff":{"0":0.027264},"and_qq":{"1.2":null},"samsung":{"0":1.358656},"and_uc":{"0":0.313536},"op_mini":{"0":1.3783598952},"and_chr":{"0":32.058448}},"total":98.996512}