{"id":"MY","name":"Malaysia","month":"2017-02","access_date":"2017-03-03","data":{"chrome":{"4":null,"5":null,"6":null,"7":null,"8":null,"9":null,"10":0.012891,"11":0.021485,"12":0.008594,"13":null,"14":null,"15":0.004297,"16":null,"17":null,"18":0.008594,"19":0.008594,"20":0.008594,"21":0.012891,"22":0.017188,"23":0.008594,"24":0.008594,"25":0.008594,"26":0.012891,"27":0.008594,"28":0.012891,"29":0.012891,"30":0.021485,"31":0.08594,"32":0.064455,"33":0.055861,"34":0.017188,"35":0.034376,"36":0.21485,"37":0.017188,"38":0.04297,"39":0.034376,"40":0.017188,"41":0.021485,"42":0.017188,"43":0.073049,"44":0.068752,"45":0.098831,"46":0.098831,"47":0.068752,"48":0.055861,"49":1.50395,"50":0.111722,"51":0.296493,"52":0.180474,"53":0.335166,"54":0.322275,"55":6.763478,"56":20.677164,"57":0.116019,"58":0.163286,"59":null},"firefox":{"2":null,"3":0.012891,"3.5":null,"3.6":0.012891,"4":0.004297,"5":null,"6":null,"7":null,"8":null,"9":null,"10":null,"11":0.008594,"12":0.008594,"13":0.004297,"14":null,"15":null,"16":0.012891,"17":0.004297,"18":null,"19":null,"20":0.008594,"21":null,"22":0.004297,"23":0.008594,"24":null,"25":null,"26":null,"27":0.012891,"28":0.004297,"29":0.012891,"30":0.008594,"31":0.012891,"32":0.008594,"33":0.008594,"34":0.012891,"35":0.025782,"36":0.017188,"37":0.017188,"38":0.034376,"39":0.025782,"40":0.025782,"41":0.021485,"42":0.025782,"43":0.077346,"44":0.038673,"45":0.081643,"46":0.034376,"47":0.180474,"48":0.163286,"49":0.090237,"50":0.348057,"51":3.850112,"52":0.296493,"53":null,"54":null},"opera":{"9":null,"9.5-9.6":null,"10.0-10.1":0,"10.5":null,"10.6":null,"11":null,"11.1":null,"11.5":null,"11.6":null,"12":null,"12.1":0.008594,"15":null,"16":null,"17":null,"18":null,"19":null,"20":null,"21":null,"22":null,"23":null,"24":null,"25":null,"26":null,"27":null,"28":0.004297,"29":null,"30":null,"31":null,"32":null,"33":null,"34":null,"35":null,"36":0.008594,"37":0.012891,"38":0.004297,"39":null,"40":null,"41":null,"42":0.077346,"43":0.133207,"44":null,"45":null},"safari":{"3.1":null,"3.2":null,"4":0,"5":0.012891,"5.1":0.025782,"6":0.017188,"6.1":0.025782,"7":0.030079,"7.1":0.004297,"8":0.111722,"9":0.098831,"9.1":0.287899,"10":0.825024,"10.1":0.008594,"0":null},"ios_saf":{"3.2":0,"4.0-4.1":0,"4.2-4.3":0,"5.0-5.1":0,"6.0-6.1":0.0384839045093,"7.0-7.1":0.169910068966,"8":0,"8.1-8.4":0.231629538462,"9.0-9.2":0.0457450185676,"9.3":0.628086366048,"10.0-10.2":5.72974510345},"android":{"2.1":0,"2.2":0,"2.3":0,"3":0,"4":0.0971110331633,"4.1":0.29133309949,"4.2-4.3":0.938092580357,"4.4":2.0723494477,"4.4.3-4.4.4":1.16921683929,"53":null},"ie":{"5.5":null,"6":0.0043507125,"7":0.0130521375,"8":0.2479906125,"9":0.15662565,"10":0.1261706625,"11":1.540152225},"op_mob":{"10":0,"11":0,"11.1":0,"11.5":0,"12":0,"12.1":0,"0":0.00699800436681},"edge":{"12":0.025782,"13":0.081643,"14":0.489858,"15":null},"bb":{"7":0.01283175,"10":null},"ie_mob":{"10":0.0259126601942,"11":0.122365339806},"and_ff":{"0":0.028515},"and_qq":{"1.2":null},"samsung":{"0":3.587187},"and_uc":{"0":7.75608},"op_mini":{"0":3.19808799563},"and_chr":{"0":31.018649}},"total":98.83204175}