{"id":"MZ","name":"Mozambique","month":"2017-02","access_date":"2017-03-03","data":{"chrome":{"4":null,"5":null,"6":null,"7":null,"8":null,"9":null,"10":0.00206,"11":0.02266,"12":null,"13":null,"14":null,"15":0.00618,"16":0.00618,"17":null,"18":null,"19":0.00412,"20":null,"21":0.01648,"22":0.00206,"23":0.00412,"24":null,"25":0.01442,"26":0.01236,"27":0.00412,"28":0.00824,"29":0.02472,"30":0.00412,"31":0.01442,"32":0.12154,"33":0.02884,"34":0.01236,"35":0.03502,"36":0.60976,"37":0.00618,"38":0.01648,"39":0.0103,"40":0.06386,"41":0.02472,"42":0.00824,"43":0.95172,"44":0.0103,"45":0.05562,"46":0.0103,"47":0.65096,"48":0.01236,"49":0.22866,"50":0.0309,"51":0.0721,"52":0.03296,"53":0.16892,"54":0.09682,"55":1.73246,"56":5.82362,"57":0.02884,"58":0.02472,"59":null},"firefox":{"2":null,"3":0.02472,"3.5":0.00618,"3.6":0.01648,"4":0.00618,"5":0.00206,"6":0.00618,"7":0.00206,"8":0.00618,"9":null,"10":0.00206,"11":0.0103,"12":0.01236,"13":0.01236,"14":0.00824,"15":0.00618,"16":0.0103,"17":0.00618,"18":0.0103,"19":0.0103,"20":0.01442,"21":0.0206,"22":0.00618,"23":0.00618,"24":0.01648,"25":0.00618,"26":0.00412,"27":0.00412,"28":0.00824,"29":0.0103,"30":0.0103,"31":0.00824,"32":0.00412,"33":0.00824,"34":0.00824,"35":0.01648,"36":0.0103,"37":0.02678,"38":0.01854,"39":0.01854,"40":0.01236,"41":0.01236,"42":0.00824,"43":0.0721,"44":0.03296,"45":0.0412,"46":0.02472,"47":0.14832,"48":0.05768,"49":0.07416,"50":0.14626,"51":2.2969,"52":1.02588,"53":0.0103,"54":null},"opera":{"9":null,"9.5-9.6":0.00824,"10.0-10.1":0,"10.5":null,"10.6":0.00206,"11":0.00618,"11.1":0.00206,"11.5":0.00824,"11.6":0.0309,"12":0.01648,"12.1":0.02266,"15":0.00206,"16":0.00412,"17":0.00412,"18":0.00206,"19":0.00206,"20":0.00618,"21":0.00618,"22":0.00412,"23":null,"24":0.00206,"25":0.00618,"26":0.00412,"27":null,"28":0.00824,"29":0.00206,"30":0.00206,"31":null,"32":0.00412,"33":0.00412,"34":0.00412,"35":0.00412,"36":0.02678,"37":0.02884,"38":0.01442,"39":0.00618,"40":0.01648,"41":0.02678,"42":0.39346,"43":0.49028,"44":null,"45":null},"safari":{"3.1":null,"3.2":null,"4":0,"5":0.00412,"5.1":0.01648,"6":0.00412,"6.1":0.0103,"7":0.00618,"7.1":0.02884,"8":0.0206,"9":0.01854,"9.1":0.0721,"10":0.29046,"10.1":null,"0":null},"ios_saf":{"3.2":0,"4.0-4.1":0,"4.2-4.3":0,"5.0-5.1":0,"6.0-6.1":0.0071438938992,"7.0-7.1":0.0315409655172,"8":0,"8.1-8.4":0.0429981538462,"9.0-9.2":0.00849179840849,"9.3":0.116593740053,"10.0-10.2":1.06363144828},"android":{"2.1":0,"2.2":0,"2.3":0,"3":0,"4":0.0924982993197,"4.1":0.277494897959,"4.2-4.3":0.893533571429,"4.4":1.97391370748,"4.4.3-4.4.4":1.11367952381,"53":null},"ie":{"5.5":null,"6":0.00413521698984,"7":0.00620282548476,"8":0.438333000923,"9":0.177814330563,"10":0.148867811634,"11":1.4638668144},"op_mob":{"10":0,"11":0,"11.1":0,"11.5":0,"12":0,"12.1":0,"0":0.0843928384279},"edge":{"12":0.09888,"13":0.11124,"14":0.2987,"15":null},"bb":{"7":0.16277,"10":null},"ie_mob":{"10":0.335792621359,"11":1.58568737864},"and_ff":{"0":0.00794},"and_qq":{"1.2":null},"samsung":{"0":2.27084},"and_uc":{"0":9.94882},"op_mini":{"0":38.5675271616},"and_chr":{"0":15.11688}},"total":93.45757}