{"id":"NA","name":"Namibia","month":"2017-02","access_date":"2017-03-03","data":{"chrome":{"4":null,"5":null,"6":null,"7":null,"8":null,"9":null,"10":null,"11":0.011319,"12":null,"13":null,"14":null,"15":null,"16":null,"17":null,"18":0.007546,"19":null,"20":0.007546,"21":null,"22":null,"23":0.007546,"24":null,"25":null,"26":0.011319,"27":0.003773,"28":null,"29":0.011319,"30":null,"31":0.018865,"32":0.267883,"33":0.003773,"34":0.018865,"35":0.011319,"36":1.799721,"37":0.015092,"38":0.015092,"39":0.018865,"40":0.03773,"41":0.007546,"42":0.007546,"43":0.196196,"44":0.147147,"45":0.120736,"46":0.030184,"47":0.199969,"48":0.026411,"49":0.426349,"50":0.064141,"51":0.109417,"52":0.094325,"53":0.290521,"54":0.169785,"55":3.248553,"56":12.028324,"57":0.03773,"58":0.052822,"59":null},"firefox":{"2":0.018865,"3":0.007546,"3.5":null,"3.6":0.011319,"4":0.007546,"5":0.003773,"6":null,"7":null,"8":null,"9":null,"10":0.007546,"11":0.030184,"12":0.007546,"13":0.007546,"14":0.003773,"15":0.007546,"16":0.003773,"17":0.003773,"18":0.003773,"19":null,"20":0.007546,"21":null,"22":0.003773,"23":null,"24":null,"25":null,"26":null,"27":0.003773,"28":null,"29":0.003773,"30":null,"31":0.011319,"32":0.026411,"33":0.007546,"34":0.011319,"35":0.049049,"36":0.003773,"37":0.033957,"38":0.033957,"39":0.018865,"40":0.015092,"41":0.045276,"42":0.007546,"43":0.083006,"44":0.033957,"45":0.079233,"46":0.022638,"47":0.166012,"48":0.124509,"49":0.147147,"50":0.305613,"51":4.206895,"52":0.373527,"53":0.003773,"54":0.007546},"opera":{"9":null,"9.5-9.6":null,"10.0-10.1":0,"10.5":null,"10.6":null,"11":null,"11.1":null,"11.5":null,"11.6":0.003773,"12":0.003773,"12.1":0.045276,"15":null,"16":null,"17":null,"18":null,"19":null,"20":null,"21":null,"22":null,"23":null,"24":null,"25":null,"26":null,"27":null,"28":null,"29":null,"30":null,"31":0.015092,"32":null,"33":null,"34":null,"35":null,"36":0.011319,"37":0.015092,"38":0.007546,"39":0.015092,"40":0.011319,"41":0.007546,"42":0.335797,"43":0.569723,"44":null,"45":null},"safari":{"3.1":null,"3.2":null,"4":0,"5":0.007546,"5.1":0.067914,"6":null,"6.1":0.007546,"7":0.003773,"7.1":0.022638,"8":0.064141,"9":0.181104,"9.1":0.260337,"10":0.67914,"10.1":0.007546,"0":null},"ios_saf":{"3.2":0,"4.0-4.1":0,"4.2-4.3":0,"5.0-5.1":0,"6.0-6.1":0.0165628289655,"7.0-7.1":0.0731264524138,"8":0,"8.1-8.4":0.09968948,"9.0-9.2":0.0196878910345,"9.3":0.270317868966,"10.0-10.2":2.46598647862},"android":{"2.1":0,"2.2":0,"2.3":0,"3":0,"4":0.113579209184,"4.1":0.340737627551,"4.2-4.3":1.09717516071,"4.4":2.42378032398,"4.4.3-4.4.4":1.36749367857,"53":null},"ie":{"5.5":null,"6":0.00392297280335,"7":0.01176891841,"8":0.396220253138,"9":0.325606742678,"10":0.427604035565,"11":4.46042007741},"op_mob":{"10":0,"11":0,"11.1":0,"11.5":0,"12":0,"12.1":0,"0":0.0395781593886},"edge":{"12":0.249018,"13":0.573496,"14":1.275274,"15":null},"bb":{"7":0.099632,"10":null},"ie_mob":{"10":0.237230563107,"11":1.12025543689},"and_ff":{"0":0.006227},"and_qq":{"1.2":null},"samsung":{"0":7.553351},"and_uc":{"0":5.099913},"op_mini":{"0":18.0872188406},"and_chr":{"0":21.677932}},"total":97.762454}