{"id":"NC","name":"New Caledonia","month":"2017-02","access_date":"2017-03-03","data":{"chrome":{"4":null,"5":null,"6":null,"7":null,"8":null,"9":null,"10":null,"11":null,"12":null,"13":null,"14":null,"15":null,"16":null,"17":null,"18":null,"19":null,"20":null,"21":null,"22":0.006385,"23":null,"24":null,"25":0.02554,"26":null,"27":null,"28":null,"29":null,"30":null,"31":null,"32":0.19155,"33":null,"34":0.031925,"35":0.006385,"36":0.581035,"37":null,"38":0.019155,"39":0.01277,"40":0.01277,"41":null,"42":null,"43":0.031925,"44":0.01277,"45":0.02554,"46":0.019155,"47":0.108545,"48":0.08939,"49":1.48132,"50":0.019155,"51":0.083005,"52":0.02554,"53":0.134085,"54":0.15324,"55":7.336365,"56":23.630885,"57":0.19155,"58":0.019155,"59":null},"firefox":{"2":null,"3":null,"3.5":null,"3.6":0.01277,"4":null,"5":null,"6":null,"7":null,"8":null,"9":null,"10":null,"11":null,"12":null,"13":null,"14":0.044695,"15":null,"16":null,"17":0.031925,"18":null,"19":null,"20":null,"21":null,"22":null,"23":null,"24":0.03831,"25":0.006385,"26":null,"27":0.006385,"28":null,"29":0.01277,"30":null,"31":null,"32":null,"33":0.006385,"34":null,"35":0.01277,"36":0.006385,"37":0.070235,"38":0.031925,"39":0.019155,"40":0.02554,"41":0.39587,"42":0.02554,"43":0.05108,"44":0.03831,"45":0.65127,"46":0.03831,"47":0.2554,"48":0.683195,"49":0.134085,"50":0.619345,"51":10.22877,"52":0.02554,"53":0.02554,"54":null},"opera":{"9":null,"9.5-9.6":null,"10.0-10.1":0,"10.5":null,"10.6":null,"11":null,"11.1":null,"11.5":null,"11.6":null,"12":null,"12.1":0.03831,"15":null,"16":null,"17":null,"18":null,"19":null,"20":null,"21":null,"22":null,"23":null,"24":null,"25":null,"26":null,"27":null,"28":null,"29":null,"30":null,"31":null,"32":null,"33":null,"34":null,"35":null,"36":0.01277,"37":null,"38":null,"39":null,"40":null,"41":null,"42":0.083005,"43":0.1277,"44":null,"45":null},"safari":{"3.1":null,"3.2":null,"4":0.006385,"5":0.057465,"5.1":0.210705,"6":null,"6.1":0.20432,"7":0.006385,"7.1":0.01277,"8":0.20432,"9":0.146855,"9.1":1.31531,"10":3.811845,"10.1":0.01277,"0":null},"ios_saf":{"3.2":0,"4.0-4.1":0,"4.2-4.3":0,"5.0-5.1":0,"6.0-6.1":0.0581230896552,"7.0-7.1":0.256618924138,"8":0,"8.1-8.4":0.3498352,"9.0-9.2":0.0690897103448,"9.3":0.948612689655,"10.0-10.2":8.65376038621},"android":{"2.1":0,"2.2":0,"2.3":0,"3":0,"4":0.0416409013605,"4.1":0.124922704082,"4.2-4.3":0.402251107143,"4.4":0.888616835034,"4.4.3-4.4.4":0.501356452381,"53":null},"ie":{"5.5":null,"6":null,"7":0.006385,"8":0.37033,"9":0.057465,"10":0.095775,"11":4.44396},"op_mob":{"10":0,"11":0,"11.1":0,"11.5":0,"12":0,"12.1":0,"0":0.000315633187773},"edge":{"12":0.10216,"13":0.14047,"14":3.020105,"15":null},"bb":{"7":0.0063245,"10":null},"ie_mob":{"10":0.0606309902913,"11":0.286313009709},"and_ff":{"0":0.057824},"and_qq":{"1.2":null},"samsung":{"0":4.347642},"and_uc":{"0":0.097578},"op_mini":{"0":0.144244366812},"and_chr":{"0":18.993881}},"total":98.5241765}