{"id":"NF","name":"Norfolk Island","month":"2017-02","access_date":"2017-03-03","data":{"chrome":{"4":null,"5":null,"6":null,"7":null,"8":null,"9":null,"10":null,"11":null,"12":null,"13":null,"14":null,"15":null,"16":null,"17":null,"18":null,"19":null,"20":null,"21":null,"22":null,"23":null,"24":null,"25":null,"26":null,"27":null,"28":null,"29":0.987907,"30":null,"31":null,"32":null,"33":null,"34":null,"35":null,"36":null,"37":null,"38":null,"39":null,"40":null,"41":0.281229,"42":null,"43":null,"44":null,"45":null,"46":null,"47":null,"48":null,"49":null,"50":null,"51":null,"52":1.687374,"53":null,"54":5.069333,"55":7.182156,"56":26.760021,"57":null,"58":null,"59":null},"firefox":{"2":null,"3":null,"3.5":null,"3.6":null,"4":null,"5":null,"6":null,"7":null,"8":null,"9":null,"10":null,"11":null,"12":null,"13":null,"14":null,"15":null,"16":null,"17":null,"18":null,"19":null,"20":null,"21":null,"22":null,"23":null,"24":null,"25":null,"26":null,"27":null,"28":null,"29":null,"30":null,"31":null,"32":null,"33":null,"34":null,"35":null,"36":0.14422,"37":null,"38":null,"39":null,"40":null,"41":0.281229,"42":null,"43":null,"44":null,"45":null,"46":null,"47":0.562458,"48":0.425449,"49":3.237739,"50":4.788104,"51":8.732521,"52":null,"53":null,"54":null},"opera":{"9":null,"9.5-9.6":null,"10.0-10.1":0,"10.5":null,"10.6":null,"11":null,"11.1":null,"11.5":null,"11.6":null,"12":0.14422,"12.1":0.14422,"15":null,"16":null,"17":null,"18":null,"19":null,"20":null,"21":null,"22":null,"23":null,"24":null,"25":null,"26":null,"27":null,"28":0.14422,"29":null,"30":null,"31":null,"32":null,"33":null,"34":null,"35":null,"36":null,"37":null,"38":null,"39":null,"40":null,"41":null,"42":null,"43":null,"44":null,"45":null},"safari":{"3.1":null,"3.2":null,"4":0,"5":null,"5.1":null,"6":null,"6.1":null,"7":null,"7.1":null,"8":null,"9":null,"9.1":null,"10":null,"10.1":null,"0":null},"ios_saf":{"3.2":0,"4.0-4.1":0,"4.2-4.3":0,"5.0-5.1":0,"6.0-6.1":0.0361845423873,"7.0-7.1":0.159758168276,"8":0,"8.1-8.4":0.217789981538,"9.0-9.2":0.0430118145358,"9.3":0.590559040849,"10.0-10.2":5.38740045241},"android":{"2.1":0,"2.2":0,"2.3":0,"3":0,"4":0.017543537415,"4.1":0.0526306122449,"4.2-4.3":0.169470571429,"4.4":0.374379088435,"4.4.3-4.4.4":0.211224190476,"53":null},"ie":{"5.5":null,"6":null,"7":null,"8":0.425449,"9":null,"10":0.281229,"11":10.564115},"op_mob":{"10":0,"11":0,"11.1":0,"11.5":0,"12":0,"12.1":0,"0":0},"edge":{"12":null,"13":null,"14":null,"15":null},"bb":{"7":0.165189,"10":null},"ie_mob":{"10":1.18200372816,"11":5.58168427184},"and_ff":{"0":null},"and_qq":{"1.2":null},"samsung":{"0":1.486004},"and_uc":{"0":null},"op_mini":{"0":0},"and_chr":{"0":11.856608}},"total":99.374634}