{"id":"NI","name":"Nicaragua","month":"2017-02","access_date":"2017-03-03","data":{"chrome":{"4":null,"5":null,"6":null,"7":null,"8":null,"9":null,"10":null,"11":0.045081,"12":null,"13":null,"14":null,"15":null,"16":null,"17":null,"18":0.020036,"19":null,"20":null,"21":0.020036,"22":0.010018,"23":0.010018,"24":null,"25":null,"26":0.030054,"27":0.015027,"28":null,"29":0.020036,"30":0.005009,"31":0.040072,"32":0.015027,"33":0.005009,"34":0.010018,"35":0.025045,"36":0.070126,"37":0.030054,"38":0.035063,"39":0.05009,"40":0.025045,"41":0.030054,"42":0.010018,"43":0.095171,"44":0.035063,"45":0.05009,"46":0.035063,"47":0.060108,"48":0.065117,"49":1.046881,"50":0.080144,"51":0.20036,"52":0.115207,"53":0.305549,"54":0.280504,"55":8.249823,"56":26.357358,"57":0.110198,"58":0.015027,"59":null},"firefox":{"2":null,"3":0.015027,"3.5":null,"3.6":0.015027,"4":null,"5":null,"6":null,"7":null,"8":null,"9":null,"10":null,"11":null,"12":null,"13":null,"14":null,"15":null,"16":null,"17":null,"18":null,"19":0.005009,"20":0.005009,"21":0.015027,"22":0.005009,"23":null,"24":null,"25":null,"26":0.010018,"27":0.005009,"28":null,"29":0.005009,"30":0.005009,"31":0.010018,"32":0.010018,"33":0.030054,"34":0.010018,"35":0.015027,"36":0.025045,"37":0.015027,"38":0.05009,"39":0.110198,"40":0.035063,"41":0.020036,"42":0.055099,"43":0.135243,"44":0.015027,"45":0.060108,"46":0.030054,"47":0.255459,"48":0.135243,"49":0.125225,"50":0.265477,"51":4.392893,"52":0.060108,"53":0.005009,"54":null},"opera":{"9":null,"9.5-9.6":null,"10.0-10.1":0,"10.5":null,"10.6":null,"11":null,"11.1":null,"11.5":null,"11.6":null,"12":null,"12.1":0.010018,"15":null,"16":null,"17":null,"18":null,"19":null,"20":null,"21":null,"22":null,"23":null,"24":null,"25":null,"26":null,"27":null,"28":0.010018,"29":0.025045,"30":null,"31":null,"32":0.005009,"33":0.010018,"34":null,"35":null,"36":0.010018,"37":0.025045,"38":0.015027,"39":null,"40":0.010018,"41":0.015027,"42":0.125225,"43":0.285513,"44":null,"45":null},"safari":{"3.1":null,"3.2":null,"4":0.005009,"5":0.005009,"5.1":0.020036,"6":0.010018,"6.1":0.025045,"7":null,"7.1":null,"8":0.065117,"9":0.095171,"9.1":0.370666,"10":0.956719,"10.1":0.005009,"0":null},"ios_saf":{"3.2":0,"4.0-4.1":0,"4.2-4.3":0,"5.0-5.1":0,"6.0-6.1":0.0140302387268,"7.0-7.1":0.0619448275862,"8":0,"8.1-8.4":0.0844461538462,"9.0-9.2":0.0166774535809,"9.3":0.228984084881,"10.0-10.2":2.08891724138},"android":{"2.1":0,"2.2":0,"2.3":0,"3":0,"4":0.128568877551,"4.1":0.385706632653,"4.2-4.3":1.24197535714,"4.4":2.74365984694,"4.4.3-4.4.4":1.54796928571,"53":null},"ie":{"5.5":null,"6":null,"7":null,"8":0.247278834532,"9":0.163098805755,"10":0.136792546763,"11":0.91545781295},"op_mob":{"10":0,"11":0,"11.1":0,"11.5":0,"12":0,"12.1":0,"0":0.0103395414847},"edge":{"12":0.110198,"13":0.140252,"14":0.515927,"15":null},"bb":{"7":0.01996,"10":null},"ie_mob":{"10":0.170047572816,"11":0.803002427184},"and_ff":{"0":0.02994},"and_qq":{"1.2":null},"samsung":{"0":3.66266},"and_uc":{"0":1.38722},"op_mini":{"0":4.72517045852},"and_chr":{"0":31.792456}},"total":99.049752}