{"id":"NL","name":"Netherlands","month":"2017-02","access_date":"2017-03-03","data":{"chrome":{"4":null,"5":null,"6":null,"7":null,"8":null,"9":null,"10":null,"11":0.011406,"12":null,"13":null,"14":null,"15":null,"16":null,"17":null,"18":0.017109,"19":null,"20":null,"21":null,"22":0.005703,"23":null,"24":0.011406,"25":null,"26":null,"27":null,"28":0.005703,"29":0.011406,"30":null,"31":0.022812,"32":0.017109,"33":0.005703,"34":0.017109,"35":0.022812,"36":0.034218,"37":0.028515,"38":0.034218,"39":0.034218,"40":0.017109,"41":0.051327,"42":0.039921,"43":0.068436,"44":0.039921,"45":0.034218,"46":0.028515,"47":0.039921,"48":0.148278,"49":0.804123,"50":0.096951,"51":0.34218,"52":0.102654,"53":0.125466,"54":0.205308,"55":6.940551,"56":19.681053,"57":0.102654,"58":0.028515,"59":null},"firefox":{"2":null,"3":null,"3.5":null,"3.6":null,"4":null,"5":null,"6":null,"7":null,"8":null,"9":null,"10":null,"11":null,"12":null,"13":null,"14":null,"15":null,"16":0.005703,"17":null,"18":null,"19":null,"20":null,"21":null,"22":null,"23":null,"24":0.005703,"25":null,"26":null,"27":null,"28":null,"29":0.005703,"30":0.028515,"31":0.017109,"32":0.011406,"33":0.005703,"34":0.005703,"35":0.011406,"36":0.011406,"37":0.011406,"38":0.062733,"39":0.017109,"40":0.017109,"41":0.051327,"42":0.034218,"43":0.05703,"44":0.051327,"45":0.558894,"46":0.051327,"47":0.211011,"48":0.233823,"49":0.096951,"50":0.382101,"51":5.703,"52":0.05703,"53":0.011406,"54":null},"opera":{"9":null,"9.5-9.6":null,"10.0-10.1":0,"10.5":null,"10.6":null,"11":null,"11.1":null,"11.5":null,"11.6":null,"12":null,"12.1":0.022812,"15":null,"16":null,"17":null,"18":null,"19":null,"20":null,"21":null,"22":null,"23":null,"24":null,"25":null,"26":null,"27":null,"28":null,"29":null,"30":null,"31":null,"32":null,"33":null,"34":null,"35":null,"36":0.017109,"37":0.005703,"38":0.034218,"39":null,"40":null,"41":0.017109,"42":0.393507,"43":0.804123,"44":0.062733,"45":null},"safari":{"3.1":null,"3.2":null,"4":0,"5":0.028515,"5.1":0.079842,"6":0.011406,"6.1":0.051327,"7":0.022812,"7.1":0.005703,"8":0.142575,"9":0.17109,"9.1":0.74139,"10":3.490236,"10.1":0.022812,"0":null},"ios_saf":{"3.2":0,"4.0-4.1":0,"4.2-4.3":0,"5.0-5.1":0,"6.0-6.1":0.0894015921485,"7.0-7.1":0.394716463448,"8":0,"8.1-8.4":0.538096375385,"9.0-9.2":0.106269817082,"9.3":1.45910145676,"10.0-10.2":13.3107162952},"android":{"2.1":0,"2.2":0,"2.3":0,"3":0,"4":0.0217458333333,"4.1":0.0652375,"4.2-4.3":0.21006475,"4.4":0.464056083333,"4.4.3-4.4.4":0.261819833333,"53":null},"ie":{"5.5":null,"6":0.0114517459893,"7":0.0114517459893,"8":0.120243332888,"9":0.257664284759,"10":0.166050316845,"11":7.99904457353},"op_mob":{"10":0,"11":0,"11.1":0,"11.5":0,"12":0,"12.1":0,"0":0.000563056768559},"edge":{"12":0.074139,"13":0.28515,"14":4.043427,"15":null},"bb":{"7":0.006447,"10":null},"ie_mob":{"10":0.0488219417476,"11":0.230548058252},"and_ff":{"0":0.051576},"and_qq":{"1.2":null},"samsung":{"0":6.528662},"and_uc":{"0":0.872494},"op_mini":{"0":0.257316943231},"and_chr":{"0":17.891993}},"total":98.795999}