{"id":"NO","name":"Norway","month":"2017-02","access_date":"2017-03-03","data":{"chrome":{"4":null,"5":null,"6":null,"7":null,"8":0.012932,"9":null,"10":null,"11":null,"12":null,"13":null,"14":null,"15":null,"16":null,"17":null,"18":null,"19":null,"20":null,"21":null,"22":0.006466,"23":null,"24":null,"25":null,"26":null,"27":0.006466,"28":null,"29":0.012932,"30":null,"31":0.019398,"32":0.012932,"33":null,"34":0.025864,"35":0.019398,"36":0.051728,"37":0.019398,"38":0.03233,"39":0.03233,"40":0.012932,"41":0.058194,"42":0.006466,"43":0.038796,"44":0.045262,"45":0.038796,"46":0.058194,"47":0.058194,"48":0.058194,"49":0.704794,"50":0.051728,"51":0.206912,"52":0.103456,"53":0.174582,"54":0.368562,"55":9.841252,"56":22.837912,"57":0.103456,"58":0.045262,"59":null},"firefox":{"2":null,"3":null,"3.5":null,"3.6":0.025864,"4":null,"5":null,"6":null,"7":null,"8":null,"9":null,"10":null,"11":null,"12":null,"13":null,"14":null,"15":null,"16":null,"17":null,"18":null,"19":null,"20":null,"21":0.03233,"22":null,"23":null,"24":null,"25":null,"26":null,"27":null,"28":0.006466,"29":null,"30":null,"31":0.006466,"32":null,"33":0.006466,"34":null,"35":0.006466,"36":0.006466,"37":0.071126,"38":0.019398,"39":0.012932,"40":0.006466,"41":0.012932,"42":0.012932,"43":0.025864,"44":0.012932,"45":0.187514,"46":0.03233,"47":0.071126,"48":0.181048,"49":0.077592,"50":0.400892,"51":4.94649,"52":0.03233,"53":null,"54":null},"opera":{"9":null,"9.5-9.6":null,"10.0-10.1":0,"10.5":0.012932,"10.6":null,"11":null,"11.1":null,"11.5":null,"11.6":null,"12":null,"12.1":0.09699,"15":null,"16":null,"17":null,"18":null,"19":null,"20":null,"21":null,"22":null,"23":null,"24":null,"25":null,"26":null,"27":null,"28":0.038796,"29":null,"30":null,"31":null,"32":null,"33":null,"34":null,"35":null,"36":0.025864,"37":null,"38":0.012932,"39":null,"40":null,"41":null,"42":0.588406,"43":0.627202,"44":null,"45":null},"safari":{"3.1":null,"3.2":null,"4":0,"5":0.019398,"5.1":0.06466,"6":null,"6.1":0.045262,"7":0.03233,"7.1":0.006466,"8":0.316834,"9":0.245708,"9.1":1.894538,"10":4.545598,"10.1":0.03233,"0":null},"ios_saf":{"3.2":0,"4.0-4.1":0,"4.2-4.3":0,"5.0-5.1":0,"6.0-6.1":0.100218990557,"7.0-7.1":0.442476297931,"8":0,"8.1-8.4":0.603204867692,"9.0-9.2":0.119128234058,"9.3":1.63564956286,"10.0-10.2":14.9212840469},"android":{"2.1":0,"2.2":0,"2.3":0,"3":0,"4":0.00961632653061,"4.1":0.0288489795918,"4.2-4.3":0.0928937142857,"4.4":0.205212408163,"4.4.3-4.4.4":0.115780571429,"53":null},"ie":{"5.5":null,"6":0.0129483179811,"7":0.00647415899054,"8":0.103586543849,"9":0.135957338801,"10":0.155379815773,"11":9.84719582461},"op_mob":{"10":0,"11":0,"11.1":0,"11.5":0,"12":0,"12.1":0,"0":0.00208336244541},"edge":{"12":0.051728,"13":0.310368,"14":3.336456,"15":null},"bb":{"7":0.0079515,"10":null},"ie_mob":{"10":0.0401434951456,"11":0.189566504854},"and_ff":{"0":0.03534},"and_qq":{"1.2":null},"samsung":{"0":4.163052},"and_uc":{"0":0.05301},"op_mini":{"0":0.952096637555},"and_chr":{"0":11.435344}},"total":98.9787875}