{"id":"NP","name":"Nepal","month":"2017-02","access_date":"2017-03-03","data":{"chrome":{"4":0.007618,"5":0.011427,"6":0.007618,"7":0.007618,"8":0.003809,"9":0.003809,"10":0.007618,"11":0.03809,"12":0.045708,"13":0.007618,"14":0.007618,"15":0.007618,"16":0.007618,"17":0.041899,"18":0.011427,"19":0.068562,"20":0.026663,"21":0.007618,"22":0.030472,"23":0.011427,"24":0.03809,"25":0.030472,"26":0.022854,"27":0.030472,"28":0.064753,"29":0.03809,"30":0.110461,"31":0.224731,"32":0.453271,"33":0.15236,"34":0.011427,"35":0.003809,"36":0.171405,"37":0.003809,"38":0.015236,"39":0.019045,"40":0.011427,"41":0.007618,"42":0.007618,"43":0.182832,"44":0.026663,"45":0.019045,"46":0.019045,"47":0.03809,"48":0.030472,"49":0.944632,"50":0.03809,"51":0.159978,"52":0.118079,"53":0.384709,"54":0.118079,"55":5.119296,"56":17.837547,"57":0.159978,"58":0.232349,"59":null},"firefox":{"2":null,"3":0.049517,"3.5":null,"3.6":0.011427,"4":0.007618,"5":0.003809,"6":0.007618,"7":null,"8":null,"9":0.007618,"10":0.003809,"11":0.015236,"12":0.026663,"13":0.007618,"14":0.015236,"15":0.011427,"16":0.015236,"17":0.011427,"18":null,"19":0.007618,"20":0.003809,"21":0.015236,"22":0.007618,"23":0.007618,"24":null,"25":0.007618,"26":0.007618,"27":0.007618,"28":0.007618,"29":0.030472,"30":0.015236,"31":0.03809,"32":0.026663,"33":0.019045,"34":0.022854,"35":0.019045,"36":0.015236,"37":0.019045,"38":0.022854,"39":0.034281,"40":0.019045,"41":0.019045,"42":0.019045,"43":0.133315,"44":0.087607,"45":0.060944,"46":0.030472,"47":0.297102,"48":0.133315,"49":0.106652,"50":0.274248,"51":4.692688,"52":0.967486,"53":0.015236,"54":0.003809},"opera":{"9":null,"9.5-9.6":null,"10.0-10.1":0,"10.5":null,"10.6":null,"11":0.003809,"11.1":null,"11.5":null,"11.6":0.003809,"12":null,"12.1":0.015236,"15":null,"16":null,"17":null,"18":0.003809,"19":null,"20":null,"21":null,"22":null,"23":null,"24":null,"25":null,"26":null,"27":null,"28":null,"29":null,"30":null,"31":null,"32":null,"33":null,"34":null,"35":null,"36":0.022854,"37":0.007618,"38":0.011427,"39":0.003809,"40":0.003809,"41":0.007618,"42":0.217113,"43":0.369473,"44":null,"45":null},"safari":{"3.1":null,"3.2":null,"4":0,"5":null,"5.1":0.007618,"6":null,"6.1":0.007618,"7":0.007618,"7.1":null,"8":0.022854,"9":0.019045,"9.1":0.07618,"10":0.331383,"10.1":null,"0":null},"ios_saf":{"3.2":0,"4.0-4.1":0,"4.2-4.3":0,"5.0-5.1":0,"6.0-6.1":0.0237432239788,"7.0-7.1":0.104828573793,"8":0,"8.1-8.4":0.142907329231,"9.0-9.2":0.0282230775597,"9.3":0.387507334748,"10.0-10.2":3.53505246069},"android":{"2.1":0,"2.2":0,"2.3":0,"3":0,"4":0.0792300595238,"4.1":0.237690178571,"4.2-4.3":0.765362375,"4.4":1.69076947024,"4.4.3-4.4.4":0.953929916667,"53":null},"ie":{"5.5":null,"6":0.00393944520548,"7":null,"8":0.126062246575,"9":0.0275761164384,"10":0.0512127876712,"11":0.36636840411},"op_mob":{"10":0,"11":0,"11.1":0,"11.5":0,"12":0,"12.1":0,"0":0.0306170633188},"edge":{"12":0.099034,"13":0.087607,"14":0.232349,"15":null},"bb":{"7":0.006191,"10":null},"ie_mob":{"10":0.0486865048544,"11":0.229908495146},"and_ff":{"0":0.012382},"and_qq":{"1.2":null},"samsung":{"0":2.247333},"and_uc":{"0":8.147356},"op_mini":{"0":13.9919979367},"and_chr":{"0":29.28332}},"total":98.681032}