{"id":"NR","name":"Nauru","month":"2017-02","access_date":"2017-03-03","data":{"chrome":{"4":null,"5":null,"6":null,"7":null,"8":null,"9":null,"10":null,"11":0.027024,"12":null,"13":null,"14":null,"15":null,"16":null,"17":null,"18":null,"19":null,"20":null,"21":null,"22":null,"23":null,"24":null,"25":null,"26":null,"27":0.018016,"28":0.027024,"29":null,"30":null,"31":null,"32":null,"33":null,"34":null,"35":0.063056,"36":0.009008,"37":null,"38":null,"39":null,"40":null,"41":0.027024,"42":null,"43":null,"44":null,"45":null,"46":null,"47":null,"48":null,"49":0.04504,"50":null,"51":null,"52":0.018016,"53":null,"54":0.04504,"55":0.864768,"56":2.828512,"57":null,"58":null,"59":null},"firefox":{"2":null,"3":null,"3.5":null,"3.6":null,"4":null,"5":null,"6":null,"7":null,"8":null,"9":null,"10":null,"11":null,"12":null,"13":null,"14":1.747552,"15":null,"16":null,"17":null,"18":null,"19":null,"20":null,"21":0.04504,"22":2.909584,"23":null,"24":null,"25":null,"26":null,"27":0.018016,"28":null,"29":null,"30":null,"31":null,"32":null,"33":null,"34":null,"35":null,"36":null,"37":0.027024,"38":0.027024,"39":null,"40":null,"41":null,"42":null,"43":null,"44":null,"45":null,"46":null,"47":null,"48":0.018016,"49":null,"50":null,"51":4.576064,"52":null,"53":null,"54":null},"opera":{"9":null,"9.5-9.6":null,"10.0-10.1":0,"10.5":null,"10.6":null,"11":null,"11.1":null,"11.5":null,"11.6":null,"12":0.009008,"12.1":0.009008,"15":null,"16":null,"17":null,"18":null,"19":null,"20":null,"21":null,"22":null,"23":null,"24":null,"25":null,"26":null,"27":null,"28":0.018016,"29":null,"30":null,"31":null,"32":null,"33":null,"34":null,"35":null,"36":null,"37":null,"38":null,"39":null,"40":null,"41":null,"42":null,"43":null,"44":null,"45":null},"safari":{"3.1":null,"3.2":null,"4":0,"5":null,"5.1":null,"6":null,"6.1":null,"7":null,"7.1":null,"8":null,"9":0.009008,"9.1":0.009008,"10":0.198176,"10.1":null,"0":null},"ios_saf":{"3.2":0,"4.0-4.1":0,"4.2-4.3":0,"5.0-5.1":0,"6.0-6.1":0.00127186503979,"7.0-7.1":0.00561540413793,"8":0,"8.1-8.4":0.00765518769231,"9.0-9.2":0.0015118395756,"9.3":0.0207577973475,"10.0-10.2":0.189363906207},"android":{"2.1":0,"2.2":0,"2.3":0,"3":0,"4":0.0117462585034,"4.1":0.0352387755102,"4.2-4.3":0.113468857143,"4.4":0.250665156463,"4.4.3-4.4.4":0.141424952381,"53":null},"ie":{"5.5":null,"6":null,"7":null,"8":13.124656,"9":2.324064,"10":0.036032,"11":60.44368},"op_mob":{"10":0,"11":0,"11.1":0,"11.5":0,"12":0,"12.1":0,"0":0.00158546724891},"edge":{"12":0.054048,"13":0.117104,"14":0.189168,"15":null},"bb":{"7":0.002976,"10":null},"ie_mob":{"10":0.0428197281553,"11":0.202204271845},"and_ff":{"0":0.006944},"and_qq":{"1.2":null},"samsung":{"0":0.432512},"and_uc":{"0":1.804448},"op_mini":{"0":0.724558532751},"and_chr":{"0":5.944384}},"total":99.822976}