{"id":"NU","name":"Niue","month":"2017-02","access_date":"2017-03-03","data":{"chrome":{"4":null,"5":null,"6":null,"7":null,"8":null,"9":null,"10":null,"11":null,"12":null,"13":null,"14":null,"15":null,"16":null,"17":null,"18":null,"19":null,"20":null,"21":null,"22":null,"23":null,"24":null,"25":null,"26":null,"27":null,"28":null,"29":6.5736,"30":null,"31":null,"32":null,"33":null,"34":null,"35":null,"36":null,"37":null,"38":null,"39":null,"40":null,"41":0.2075,"42":null,"43":null,"44":null,"45":null,"46":null,"47":null,"48":null,"49":0.747,"50":null,"51":null,"52":0.2739,"53":0.0664,"54":1.6683,"55":7.1878,"56":14.4503,"57":null,"58":null,"59":null},"firefox":{"2":null,"3":null,"3.5":null,"3.6":null,"4":null,"5":null,"6":null,"7":null,"8":null,"9":null,"10":null,"11":null,"12":null,"13":null,"14":null,"15":null,"16":null,"17":2.5564,"18":null,"19":null,"20":null,"21":0.2739,"22":null,"23":null,"24":null,"25":null,"26":null,"27":null,"28":null,"29":0.0332,"30":null,"31":null,"32":null,"33":null,"34":null,"35":null,"36":0.0332,"37":null,"38":null,"39":null,"40":null,"41":null,"42":null,"43":null,"44":null,"45":0.0332,"46":null,"47":1.2616,"48":0.4399,"49":0.581,"50":2.8303,"51":25.896,"52":0.0332,"53":null,"54":null},"opera":{"9":null,"9.5-9.6":null,"10.0-10.1":0,"10.5":null,"10.6":null,"11":null,"11.1":null,"11.5":null,"11.6":null,"12":null,"12.1":0.0332,"15":null,"16":null,"17":null,"18":null,"19":null,"20":null,"21":null,"22":null,"23":null,"24":null,"25":null,"26":null,"27":null,"28":0.0664,"29":null,"30":null,"31":null,"32":null,"33":null,"34":null,"35":null,"36":null,"37":null,"38":null,"39":null,"40":null,"41":null,"42":0.0664,"43":null,"44":null,"45":null},"safari":{"3.1":null,"3.2":null,"4":0,"5":null,"5.1":null,"6":null,"6.1":null,"7":null,"7.1":null,"8":null,"9":4.4654,"9.1":1.3944,"10":0.2407,"10.1":null,"0":null},"ios_saf":{"3.2":0,"4.0-4.1":0,"4.2-4.3":0,"5.0-5.1":0,"6.0-6.1":0.0114907374005,"7.0-7.1":0.0507326896552,"8":0,"8.1-8.4":0.0691612307692,"9.0-9.2":0.013658801061,"9.3":0.187537506631,"10.0-10.2":1.71081903448},"android":{"2.1":0,"2.2":0,"2.3":0,"3":0,"4":0.0226955782313,"4.1":0.0680867346939,"4.2-4.3":0.219239285714,"4.4":0.484323639456,"4.4.3-4.4.4":0.273254761905,"53":null},"ie":{"5.5":null,"6":null,"7":null,"8":null,"9":null,"10":0.0666094637224,"11":10.4909905363},"op_mob":{"10":0,"11":0,"11.1":0,"11.5":0,"12":0,"12.1":0,"0":0.000304366812227},"edge":{"12":null,"13":0.0332,"14":0.7138,"15":null},"bb":{"7":0.093075,"10":null},"ie_mob":{"10":0.0487223300971,"11":0.230077669903},"and_ff":{"0":0.0935},"and_qq":{"1.2":null},"samsung":{"0":1.5793},"and_uc":{"0":null},"op_mini":{"0":0.139095633188},"and_chr":{"0":11.2355}},"total":99.248375}