{"id":"OM","name":"Oman","month":"2017-02","access_date":"2017-03-03","data":{"chrome":{"4":null,"5":0.002668,"6":null,"7":null,"8":null,"9":0.001334,"10":null,"11":0.010672,"12":0.001334,"13":null,"14":0.002668,"15":null,"16":0.001334,"17":null,"18":0.001334,"19":null,"20":0.00667,"21":0.002668,"22":0.008004,"23":0.005336,"24":null,"25":0.004002,"26":0.002668,"27":0.004002,"28":0.008004,"29":0.012006,"30":0.009338,"31":0.01334,"32":0.016008,"33":0.014674,"34":0.009338,"35":0.005336,"36":0.054694,"37":0.001334,"38":0.024012,"39":0.009338,"40":0.005336,"41":0.009338,"42":0.00667,"43":0.070702,"44":0.018676,"45":0.008004,"46":0.00667,"47":0.016008,"48":0.017342,"49":0.312156,"50":0.028014,"51":0.02668,"52":0.041354,"53":0.092046,"54":0.038686,"55":1.735534,"56":5.72286,"57":0.057362,"58":0.02668,"59":null},"firefox":{"2":null,"3":null,"3.5":null,"3.6":0.004002,"4":null,"5":null,"6":null,"7":null,"8":0.002668,"9":null,"10":0.002668,"11":0.001334,"12":0.004002,"13":null,"14":null,"15":null,"16":0.005336,"17":null,"18":null,"19":null,"20":null,"21":null,"22":null,"23":0.008004,"24":null,"25":null,"26":null,"27":0.001334,"28":0.002668,"29":0.002668,"30":0.001334,"31":null,"32":null,"33":0.00667,"34":null,"35":null,"36":0.001334,"37":0.00667,"38":0.002668,"39":0.002668,"40":0.002668,"41":0.001334,"42":0.002668,"43":0.014674,"44":0.018676,"45":0.014674,"46":0.010672,"47":0.037352,"48":0.029348,"49":0.028014,"50":0.098716,"51":0.839086,"52":0.052026,"53":null,"54":null},"opera":{"9":null,"9.5-9.6":null,"10.0-10.1":0,"10.5":null,"10.6":null,"11":null,"11.1":null,"11.5":null,"11.6":null,"12":null,"12.1":null,"15":null,"16":null,"17":null,"18":null,"19":null,"20":null,"21":null,"22":null,"23":null,"24":null,"25":0.001334,"26":null,"27":null,"28":null,"29":null,"30":null,"31":null,"32":null,"33":0.002668,"34":null,"35":null,"36":0.001334,"37":0.00667,"38":null,"39":null,"40":null,"41":null,"42":0.04002,"43":0.070702,"44":null,"45":null},"safari":{"3.1":null,"3.2":null,"4":0.00667,"5":0.001334,"5.1":0.009338,"6":0.005336,"6.1":0.009338,"7":0.005336,"7.1":0.001334,"8":0.06003,"9":0.03335,"9.1":0.128064,"10":0.47357,"10.1":null,"0":null},"ios_saf":{"3.2":0,"4.0-4.1":0,"4.2-4.3":0,"5.0-5.1":0,"6.0-6.1":0.0156429345358,"7.0-7.1":0.0690650317241,"8":0,"8.1-8.4":0.0941527569231,"9.0-9.2":0.018594431618,"9.3":0.255304497613,"10.0-10.2":2.32902634759},"android":{"2.1":0,"2.2":0,"2.3":0,"3":0,"4":0.182199702381,"4.1":0.546599107143,"4.2-4.3":1.760049125,"4.4":3.88814164881,"4.4.3-4.4.4":2.19368441667,"53":null},"ie":{"5.5":null,"6":null,"7":null,"8":0.118886984407,"9":0.134916690169,"10":0.141595734237,"11":1.57491859119},"op_mob":{"10":0,"11":0,"11.1":0,"11.5":0,"12":0,"12.1":0,"0":0.000435192139738},"edge":{"12":0.036018,"13":0.074704,"14":0.317492,"15":null},"bb":{"7":0.021665,"10":null},"ie_mob":{"10":0.0196878058252,"11":0.0929701941748},"and_ff":{"0":null},"and_qq":{"1.2":null},"samsung":{"0":4.428326},"and_uc":{"0":0.207984},"op_mini":{"0":0.19888280786},"and_chr":{"0":69.738712}},"total":98.994253}