{"id":"PA","name":"Panama","month":"2017-02","access_date":"2017-03-03","data":{"chrome":{"4":null,"5":null,"6":null,"7":null,"8":null,"9":null,"10":null,"11":0.010402,"12":null,"13":null,"14":null,"15":null,"16":null,"17":null,"18":null,"19":null,"20":null,"21":0.005201,"22":0.010402,"23":null,"24":null,"25":0.010402,"26":0.010402,"27":null,"28":null,"29":null,"30":null,"31":0.036407,"32":0.031206,"33":null,"34":0.015603,"35":0.05201,"36":0.10402,"37":0.010402,"38":0.026005,"39":0.015603,"40":0.010402,"41":0.031206,"42":0.015603,"43":0.057211,"44":0.046809,"45":0.036407,"46":0.062412,"47":0.078015,"48":0.031206,"49":1.549898,"50":0.072814,"51":0.249648,"52":0.161231,"53":0.254849,"54":0.286055,"55":8.368409,"56":24.824373,"57":0.057211,"58":0.015603,"59":null},"firefox":{"2":null,"3":0.005201,"3.5":null,"3.6":0.015603,"4":null,"5":null,"6":null,"7":null,"8":null,"9":null,"10":null,"11":0.010402,"12":null,"13":null,"14":null,"15":null,"16":0.005201,"17":null,"18":null,"19":null,"20":null,"21":null,"22":null,"23":0.010402,"24":null,"25":null,"26":null,"27":null,"28":null,"29":null,"30":null,"31":null,"32":0.005201,"33":null,"34":null,"35":null,"36":null,"37":0.010402,"38":0.020804,"39":0.020804,"40":0.005201,"41":0.010402,"42":0.005201,"43":0.041608,"44":0.015603,"45":0.135226,"46":0.062412,"47":0.15603,"48":0.213241,"49":0.067613,"50":0.228844,"51":3.817534,"52":0.036407,"53":0.010402,"54":null},"opera":{"9":null,"9.5-9.6":null,"10.0-10.1":0,"10.5":null,"10.6":null,"11":null,"11.1":null,"11.5":null,"11.6":null,"12":null,"12.1":0.010402,"15":null,"16":null,"17":null,"18":null,"19":null,"20":null,"21":null,"22":null,"23":null,"24":null,"25":null,"26":null,"27":null,"28":null,"29":null,"30":null,"31":null,"32":null,"33":null,"34":0.020804,"35":null,"36":null,"37":null,"38":0.015603,"39":0.010402,"40":null,"41":null,"42":0.109221,"43":0.166432,"44":null,"45":null},"safari":{"3.1":null,"3.2":null,"4":0,"5":0.031206,"5.1":0.05201,"6":0.020804,"6.1":0.057211,"7":0.031206,"7.1":null,"8":0.270452,"9":0.291256,"9.1":0.93618,"10":2.829344,"10.1":0.005201,"0":null},"ios_saf":{"3.2":0,"4.0-4.1":0,"4.2-4.3":0,"5.0-5.1":0,"6.0-6.1":0.0287945091777,"7.0-7.1":0.127130474483,"8":0,"8.1-8.4":0.173310347692,"9.0-9.2":0.0342274354377,"9.3":0.469948121485,"10.0-10.2":4.28712211172},"android":{"2.1":0,"2.2":0,"2.3":0,"3":0,"4":0.08998125,"4.1":0.26994375,"4.2-4.3":0.869218875,"4.4":1.920199875,"4.4.3-4.4.4":1.08337425,"53":null},"ie":{"5.5":null,"6":null,"7":null,"8":0.219985759717,"9":0.151894929329,"10":0.146657173145,"11":2.41460560071},"op_mob":{"10":0,"11":0,"11.1":0,"11.5":0,"12":0,"12.1":0,"0":0.0020746768559},"edge":{"12":0.067613,"13":0.213241,"14":1.305451,"15":null},"bb":{"7":0.02039575,"10":null},"ie_mob":{"10":0.0536742524272,"11":0.253461747573},"and_ff":{"0":0.019196},"and_qq":{"1.2":null},"samsung":{"0":7.169706},"and_uc":{"0":0.23995},"op_mini":{"0":0.948127323144},"and_chr":{"0":30.161488}},"total":99.0556782129}