{"id":"PE","name":"Peru","month":"2017-02","access_date":"2017-03-03","data":{"chrome":{"4":null,"5":null,"6":null,"7":null,"8":null,"9":null,"10":null,"11":0.014214,"12":null,"13":null,"14":null,"15":null,"16":null,"17":null,"18":0.021321,"19":null,"20":0.028428,"21":null,"22":0.07107,"23":0.014214,"24":null,"25":0.028428,"26":0.049749,"27":0.014214,"28":null,"29":0.049749,"30":0.014214,"31":0.049749,"32":0.042642,"33":0.035535,"34":0.063963,"35":0.063963,"36":0.206103,"37":0.028428,"38":0.092391,"39":0.063963,"40":0.042642,"41":0.035535,"42":0.035535,"43":0.120819,"44":0.092391,"45":0.092391,"46":0.135033,"47":0.135033,"48":0.113712,"49":2.658018,"50":0.184782,"51":0.554346,"52":0.390885,"53":0.575667,"54":0.767556,"55":12.181398,"56":42.720177,"57":0.113712,"58":0.049749,"59":null},"firefox":{"2":null,"3":null,"3.5":null,"3.6":null,"4":null,"5":null,"6":null,"7":null,"8":null,"9":null,"10":null,"11":null,"12":null,"13":null,"14":null,"15":null,"16":null,"17":0.007107,"18":null,"19":null,"20":null,"21":null,"22":null,"23":null,"24":null,"25":null,"26":null,"27":null,"28":null,"29":0.007107,"30":null,"31":0.007107,"32":null,"33":null,"34":0.007107,"35":0.007107,"36":null,"37":0.014214,"38":0.021321,"39":0.021321,"40":0.021321,"41":0.014214,"42":0.014214,"43":0.07107,"44":0.014214,"45":0.049749,"46":0.028428,"47":0.149247,"48":0.099498,"49":0.07107,"50":0.191889,"51":2.750409,"52":0.021321,"53":null,"54":null},"opera":{"9":null,"9.5-9.6":null,"10.0-10.1":0,"10.5":null,"10.6":null,"11":null,"11.1":null,"11.5":null,"11.6":null,"12":null,"12.1":null,"15":null,"16":null,"17":null,"18":null,"19":null,"20":null,"21":null,"22":null,"23":null,"24":null,"25":null,"26":null,"27":null,"28":null,"29":null,"30":null,"31":null,"32":null,"33":null,"34":null,"35":null,"36":0.014214,"37":0.007107,"38":0.021321,"39":null,"40":null,"41":null,"42":0.120819,"43":0.227424,"44":null,"45":null},"safari":{"3.1":null,"3.2":null,"4":0,"5":null,"5.1":0.007107,"6":null,"6.1":null,"7":0.014214,"7.1":null,"8":0.078177,"9":0.07107,"9.1":0.220317,"10":0.56856,"10.1":null,"0":null},"ios_saf":{"3.2":0,"4.0-4.1":0,"4.2-4.3":0,"5.0-5.1":0,"6.0-6.1":0.0109610635544,"7.0-7.1":0.0483941296552,"8":0,"8.1-8.4":0.0659731938462,"9.0-9.2":0.0130291887533,"9.3":0.178892829708,"10.0-10.2":1.63195759448},"android":{"2.1":0,"2.2":0,"2.3":0,"3":0,"4":0.0330760204082,"4.1":0.0992280612245,"4.2-4.3":0.319514357143,"4.4":0.70584227551,"4.4.3-4.4.4":0.398235285714,"53":null},"ie":{"5.5":null,"6":null,"7":null,"8":0.256641666667,"9":0.095324047619,"10":0.161317619048,"11":1.33453666667},"op_mob":{"10":0,"11":0,"11.1":0,"11.5":0,"12":0,"12.1":0,"0":0.00420539737991},"edge":{"12":0.056856,"13":0.113712,"14":0.518811,"15":null},"bb":{"7":0.010845,"10":null},"ie_mob":{"10":0.148081631068,"11":0.699274368932},"and_ff":{"0":0.046272},"and_qq":{"1.2":null},"samsung":{"0":1.05558},"and_uc":{"0":0.182196},"op_mini":{"0":1.92186660262},"and_chr":{"0":21.881463}},"total":98.883171}