{"id":"PF","name":"French Polynesia","month":"2017-02","access_date":"2017-03-03","data":{"chrome":{"4":null,"5":null,"6":null,"7":null,"8":null,"9":null,"10":null,"11":0.010894,"12":null,"13":null,"14":null,"15":null,"16":null,"17":null,"18":null,"19":null,"20":null,"21":null,"22":0.021788,"23":null,"24":null,"25":null,"26":0.016341,"27":null,"28":null,"29":null,"30":null,"31":0.010894,"32":0.152516,"33":null,"34":0.010894,"35":0.005447,"36":1.154764,"37":0.010894,"38":0.021788,"39":0.010894,"40":0.016341,"41":0.016341,"42":0.005447,"43":0.119834,"44":0.038129,"45":0.065364,"46":0.065364,"47":0.010894,"48":0.049023,"49":0.936884,"50":0.032682,"51":0.179751,"52":0.027235,"53":0.299585,"54":0.070811,"55":4.913194,"56":14.467232,"57":0.087152,"58":0.081705,"59":null},"firefox":{"2":null,"3":0.016341,"3.5":null,"3.6":0.016341,"4":null,"5":0.038129,"6":null,"7":0.010894,"8":0.010894,"9":0.021788,"10":0.016341,"11":null,"12":0.059917,"13":null,"14":null,"15":0.005447,"16":0.010894,"17":0.038129,"18":null,"19":null,"20":null,"21":0.005447,"22":null,"23":null,"24":null,"25":null,"26":0.005447,"27":0.005447,"28":0.070811,"29":0.021788,"30":0.027235,"31":0.005447,"32":0.119834,"33":0.010894,"34":0.010894,"35":0.021788,"36":0.010894,"37":0.038129,"38":0.315926,"39":0.010894,"40":0.010894,"41":0.027235,"42":0.021788,"43":0.092599,"44":0.016341,"45":0.386737,"46":0.065364,"47":0.522912,"48":0.659087,"49":0.136175,"50":0.866073,"51":11.38423,"52":0.081705,"53":null,"54":null},"opera":{"9":null,"9.5-9.6":null,"10.0-10.1":0,"10.5":null,"10.6":null,"11":null,"11.1":null,"11.5":null,"11.6":null,"12":null,"12.1":null,"15":null,"16":null,"17":null,"18":null,"19":null,"20":null,"21":null,"22":null,"23":null,"24":null,"25":null,"26":null,"27":null,"28":0.005447,"29":null,"30":null,"31":null,"32":null,"33":null,"34":null,"35":null,"36":null,"37":null,"38":0.038129,"39":null,"40":null,"41":null,"42":0.441207,"43":0.827944,"44":null,"45":null},"safari":{"3.1":null,"3.2":null,"4":0.043576,"5":0.065364,"5.1":0.27235,"6":0.005447,"6.1":0.136175,"7":0.027235,"7.1":null,"8":0.141622,"9":0.392184,"9.1":0.827944,"10":2.930486,"10.1":0.087152,"0":null},"ios_saf":{"3.2":0,"4.0-4.1":0,"4.2-4.3":0,"5.0-5.1":0,"6.0-6.1":0.0661071446154,"7.0-7.1":0.29186928,"8":0,"8.1-8.4":0.397890172308,"9.0-9.2":0.0785801907692,"9.3":1.07891849231,"10.0-10.2":9.84248072},"android":{"2.1":0,"2.2":0,"2.3":0,"3":0,"4":0.0457816539116,"4.1":0.137344961735,"4.2-4.3":0.442250776786,"4.4":0.976980494473,"4.4.3-4.4.4":0.551211113095,"53":null},"ie":{"5.5":null,"6":null,"7":null,"8":0.081705,"9":0.076258,"10":0.141622,"11":5.959018},"op_mob":{"10":0,"11":0,"11.1":0,"11.5":0,"12":0,"12.1":0,"0":0.000308172489083},"edge":{"12":0.16341,"13":0.261456,"14":1.677676,"15":null},"bb":{"7":0.004553,"10":null},"ie_mob":{"10":0.105824097087,"11":0.499724902913},"and_ff":{"0":0.09106},"and_qq":{"1.2":null},"samsung":{"0":4.029405},"and_uc":{"0":0.218544},"op_mini":{"0":0.140834827511},"and_chr":{"0":27.035989}},"total":98.746277}