{"id":"PG","name":"Papua New Guinea","month":"2017-02","access_date":"2017-03-03","data":{"chrome":{"4":null,"5":null,"6":null,"7":null,"8":null,"9":null,"10":null,"11":0.016282,"12":0.003489,"13":null,"14":null,"15":null,"16":0.002326,"17":null,"18":0.002326,"19":null,"20":null,"21":null,"22":null,"23":0.002326,"24":null,"25":0.013956,"26":0.006978,"27":0.001163,"28":0.017445,"29":0.020934,"30":null,"31":0.109322,"32":0.055824,"33":0.003489,"34":null,"35":null,"36":null,"37":0.006978,"38":0.005815,"39":0.006978,"40":0.005815,"41":0.016282,"42":null,"43":0.041868,"44":0.022097,"45":0.01163,"46":0.005815,"47":0.017445,"48":0.015119,"49":0.161657,"50":0.063965,"51":0.124441,"52":0.074432,"53":0.047683,"54":0.063965,"55":1.008321,"56":3.404101,"57":0.010467,"58":0.009304,"59":null},"firefox":{"2":null,"3":0.083736,"3.5":null,"3.6":0.002326,"4":0.004652,"5":null,"6":null,"7":0.006978,"8":0.001163,"9":0.002326,"10":0.002326,"11":0.002326,"12":0.006978,"13":0.003489,"14":0.012793,"15":0.001163,"16":0.006978,"17":null,"18":0.003489,"19":0.006978,"20":0.003489,"21":0.019771,"22":0.004652,"23":null,"24":null,"25":null,"26":null,"27":0.002326,"28":0.01163,"29":0.001163,"30":0.004652,"31":0.006978,"32":0.045357,"33":0.003489,"34":0.003489,"35":0.004652,"36":0.003489,"37":0.009304,"38":0.029075,"39":0.004652,"40":0.017445,"41":0.009304,"42":0.004652,"43":0.043031,"44":0.038379,"45":0.020934,"46":0.018608,"47":0.480319,"48":0.061639,"49":0.254697,"50":0.183754,"51":1.083916,"52":0.051172,"53":null,"54":null},"opera":{"9":null,"9.5-9.6":null,"10.0-10.1":0,"10.5":null,"10.6":null,"11":null,"11.1":null,"11.5":0.003489,"11.6":null,"12":null,"12.1":null,"15":null,"16":null,"17":null,"18":null,"19":null,"20":null,"21":null,"22":null,"23":null,"24":null,"25":null,"26":null,"27":null,"28":null,"29":null,"30":null,"31":null,"32":null,"33":null,"34":0.003489,"35":0.062802,"36":0.004652,"37":0.004652,"38":0.016282,"39":null,"40":0.002326,"41":0.001163,"42":0.065128,"43":0.032564,"44":null,"45":null},"safari":{"3.1":null,"3.2":null,"4":0,"5":0.009304,"5.1":0.015119,"6":0.004652,"6.1":0.004652,"7":0.008141,"7.1":0.002326,"8":0.040705,"9":0.012793,"9.1":0.040705,"10":0.377975,"10.1":null,"0":null},"ios_saf":{"3.2":0,"4.0-4.1":0,"4.2-4.3":0,"5.0-5.1":0,"6.0-6.1":0.00318038238727,"7.0-7.1":0.0140416882759,"8":0,"8.1-8.4":0.0191423015385,"9.0-9.2":0.00378045453581,"9.3":0.0519062408488,"10.0-10.2":0.473516932414},"android":{"2.1":0,"2.2":0,"2.3":0,"3":0,"4":0.0527890518707,"4.1":0.158367155612,"4.2-4.3":0.509942241071,"4.4":1.12651836692,"4.4.3-4.4.4":0.635580184524,"53":null},"ie":{"5.5":null,"6":null,"7":0.00817922065728,"8":0.162415953052,"9":0.217333577465,"10":0.163584413146,"11":1.43954283568},"op_mob":{"10":0,"11":0,"11.1":0,"11.5":0,"12":0,"12.1":0,"0":0.00331869868996},"edge":{"12":0.083736,"13":0.170961,"14":0.140723,"15":null},"bb":{"7":0.01546475,"10":null},"ie_mob":{"10":0.0216206213592,"11":0.102097378641},"and_ff":{"0":null},"and_qq":{"1.2":null},"samsung":{"0":0.830678},"and_uc":{"0":76.033548},"op_mini":{"0":1.51664530131},"and_chr":{"0":6.692016}},"total":99.31730575}