{"id":"PH","name":"Philippines","month":"2017-02","access_date":"2017-03-03","data":{"chrome":{"4":null,"5":null,"6":0.005649,"7":null,"8":null,"9":null,"10":0.011298,"11":0.022596,"12":0.011298,"13":null,"14":0.005649,"15":0.005649,"16":0.011298,"17":0.011298,"18":0.028245,"19":0.016947,"20":0.016947,"21":0.022596,"22":0.045192,"23":0.028245,"24":0.028245,"25":0.039543,"26":0.050841,"27":0.033894,"28":0.050841,"29":0.045192,"30":0.039543,"31":0.203364,"32":0.107331,"33":0.118629,"34":0.045192,"35":0.101682,"36":0.372834,"37":0.028245,"38":0.045192,"39":0.062139,"40":0.062139,"41":0.045192,"42":0.067788,"43":0.16947,"44":0.163821,"45":0.124278,"46":0.203364,"47":0.163821,"48":0.186417,"49":2.270898,"50":0.220311,"51":0.666582,"52":0.344589,"53":0.728721,"54":0.852999,"55":9.846207,"56":27.137796,"57":0.203364,"58":0.197715,"59":null},"firefox":{"2":null,"3":0.011298,"3.5":null,"3.6":0.016947,"4":0.005649,"5":null,"6":null,"7":null,"8":null,"9":null,"10":0.005649,"11":0.011298,"12":0.011298,"13":0.005649,"14":null,"15":0.005649,"16":0.011298,"17":null,"18":0.005649,"19":0.005649,"20":0.005649,"21":0.011298,"22":0.016947,"23":0.005649,"24":null,"25":0.005649,"26":0.005649,"27":0.005649,"28":0.005649,"29":0.022596,"30":0.016947,"31":0.022596,"32":0.011298,"33":0.016947,"34":0.016947,"35":0.022596,"36":0.016947,"37":0.022596,"38":0.05649,"39":0.039543,"40":0.045192,"41":0.039543,"42":0.033894,"43":0.129927,"44":0.062139,"45":0.107331,"46":0.045192,"47":0.220311,"48":0.146874,"49":0.146874,"50":0.288099,"51":3.344208,"52":0.248556,"53":null,"54":null},"opera":{"9":null,"9.5-9.6":null,"10.0-10.1":0,"10.5":null,"10.6":null,"11":null,"11.1":null,"11.5":null,"11.6":null,"12":null,"12.1":0.005649,"15":null,"16":null,"17":null,"18":null,"19":null,"20":null,"21":null,"22":null,"23":null,"24":null,"25":null,"26":null,"27":null,"28":null,"29":null,"30":null,"31":null,"32":null,"33":null,"34":0.005649,"35":null,"36":0.011298,"37":0.005649,"38":0.005649,"39":null,"40":null,"41":null,"42":0.101682,"43":0.152523,"44":null,"45":null},"safari":{"3.1":null,"3.2":null,"4":0,"5":0.011298,"5.1":0.022596,"6":null,"6.1":0.011298,"7":0.016947,"7.1":null,"8":0.067788,"9":0.073437,"9.1":0.192066,"10":0.593145,"10.1":null,"0":null},"ios_saf":{"3.2":0,"4.0-4.1":0,"4.2-4.3":0,"5.0-5.1":0,"6.0-6.1":0.047368425252,"7.0-7.1":0.209136066207,"8":0,"8.1-8.4":0.285104295385,"9.0-9.2":0.0563058639788,"9.3":0.773088449867,"10.0-10.2":7.05253289931},"android":{"2.1":0,"2.2":0,"2.3":0,"3":0,"4":0.0712217261905,"4.1":0.213665178571,"4.2-4.3":0.688001875,"4.4":1.5198716369,"4.4.3-4.4.4":0.857509583333,"53":null},"ie":{"5.5":null,"6":null,"7":null,"8":0.439915875,"9":0.0571319318182,"10":0.0742715113636,"11":0.936963681818},"op_mob":{"10":0,"11":0,"11.1":0,"11.5":0,"12":0,"12.1":0,"0":0.0070395},"edge":{"12":0.073437,"13":0.124278,"14":0.446271,"15":null},"bb":{"7":0.0195795,"10":null},"ie_mob":{"10":0.0562673009709,"11":0.265706699029},"and_ff":{"0":0.026106},"and_qq":{"1.2":null},"samsung":{"0":1.810016},"and_uc":{"0":1.583764},"op_mini":{"0":3.2170515},"and_chr":{"0":26.082896}},"total":98.8240765}