{"id":"PK","name":"Pakistan","month":"2017-02","access_date":"2017-03-03","data":{"chrome":{"4":null,"5":null,"6":null,"7":null,"8":null,"9":null,"10":0.002743,"11":0.010972,"12":0.005486,"13":0.005486,"14":0.008229,"15":0.005486,"16":0.010972,"17":0.013715,"18":0.005486,"19":0.010972,"20":0.016458,"21":0.013715,"22":0.019201,"23":0.032916,"24":0.02743,"25":0.057603,"26":0.016458,"27":0.02743,"28":0.024687,"29":0.038402,"30":0.032916,"31":0.104234,"32":0.046631,"33":0.096005,"34":0.024687,"35":0.016458,"36":0.016458,"37":0.008229,"38":0.016458,"39":0.021944,"40":0.016458,"41":0.013715,"42":0.010972,"43":0.285272,"44":0.02743,"45":0.021944,"46":0.024687,"47":0.035659,"48":0.041145,"49":1.105429,"50":0.030173,"51":0.098748,"52":0.076804,"53":0.19201,"54":0.106977,"55":3.494582,"56":13.051194,"57":0.249613,"58":0.178295,"59":null},"firefox":{"2":null,"3":0.076804,"3.5":0.002743,"3.6":0.008229,"4":0.002743,"5":0.002743,"6":null,"7":null,"8":0.002743,"9":null,"10":0.002743,"11":0.005486,"12":0.010972,"13":0.002743,"14":0.008229,"15":0.005486,"16":0.005486,"17":0.005486,"18":0.016458,"19":0.005486,"20":0.002743,"21":0.005486,"22":0.002743,"23":0.008229,"24":0.005486,"25":0.005486,"26":0.005486,"27":0.005486,"28":0.005486,"29":0.016458,"30":0.010972,"31":0.008229,"32":0.010972,"33":0.016458,"34":0.008229,"35":0.013715,"36":0.010972,"37":0.013715,"38":0.019201,"39":0.013715,"40":0.019201,"41":0.019201,"42":0.016458,"43":0.068575,"44":0.05486,"45":0.035659,"46":0.024687,"47":0.134407,"48":0.087776,"49":0.071318,"50":0.156351,"51":2.106624,"52":0.389506,"53":0.002743,"54":null},"opera":{"9":null,"9.5-9.6":null,"10.0-10.1":0,"10.5":null,"10.6":null,"11":null,"11.1":null,"11.5":null,"11.6":0.002743,"12":null,"12.1":0.013715,"15":null,"16":null,"17":null,"18":null,"19":null,"20":null,"21":null,"22":null,"23":null,"24":null,"25":null,"26":0.002743,"27":null,"28":0.005486,"29":null,"30":null,"31":null,"32":null,"33":null,"34":null,"35":0.002743,"36":0.019201,"37":0.008229,"38":0.008229,"39":0.002743,"40":0.008229,"41":0.005486,"42":0.202982,"43":0.389506,"44":null,"45":null},"safari":{"3.1":null,"3.2":null,"4":0.005486,"5":null,"5.1":0.005486,"6":null,"6.1":null,"7":0.005486,"7.1":null,"8":0.013715,"9":0.010972,"9.1":0.035659,"10":0.106977,"10.1":null,"0":null},"ios_saf":{"3.2":0,"4.0-4.1":0,"4.2-4.3":0,"5.0-5.1":0,"6.0-6.1":0.0145666605836,"7.0-7.1":0.0643131806897,"8":0,"8.1-8.4":0.0876748061538,"9.0-9.2":0.0173150871088,"9.3":0.23773889443,"10.0-10.2":2.16878337103},"android":{"2.1":0,"2.2":0,"2.3":0,"3":0,"4":0.131885204082,"4.1":0.395655612245,"4.2-4.3":1.27401107143,"4.4":2.8144302551,"4.4.3-4.4.4":1.58789785714,"53":null},"ie":{"5.5":null,"6":0.0263392795276,"7":0.00585317322835,"8":0.228273755906,"9":0.0292658661417,"10":0.0585317322835,"11":0.395089192913},"op_mob":{"10":0,"11":0,"11.1":0,"11.5":0,"12":0,"12.1":0,"0":0.0168567336245},"edge":{"12":0.049374,"13":0.043888,"14":0.161837,"15":null},"bb":{"7":0.029024,"10":null},"ie_mob":{"10":0.13314407767,"11":0.62873592233},"and_ff":{"0":0.029024},"and_qq":{"1.2":null},"samsung":{"0":1.893816},"and_uc":{"0":17.857016},"op_mini":{"0":7.70352726638},"and_chr":{"0":35.889016}},"total":98.168887}