{"id":"PL","name":"Poland","month":"2017-02","access_date":"2017-03-03","data":{"chrome":{"4":null,"5":null,"6":null,"7":null,"8":null,"9":null,"10":null,"11":0.01694,"12":null,"13":null,"14":null,"15":null,"16":null,"17":null,"18":0.00847,"19":null,"20":null,"21":null,"22":0.012705,"23":null,"24":null,"25":null,"26":0.012705,"27":null,"28":null,"29":null,"30":null,"31":0.038115,"32":0.012705,"33":0.012705,"34":0.046585,"35":0.02541,"36":0.02541,"37":0.02541,"38":0.03388,"39":0.03388,"40":0.01694,"41":0.012705,"42":0.05929,"43":0.0847,"44":0.02541,"45":0.01694,"46":0.021175,"47":0.05082,"48":0.038115,"49":1.503425,"50":0.046585,"51":0.21175,"52":0.080465,"53":0.11011,"54":0.15246,"55":4.79402,"56":15.199415,"57":0.05082,"58":0.021175,"59":null},"firefox":{"2":null,"3":null,"3.5":null,"3.6":0.00847,"4":null,"5":null,"6":null,"7":null,"8":null,"9":null,"10":null,"11":null,"12":0.00847,"13":null,"14":null,"15":null,"16":0.004235,"17":null,"18":0.00847,"19":null,"20":null,"21":0.004235,"22":null,"23":null,"24":null,"25":null,"26":0.012705,"27":0.004235,"28":0.00847,"29":0.004235,"30":null,"31":0.012705,"32":0.004235,"33":0.012705,"34":0.00847,"35":0.00847,"36":0.012705,"37":0.012705,"38":0.04235,"39":0.021175,"40":0.021175,"41":0.02541,"42":0.029645,"43":0.080465,"44":0.05082,"45":0.11858,"46":0.029645,"47":0.2541,"48":0.148225,"49":0.122815,"50":0.66913,"51":9.67274,"52":0.055055,"53":0.01694,"54":null},"opera":{"9":null,"9.5-9.6":null,"10.0-10.1":0,"10.5":null,"10.6":null,"11":null,"11.1":null,"11.5":null,"11.6":null,"12":0.004235,"12.1":0.105875,"15":null,"16":null,"17":null,"18":null,"19":null,"20":0.004235,"21":null,"22":null,"23":null,"24":null,"25":null,"26":0.004235,"27":null,"28":0.00847,"29":0.004235,"30":0.00847,"31":0.004235,"32":0.004235,"33":0.00847,"34":0.00847,"35":0.012705,"36":0.22022,"37":0.012705,"38":0.01694,"39":0.00847,"40":0.00847,"41":0.01694,"42":0.74536,"43":1.334025,"44":0.00847,"45":null},"safari":{"3.1":null,"3.2":null,"4":0,"5":null,"5.1":0.012705,"6":null,"6.1":0.00847,"7":0.004235,"7.1":0.004235,"8":0.021175,"9":0.038115,"9.1":0.11011,"10":0.56749,"10.1":0.00847,"0":null},"ios_saf":{"3.2":0,"4.0-4.1":0,"4.2-4.3":0,"5.0-5.1":0,"6.0-6.1":0.00638645782493,"7.0-7.1":0.0281968137931,"8":0,"8.1-8.4":0.0384392461538,"9.0-9.2":0.00759144986737,"9.3":0.104231811671,"10.0-10.2":0.95085922069},"android":{"2.1":0,"2.2":0,"2.3":0,"3":0,"4":0.101353210034,"4.1":0.304059630102,"4.2-4.3":0.979072008929,"4.4":2.16287750213,"4.4.3-4.4.4":1.22029264881,"53":null},"ie":{"5.5":null,"6":null,"7":0.0042574668435,"8":0.0638620026525,"9":0.0468321352785,"10":0.0638620026525,"11":1.42625139257},"op_mob":{"10":0,"11":0,"11.1":0,"11.5":0,"12":0,"12.1":0,"0":0.00263075327511},"edge":{"12":0.046585,"13":0.122815,"14":0.94864,"15":null},"bb":{"7":0.00720625,"10":null},"ie_mob":{"10":0.293175436893,"11":1.38443956311},"and_ff":{"0":0.02306},"and_qq":{"1.2":null},"samsung":{"0":5.03861},"and_uc":{"0":0.06918},"op_mini":{"0":1.20225424672},"and_chr":{"0":44.24789}},"total":98.51441625}