{"id":"PM","name":"Saint Pierre and Miquelon","month":"2017-02","access_date":"2017-03-03","data":{"chrome":{"4":null,"5":null,"6":null,"7":null,"8":null,"9":null,"10":null,"11":null,"12":null,"13":null,"14":null,"15":null,"16":null,"17":null,"18":null,"19":null,"20":null,"21":null,"22":null,"23":null,"24":null,"25":null,"26":null,"27":null,"28":0.314874,"29":null,"30":null,"31":null,"32":0.154224,"33":null,"34":0.006426,"35":null,"36":0.038556,"37":null,"38":0.012852,"39":0.006426,"40":0.012852,"41":0.038556,"42":null,"43":null,"44":0.025704,"45":0.006426,"46":0.051408,"47":0.044982,"48":0.12852,"49":2.094876,"50":null,"51":0.012852,"52":0.019278,"53":0.006426,"54":0.28917,"55":6.94008,"56":25.67187,"57":0.06426,"58":null,"59":null},"firefox":{"2":null,"3":null,"3.5":null,"3.6":null,"4":null,"5":null,"6":0.456246,"7":null,"8":null,"9":null,"10":null,"11":null,"12":null,"13":null,"14":null,"15":0.044982,"16":null,"17":null,"18":null,"19":null,"20":null,"21":0.012852,"22":null,"23":null,"24":null,"25":0.019278,"26":null,"27":0.006426,"28":null,"29":0.006426,"30":null,"31":0.019278,"32":null,"33":null,"34":null,"35":null,"36":0.006426,"37":0.025704,"38":null,"39":null,"40":0.025704,"41":0.03213,"42":0.006426,"43":0.019278,"44":0.006426,"45":0.48195,"46":null,"47":0.025704,"48":0.231336,"49":0.083538,"50":0.886788,"51":14.71554,"52":0.057834,"53":null,"54":null},"opera":{"9":null,"9.5-9.6":null,"10.0-10.1":0,"10.5":null,"10.6":null,"11":null,"11.1":null,"11.5":null,"11.6":null,"12":null,"12.1":null,"15":null,"16":null,"17":null,"18":null,"19":null,"20":null,"21":null,"22":null,"23":null,"24":null,"25":null,"26":null,"27":null,"28":0.09639,"29":null,"30":null,"31":null,"32":null,"33":null,"34":null,"35":null,"36":null,"37":null,"38":null,"39":null,"40":null,"41":null,"42":0.03213,"43":0.051408,"44":null,"45":null},"safari":{"3.1":null,"3.2":null,"4":0,"5":0.790398,"5.1":null,"6":null,"6.1":0.019278,"7":0.006426,"7.1":null,"8":0.083538,"9":0.070686,"9.1":0.89964,"10":2.776032,"10.1":0.006426,"0":null},"ios_saf":{"3.2":0,"4.0-4.1":0,"4.2-4.3":0,"5.0-5.1":0,"6.0-6.1":0.117612471512,"7.0-7.1":0.519270157241,"8":0,"8.1-8.4":0.707893932308,"9.0-9.2":0.139803503873,"9.3":1.9195242992,"10.0-10.2":17.5109436359},"android":{"2.1":0,"2.2":0,"2.3":0,"3":0,"4":0.0100290816327,"4.1":0.030087244898,"4.2-4.3":0.0968809285714,"4.4":0.214020602041,"4.4.3-4.4.4":0.120750142857,"53":null},"ie":{"5.5":null,"6":null,"7":null,"8":0.16065,"9":0.019278,"10":0.070686,"11":2.686068},"op_mob":{"10":0,"11":0,"11.1":0,"11.5":0,"12":0,"12.1":0,"0":4.68209606987e-5},"edge":{"12":0.173502,"13":0.019278,"14":2.596104,"15":null},"bb":{"7":0.010722,"10":null},"ie_mob":{"10":0.0749499029126,"11":0.353930097087},"and_ff":{"0":null},"and_qq":{"1.2":null},"samsung":{"0":2.022884},"and_uc":{"0":null},"op_mini":{"0":0.0213971790393},"and_chr":{"0":11.614742}},"total":99.154296}