{"id":"PN","name":"Pitcairn Islands","month":"2017-02","access_date":"2017-03-03","data":{"chrome":{"4":null,"5":null,"6":null,"7":null,"8":null,"9":null,"10":null,"11":null,"12":null,"13":null,"14":null,"15":null,"16":null,"17":null,"18":null,"19":null,"20":null,"21":null,"22":null,"23":null,"24":null,"25":null,"26":null,"27":null,"28":null,"29":null,"30":null,"31":null,"32":null,"33":null,"34":null,"35":null,"36":null,"37":null,"38":null,"39":null,"40":null,"41":0.281016,"42":null,"43":null,"44":null,"45":null,"46":null,"47":null,"48":null,"49":0.281016,"50":null,"51":null,"52":1.108452,"53":null,"54":7.22055,"55":16.946826,"56":9.726276,"57":null,"58":null,"59":null},"firefox":{"2":null,"3":null,"3.5":null,"3.6":null,"4":null,"5":null,"6":null,"7":null,"8":null,"9":null,"10":null,"11":null,"12":null,"13":null,"14":null,"15":null,"16":null,"17":null,"18":null,"19":null,"20":null,"21":null,"22":null,"23":null,"24":null,"25":null,"26":null,"27":null,"28":null,"29":null,"30":null,"31":null,"32":null,"33":null,"34":null,"35":null,"36":null,"37":null,"38":null,"39":null,"40":null,"41":null,"42":null,"43":null,"44":null,"45":0.281016,"46":null,"47":null,"48":0.835242,"49":7.774776,"50":9.44526,"51":6.393114,"52":null,"53":null,"54":null},"opera":{"9":null,"9.5-9.6":null,"10.0-10.1":0,"10.5":null,"10.6":null,"11":null,"11.1":null,"11.5":null,"11.6":null,"12":null,"12.1":0.554226,"15":null,"16":null,"17":null,"18":null,"19":null,"20":null,"21":null,"22":null,"23":null,"24":null,"25":null,"26":null,"27":null,"28":null,"29":null,"30":null,"31":null,"32":null,"33":null,"34":null,"35":null,"36":null,"37":null,"38":null,"39":null,"40":null,"41":null,"42":null,"43":null,"44":null,"45":null},"safari":{"3.1":null,"3.2":null,"4":0,"5":null,"5.1":null,"6":null,"6.1":null,"7":null,"7.1":null,"8":null,"9":null,"9.1":null,"10":0.281016,"10.1":null,"0":null},"ios_saf":{"3.2":0,"4.0-4.1":0,"4.2-4.3":0,"5.0-5.1":0,"6.0-6.1":0.0125160413793,"7.0-7.1":0.0552595034483,"8":0,"8.1-8.4":0.0753324,"9.0-9.2":0.0148775586207,"9.3":0.204271241379,"10.0-10.2":1.86347325517},"android":{"2.1":0,"2.2":0,"2.3":0,"3":0,"4":0.0405963010204,"4.1":0.121788903061,"4.2-4.3":0.392160267857,"4.4":0.866325063776,"4.4.3-4.4.4":0.488779464286,"53":null},"ie":{"5.5":null,"6":null,"7":null,"8":null,"9":null,"10":1.70496646789,"11":12.1897135321},"op_mob":{"10":0,"11":0,"11.1":0,"11.5":0,"12":0,"12.1":0,"0":0},"edge":{"12":null,"13":null,"14":null,"15":null},"bb":{"7":0,"10":null},"ie_mob":{"10":0.778308640777,"11":3.67534635922},"and_ff":{"0":null},"and_qq":{"1.2":null},"samsung":{"0":0.63655},"and_uc":{"0":null},"op_mini":{"0":0},"and_chr":{"0":14.349834}},"total":98.598885}