{"id":"PR","name":"Puerto Rico","month":"2017-02","access_date":"2017-03-03","data":{"chrome":{"4":null,"5":null,"6":null,"7":null,"8":null,"9":null,"10":null,"11":0.01992,"12":null,"13":null,"14":null,"15":null,"16":null,"17":null,"18":0.003984,"19":null,"20":null,"21":0.003984,"22":0.007968,"23":null,"24":null,"25":0.007968,"26":null,"27":null,"28":null,"29":0.003984,"30":null,"31":0.011952,"32":0.091632,"33":0.007968,"34":0.015936,"35":0.115536,"36":0.446208,"37":0.007968,"38":0.035856,"39":0.027888,"40":0.007968,"41":0.015936,"42":0.007968,"43":0.055776,"44":0.043824,"45":0.011952,"46":0.015936,"47":0.015936,"48":0.01992,"49":0.792816,"50":0.043824,"51":0.155376,"52":0.051792,"53":0.107568,"54":0.127488,"55":5.051712,"56":14.7408,"57":0.03984,"58":0.03984,"59":null},"firefox":{"2":null,"3":null,"3.5":null,"3.6":0.007968,"4":null,"5":null,"6":null,"7":null,"8":null,"9":null,"10":null,"11":null,"12":null,"13":null,"14":null,"15":null,"16":0.011952,"17":null,"18":null,"19":null,"20":null,"21":null,"22":null,"23":null,"24":null,"25":null,"26":null,"27":0.007968,"28":null,"29":null,"30":null,"31":null,"32":null,"33":null,"34":null,"35":0.003984,"36":null,"37":0.003984,"38":0.011952,"39":0.011952,"40":0.003984,"41":0.007968,"42":null,"43":0.023904,"44":0.007968,"45":0.091632,"46":0.015936,"47":0.111552,"48":0.147408,"49":0.05976,"50":0.21912,"51":3.36648,"52":0.035856,"53":null,"54":null},"opera":{"9":null,"9.5-9.6":null,"10.0-10.1":0,"10.5":null,"10.6":null,"11":null,"11.1":null,"11.5":null,"11.6":null,"12":null,"12.1":0.007968,"15":null,"16":null,"17":null,"18":null,"19":null,"20":null,"21":null,"22":null,"23":null,"24":null,"25":null,"26":null,"27":null,"28":null,"29":0.007968,"30":null,"31":null,"32":null,"33":0.003984,"34":null,"35":null,"36":0.007968,"37":0.007968,"38":0.015936,"39":null,"40":null,"41":null,"42":0.091632,"43":0.163344,"44":null,"45":null},"safari":{"3.1":null,"3.2":null,"4":0.003984,"5":0.031872,"5.1":0.071712,"6":0.007968,"6.1":0.051792,"7":0.011952,"7.1":null,"8":0.13944,"9":0.175296,"9.1":0.6972,"10":2.597568,"10.1":0.023904,"0":null},"ios_saf":{"3.2":0,"4.0-4.1":0,"4.2-4.3":0,"5.0-5.1":0,"6.0-6.1":0.0920176721485,"7.0-7.1":0.406266703448,"8":0,"8.1-8.4":0.553842215385,"9.0-9.2":0.109379497082,"9.3":1.50179785676,"10.0-10.2":13.7002160552},"android":{"2.1":0,"2.2":0,"2.3":0,"3":0,"4":0.0505170068027,"4.1":0.151551020408,"4.2-4.3":0.487994285714,"4.4":1.07803292517,"4.4.3-4.4.4":0.608224761905,"53":null},"ie":{"5.5":null,"6":null,"7":0.00797591261172,"8":0.171482121152,"9":0.255229203575,"10":0.159518252234,"11":3.42166651043},"op_mob":{"10":0,"11":0,"11.1":0,"11.5":0,"12":0,"12.1":0,"0":0.000394061135371},"edge":{"12":0.131472,"13":0.310752,"14":2.713104,"15":null},"bb":{"7":0.006016,"10":null},"ie_mob":{"10":0.0767478058252,"11":0.362420194175},"and_ff":{"0":0.024064},"and_qq":{"1.2":null},"samsung":{"0":7.225216},"and_uc":{"0":0.048128},"op_mini":{"0":0.180085938865},"and_chr":{"0":34.615312}},"total":98.875232}