{"id":"PS","name":"Palestinian Territory","month":"2017-02","access_date":"2017-03-03","data":{"chrome":{"4":null,"5":null,"6":null,"7":null,"8":null,"9":null,"10":null,"11":0.018837,"12":0.025116,"13":0.006279,"14":0.012558,"15":0.018837,"16":null,"17":0.012558,"18":0.012558,"19":0.018837,"20":0.006279,"21":0.031395,"22":0.018837,"23":0.006279,"24":0.025116,"25":0.031395,"26":0.037674,"27":0.037674,"28":0.012558,"29":0.025116,"30":0.031395,"31":0.031395,"32":0.069069,"33":0.138138,"34":0.025116,"35":0.012558,"36":0.144417,"37":0.056511,"38":0.06279,"39":0.050232,"40":0.031395,"41":0.037674,"42":0.018837,"43":0.822549,"44":0.087906,"45":0.043953,"46":0.043953,"47":0.069069,"48":0.100464,"49":2.442531,"50":0.169533,"51":0.332787,"52":0.232323,"53":0.696969,"54":0.420693,"55":10.021284,"56":32.073132,"57":0.094185,"58":0.087906,"59":null},"firefox":{"2":0.006279,"3":0.012558,"3.5":0.031395,"3.6":0.012558,"4":null,"5":null,"6":null,"7":null,"8":null,"9":null,"10":0.012558,"11":0.006279,"12":0.050232,"13":null,"14":null,"15":0.006279,"16":0.006279,"17":null,"18":null,"19":null,"20":null,"21":null,"22":0.012558,"23":0.012558,"24":null,"25":0.012558,"26":0.012558,"27":null,"28":null,"29":null,"30":0.006279,"31":0.018837,"32":0.018837,"33":0.012558,"34":0.018837,"35":0.012558,"36":0.018837,"37":0.012558,"38":0.025116,"39":0.012558,"40":0.075348,"41":0.018837,"42":0.018837,"43":0.194649,"44":0.037674,"45":0.144417,"46":0.037674,"47":0.332787,"48":0.12558,"49":0.100464,"50":0.282555,"51":5.14878,"52":0.094185,"53":0.006279,"54":null},"opera":{"9":null,"9.5-9.6":null,"10.0-10.1":0,"10.5":null,"10.6":null,"11":null,"11.1":null,"11.5":null,"11.6":null,"12":null,"12.1":0.37674,"15":null,"16":null,"17":null,"18":null,"19":null,"20":null,"21":null,"22":null,"23":null,"24":null,"25":null,"26":null,"27":null,"28":null,"29":null,"30":null,"31":null,"32":null,"33":null,"34":null,"35":null,"36":0.031395,"37":null,"38":0.018837,"39":0.012558,"40":null,"41":0.006279,"42":0.332787,"43":0.546273,"44":0.018837,"45":null},"safari":{"3.1":null,"3.2":null,"4":0.018837,"5":0.006279,"5.1":0.012558,"6":null,"6.1":null,"7":null,"7.1":null,"8":0.075348,"9":0.031395,"9.1":0.401856,"10":0.602784,"10.1":null,"0":null},"ios_saf":{"3.2":0,"4.0-4.1":0,"4.2-4.3":0,"5.0-5.1":0,"6.0-6.1":0.0184085729443,"7.0-7.1":0.0812755862069,"8":0,"8.1-8.4":0.110798769231,"9.0-9.2":0.0218818885942,"9.3":0.300441803714,"10.0-10.2":2.74079337931},"android":{"2.1":0,"2.2":0,"2.3":0,"3":0,"4":0.0771045918367,"4.1":0.23131377551,"4.2-4.3":0.744830357143,"4.4":1.6454119898,"4.4.3-4.4.4":0.928339285714,"53":null},"ie":{"5.5":null,"6":0.00663245364238,"7":0.00663245364238,"8":0.517331384106,"9":0.145913980132,"10":0.0994868046358,"11":1.22700392384},"op_mob":{"10":0,"11":0,"11.1":0,"11.5":0,"12":0,"12.1":0,"0":0.0022823580786},"edge":{"12":0.056511,"13":0.175812,"14":0.671853,"15":null},"bb":{"7":0.00186,"10":null},"ie_mob":{"10":0.0169025242718,"11":0.0798174757282},"and_ff":{"0":0.02976},"and_qq":{"1.2":null},"samsung":{"0":3.65304},"and_uc":{"0":0.20088},"op_mini":{"0":1.04303764192},"and_chr":{"0":25.454871}},"total":98.559348}