{"id":"PW","name":"Palau","month":"2017-02","access_date":"2017-03-03","data":{"chrome":{"4":null,"5":null,"6":null,"7":null,"8":0.009588,"9":null,"10":0.009588,"11":null,"12":null,"13":null,"14":null,"15":0.043146,"16":null,"17":null,"18":0.129438,"19":null,"20":null,"21":null,"22":null,"23":null,"24":null,"25":null,"26":null,"27":null,"28":null,"29":null,"30":0.16779,"31":0.043146,"32":null,"33":0.129438,"34":null,"35":null,"36":null,"37":null,"38":0.11985,"39":0.02397,"40":0.014382,"41":0.153408,"42":0.02397,"43":0.02397,"44":0.043146,"45":0.589662,"46":0.014382,"47":null,"48":0.057528,"49":0.86292,"50":0.21573,"51":0.488988,"52":0.158202,"53":0.206142,"54":0.858126,"55":4.5543,"56":21.275772,"57":0.02397,"58":0.028764,"59":null},"firefox":{"2":null,"3":null,"3.5":null,"3.6":0.009588,"4":null,"5":null,"6":0.105468,"7":null,"8":null,"9":null,"10":0.014382,"11":null,"12":0.062322,"13":null,"14":null,"15":null,"16":null,"17":null,"18":null,"19":null,"20":null,"21":0.009588,"22":null,"23":null,"24":0.009588,"25":null,"26":0.810186,"27":null,"28":null,"29":0.019176,"30":null,"31":null,"32":null,"33":0.091086,"34":null,"35":null,"36":null,"37":0.076704,"38":0.062322,"39":0.043146,"40":null,"41":null,"42":0.062322,"43":0.04794,"44":0.139026,"45":0.062322,"46":0.038352,"47":0.74307,"48":0.249288,"49":0.268464,"50":0.762246,"51":5.68089,"52":0.656778,"53":null,"54":null},"opera":{"9":null,"9.5-9.6":null,"10.0-10.1":0,"10.5":null,"10.6":null,"11":null,"11.1":null,"11.5":null,"11.6":null,"12":null,"12.1":null,"15":null,"16":null,"17":null,"18":null,"19":null,"20":0.009588,"21":null,"22":null,"23":null,"24":null,"25":null,"26":null,"27":null,"28":null,"29":0.009588,"30":null,"31":null,"32":null,"33":null,"34":null,"35":null,"36":null,"37":null,"38":0.043146,"39":null,"40":null,"41":null,"42":0.009588,"43":0.019176,"44":null,"45":null},"safari":{"3.1":null,"3.2":null,"4":0,"5":null,"5.1":0.067116,"6":0.009588,"6.1":null,"7":null,"7.1":null,"8":0.354756,"9":0.129438,"9.1":0.21573,"10":0.939624,"10.1":null,"0":null},"ios_saf":{"3.2":0,"4.0-4.1":0,"4.2-4.3":0,"5.0-5.1":0,"6.0-6.1":0.0301240978249,"7.0-7.1":0.133000733793,"8":0,"8.1-8.4":0.181312966154,"9.0-9.2":0.0358078898674,"9.3":0.491648011671,"10.0-10.2":4.48508030069},"android":{"2.1":0,"2.2":0,"2.3":0,"3":0,"4":0.042387287415,"4.1":0.127161862245,"4.2-4.3":0.409461196429,"4.4":0.904544713435,"4.4.3-4.4.4":0.510342940476,"53":null},"ie":{"5.5":null,"6":null,"7":null,"8":0.364344,"9":0.115056,"10":0.134232,"11":3.149658},"op_mob":{"10":0,"11":0,"11.1":0,"11.5":0,"12":0,"12.1":0,"0":0.00290990393013},"edge":{"12":0.076704,"13":0.488988,"14":0.829362,"15":null},"bb":{"7":0.002603,"10":null},"ie_mob":{"10":0.0791514174757,"11":0.373770582524},"and_ff":{"0":0.010412},"and_qq":{"1.2":null},"samsung":{"0":5.747424},"and_uc":{"0":10.240202},"op_mini":{"0":1.32982609607},"and_chr":{"0":27.172098}},"total":99.568521}