{"id":"RE","name":"Reunion","month":"2017-02","access_date":"2017-03-03","data":{"chrome":{"4":null,"5":null,"6":null,"7":null,"8":null,"9":null,"10":null,"11":0.017316,"12":null,"13":null,"14":null,"15":null,"16":null,"17":null,"18":0.005772,"19":null,"20":null,"21":0.005772,"22":0.011544,"23":null,"24":0.017316,"25":null,"26":0.005772,"27":null,"28":0.005772,"29":0.011544,"30":0.023088,"31":0.017316,"32":0.08658,"33":0.017316,"34":0.02886,"35":0.017316,"36":0.352092,"37":0.011544,"38":0.02886,"39":0.02886,"40":0.017316,"41":0.034632,"42":0.023088,"43":0.034632,"44":0.213564,"45":0.023088,"46":0.02886,"47":0.069264,"48":0.08658,"49":1.033188,"50":0.040404,"51":0.20202,"52":0.109668,"53":0.31746,"54":0.958152,"55":6.037512,"56":19.10532,"57":0.075036,"58":0.046176,"59":null},"firefox":{"2":null,"3":0.005772,"3.5":null,"3.6":0.017316,"4":null,"5":null,"6":0.005772,"7":0.005772,"8":null,"9":null,"10":null,"11":0.017316,"12":null,"13":null,"14":0.011544,"15":0.011544,"16":0.051948,"17":null,"18":0.011544,"19":0.005772,"20":0.046176,"21":null,"22":null,"23":0.051948,"24":0.051948,"25":0.005772,"26":0.017316,"27":null,"28":0.023088,"29":null,"30":0.023088,"31":0.051948,"32":0.167388,"33":0.017316,"34":0.046176,"35":0.034632,"36":0.017316,"37":0.017316,"38":0.207792,"39":0.126984,"40":0.063492,"41":0.23088,"42":0.046176,"43":0.126984,"44":0.080808,"45":0.236652,"46":0.051948,"47":0.2886,"48":0.427128,"49":0.386724,"50":0.66378,"51":10.233756,"52":0.05772,"53":null,"54":null},"opera":{"9":null,"9.5-9.6":null,"10.0-10.1":0,"10.5":null,"10.6":null,"11":null,"11.1":null,"11.5":null,"11.6":null,"12":null,"12.1":0.011544,"15":null,"16":null,"17":null,"18":null,"19":null,"20":null,"21":null,"22":null,"23":null,"24":null,"25":null,"26":null,"27":null,"28":null,"29":null,"30":null,"31":null,"32":null,"33":null,"34":null,"35":null,"36":0.213564,"37":null,"38":null,"39":null,"40":null,"41":null,"42":0.126984,"43":0.207792,"44":null,"45":null},"safari":{"3.1":null,"3.2":null,"4":0.011544,"5":0.05772,"5.1":0.190476,"6":0.017316,"6.1":0.098124,"7":0.040404,"7.1":0.02886,"8":0.126984,"9":0.190476,"9.1":0.825396,"10":3.168828,"10.1":0.023088,"0":null},"ios_saf":{"3.2":0,"4.0-4.1":0,"4.2-4.3":0,"5.0-5.1":0,"6.0-6.1":0.0499404913528,"7.0-7.1":0.22049198069,"8":0,"8.1-8.4":0.300585221538,"9.0-9.2":0.0593632255703,"9.3":0.815066509814,"10.0-10.2":7.43547957103},"android":{"2.1":0,"2.2":0,"2.3":0,"3":0,"4":0.039628125,"4.1":0.118884375,"4.2-4.3":0.3828076875,"4.4":0.8456641875,"4.4.3-4.4.4":0.477122625,"53":null},"ie":{"5.5":null,"6":null,"7":null,"8":0.116637510373,"9":0.0816462572614,"10":0.0874781327801,"11":2.52520209959},"op_mob":{"10":0,"11":0,"11.1":0,"11.5":0,"12":0,"12.1":0,"0":0.00047992139738},"edge":{"12":0.103896,"13":0.305916,"14":2.787876,"15":null},"bb":{"7":0.01373775,"10":null},"ie_mob":{"10":0.0768246990291,"11":0.362783300971},"and_ff":{"0":0.04227},"and_qq":{"1.2":null},"samsung":{"0":3.723987},"and_uc":{"0":0.105675},"op_mini":{"0":0.219324078603},"and_chr":{"0":28.524948}},"total":98.25656775}