{"id":"RO","name":"Romania","month":"2017-02","access_date":"2017-03-03","data":{"chrome":{"4":0.006163,"5":null,"6":null,"7":null,"8":null,"9":null,"10":null,"11":0.018489,"12":null,"13":null,"14":0.006163,"15":null,"16":null,"17":null,"18":0.055467,"19":null,"20":null,"21":null,"22":0.024652,"23":null,"24":null,"25":null,"26":0.018489,"27":null,"28":0.012326,"29":0.006163,"30":0.018489,"31":0.024652,"32":0.018489,"33":0.012326,"34":0.055467,"35":0.018489,"36":0.073956,"37":0.024652,"38":0.036978,"39":0.06163,"40":0.030815,"41":0.024652,"42":0.024652,"43":0.154075,"44":0.030815,"45":0.018489,"46":0.024652,"47":0.06163,"48":0.080119,"49":3.130804,"50":0.092445,"51":0.456062,"52":0.141749,"53":0.221868,"54":0.295824,"55":8.153649,"56":25.835296,"57":0.092445,"58":0.043141,"59":null},"firefox":{"2":0.024652,"3":0.030815,"3.5":0.018489,"3.6":0.030815,"4":null,"5":null,"6":null,"7":null,"8":null,"9":null,"10":null,"11":0.006163,"12":0.006163,"13":null,"14":null,"15":null,"16":0.006163,"17":null,"18":null,"19":null,"20":null,"21":null,"22":null,"23":null,"24":0.006163,"25":null,"26":0.012326,"27":null,"28":0.012326,"29":0.012326,"30":0.006163,"31":0.012326,"32":null,"33":0.012326,"34":0.012326,"35":0.018489,"36":0.012326,"37":0.012326,"38":0.043141,"39":0.018489,"40":0.030815,"41":0.018489,"42":0.024652,"43":0.104771,"44":0.018489,"45":0.388269,"46":0.06163,"47":0.326639,"48":0.468388,"49":0.135586,"50":0.523855,"51":8.782275,"52":0.104771,"53":0.018489,"54":null},"opera":{"9":null,"9.5-9.6":null,"10.0-10.1":0,"10.5":null,"10.6":null,"11":null,"11.1":null,"11.5":null,"11.6":null,"12":0.006163,"12.1":0.073956,"15":null,"16":null,"17":null,"18":null,"19":null,"20":null,"21":null,"22":null,"23":null,"24":null,"25":null,"26":null,"27":null,"28":null,"29":null,"30":0.006163,"31":null,"32":null,"33":null,"34":null,"35":0.006163,"36":0.166401,"37":0.012326,"38":0.067793,"39":0.006163,"40":0.012326,"41":0.012326,"42":0.73956,"43":1.306556,"44":0.012326,"45":null},"safari":{"3.1":null,"3.2":null,"4":0.012326,"5":0.006163,"5.1":0.018489,"6":null,"6.1":0.006163,"7":0.006163,"7.1":null,"8":0.024652,"9":0.036978,"9.1":0.092445,"10":0.530018,"10.1":0.006163,"0":null},"ios_saf":{"3.2":0,"4.0-4.1":0,"4.2-4.3":0,"5.0-5.1":0,"6.0-6.1":0.0332713699735,"7.0-7.1":0.146896237241,"8":0,"8.1-8.4":0.200255981538,"9.0-9.2":0.0395489869496,"9.3":0.543013868435,"10.0-10.2":4.95366755586},"android":{"2.1":0,"2.2":0,"2.3":0,"3":0,"4":0.0490228954082,"4.1":0.147068686224,"4.2-4.3":0.473561169643,"4.4":1.04614858801,"4.4.3-4.4.4":0.590235660714,"53":null},"ie":{"5.5":null,"6":0.0189459524715,"7":0.025261269962,"8":0.442072224335,"9":0.164198254753,"10":0.195774842205,"11":2.47560445627},"op_mob":{"10":0,"11":0,"11.1":0,"11.5":0,"12":0,"12.1":0,"0":0.00121477074236},"edge":{"12":0.067793,"13":0.154075,"14":1.053873,"15":null},"bb":{"7":0.019185,"10":null},"ie_mob":{"10":0.151542873786,"11":0.715619126214},"and_ff":{"0":0.088251},"and_qq":{"1.2":null},"samsung":{"0":3.618291},"and_uc":{"0":0.15348},"op_mini":{"0":0.555150229258},"and_chr":{"0":25.852202}},"total":97.87066}