{"id":"RU","name":"Russian Federation","month":"2017-02","access_date":"2017-03-03","data":{"chrome":{"4":0.015548,"5":0.015548,"6":0.007774,"7":0.007774,"8":0.007774,"9":0.015548,"10":0.015548,"11":0.046644,"12":0.031096,"13":0.023322,"14":0.031096,"15":0.031096,"16":0.031096,"17":0.054418,"18":0.108836,"19":0.031096,"20":0.03887,"21":0.062192,"22":0.101062,"23":0.046644,"24":0.062192,"25":0.03887,"26":0.054418,"27":0.062192,"28":0.069966,"29":0.03887,"30":0.015548,"31":0.435344,"32":0.031096,"33":0.031096,"34":0.03887,"35":0.03887,"36":0.046644,"37":0.023322,"38":0.054418,"39":0.093288,"40":0.07774,"41":0.240994,"42":0.046644,"43":0.303186,"44":0.054418,"45":0.171028,"46":0.108836,"47":0.101062,"48":0.287638,"49":1.974596,"50":0.217672,"51":0.886236,"52":0.31096,"53":0.342056,"54":0.34983,"55":8.39592,"56":24.519196,"57":0.101062,"58":0.147706,"59":null},"firefox":{"2":0.023322,"3":0.062192,"3.5":0.093288,"3.6":0.31096,"4":0.023322,"5":0.007774,"6":null,"7":null,"8":0.023322,"9":0.015548,"10":0.015548,"11":0.015548,"12":0.03887,"13":0.007774,"14":0.015548,"15":0.031096,"16":0.023322,"17":0.015548,"18":0.007774,"19":0.015548,"20":0.015548,"21":0.031096,"22":0.023322,"23":0.023322,"24":0.03887,"25":0.23322,"26":0.023322,"27":0.007774,"28":0.015548,"29":0.015548,"30":0.015548,"31":0.031096,"32":0.015548,"33":0.023322,"34":0.015548,"35":0.031096,"36":0.031096,"37":0.023322,"38":0.132158,"39":0.015548,"40":0.023322,"41":0.023322,"42":0.046644,"43":0.147706,"44":0.031096,"45":0.264316,"46":0.085514,"47":0.396474,"48":0.217672,"49":0.124384,"50":0.450892,"51":6.29694,"52":0.03887,"53":0.023322,"54":null},"opera":{"9":null,"9.5-9.6":null,"10.0-10.1":0.007774,"10.5":0.015548,"10.6":0.046644,"11":0.015548,"11.1":0.015548,"11.5":0.03887,"11.6":0.108836,"12":0.132158,"12.1":0.940654,"15":0.007774,"16":0.015548,"17":0.015548,"18":0.108836,"19":0.015548,"20":0.023322,"21":0.015548,"22":null,"23":null,"24":0.015548,"25":0.015548,"26":0.015548,"27":0.069966,"28":0.031096,"29":0.015548,"30":0.023322,"31":0.007774,"32":0.015548,"33":0.031096,"34":0.023322,"35":0.03887,"36":0.435344,"37":0.062192,"38":0.132158,"39":0.031096,"40":0.023322,"41":0.046644,"42":1.469286,"43":2.52655,"44":0.015548,"45":null},"safari":{"3.1":0.007774,"3.2":null,"4":0.054418,"5":0.069966,"5.1":0.062192,"6":0.015548,"6.1":0.031096,"7":0.023322,"7.1":null,"8":0.062192,"9":0.069966,"9.1":0.34983,"10":1.562574,"10.1":0.031096,"0":null},"ios_saf":{"3.2":0,"4.0-4.1":0,"4.2-4.3":0,"5.0-5.1":0,"6.0-6.1":0.0317069786737,"7.0-7.1":0.139989302069,"8":0,"8.1-8.4":0.190840116923,"9.0-9.2":0.0376894274801,"9.3":0.517481821751,"10.0-10.2":4.7207503531},"android":{"2.1":0,"2.2":0,"2.3":0,"3":0,"4":0.0247491071429,"4.1":0.0742473214286,"4.2-4.3":0.239076375,"4.4":0.528145946429,"4.4.3-4.4.4":0.29797925,"53":null},"ie":{"5.5":null,"6":0.0331062464646,"7":0.0331062464646,"8":0.811103038384,"9":0.281403094949,"10":0.38899839596,"11":2.54918097778},"op_mob":{"10":0,"11":0,"11.1":0,"11.5":0,"12":0,"12.1":0,"0":0.00171567248908},"edge":{"12":0.03887,"13":0.15548,"14":1.002846,"15":null},"bb":{"7":0.0061215,"10":null},"ie_mob":{"10":0.0719667961165,"11":0.339843203883},"and_ff":{"0":0.017808},"and_qq":{"1.2":null},"samsung":{"0":1.177554},"and_uc":{"0":0.850332},"op_mini":{"0":0.784062327511},"and_chr":{"0":11.594358}},"total":86.0229115}