{"id":"RW","name":"Rwanda","month":"2017-02","access_date":"2017-03-03","data":{"chrome":{"4":null,"5":null,"6":null,"7":null,"8":null,"9":null,"10":0.003017,"11":0.024136,"12":null,"13":null,"14":null,"15":0.009051,"16":0.006034,"17":null,"18":null,"19":0.006034,"20":0.006034,"21":null,"22":0.009051,"23":0.027153,"24":null,"25":0.018102,"26":0.003017,"27":null,"28":0.012068,"29":0.045255,"30":null,"31":0.009051,"32":0.199122,"33":0.045255,"34":null,"35":0.003017,"36":0.253428,"37":null,"38":null,"39":0.006034,"40":0.018102,"41":0.003017,"42":0.009051,"43":0.334887,"44":0.006034,"45":0.093527,"46":0.015085,"47":0.039221,"48":0.015085,"49":0.223258,"50":0.063357,"51":0.057323,"52":0.027153,"53":0.404278,"54":0.24136,"55":2.676079,"56":10.520279,"57":0.075425,"58":0.081459,"59":null},"firefox":{"2":0.003017,"3":0.051289,"3.5":0.009051,"3.6":0.018102,"4":0.036204,"5":0.012068,"6":0.021119,"7":0.018102,"8":0.024136,"9":0.006034,"10":0.012068,"11":0.015085,"12":0.045255,"13":0.021119,"14":0.03017,"15":0.012068,"16":0.021119,"17":0.015085,"18":0.021119,"19":0.015085,"20":0.057323,"21":0.021119,"22":0.006034,"23":0.009051,"24":0.009051,"25":0.018102,"26":0.003017,"27":0.006034,"28":0.015085,"29":0.042238,"30":0.033187,"31":0.066374,"32":0.009051,"33":0.015085,"34":0.024136,"35":0.033187,"36":0.027153,"37":0.027153,"38":0.03017,"39":0.018102,"40":0.078442,"41":0.051289,"42":0.042238,"43":0.171969,"44":0.298683,"45":0.111629,"46":0.039221,"47":0.398244,"48":0.193088,"49":0.223258,"50":0.434448,"51":6.236139,"52":0.6034,"53":0.024136,"54":0.003017},"opera":{"9":null,"9.5-9.6":null,"10.0-10.1":0,"10.5":null,"10.6":null,"11":null,"11.1":null,"11.5":null,"11.6":0.018102,"12":0.006034,"12.1":0.006034,"15":0.006034,"16":0.003017,"17":null,"18":null,"19":0.003017,"20":null,"21":null,"22":null,"23":null,"24":null,"25":null,"26":0.009051,"27":null,"28":0.009051,"29":0.006034,"30":0.003017,"31":null,"32":null,"33":null,"34":0.003017,"35":0.009051,"36":0.006034,"37":0.024136,"38":0.006034,"39":0.006034,"40":0.003017,"41":0.012068,"42":0.193088,"43":0.398244,"44":null,"45":null},"safari":{"3.1":null,"3.2":null,"4":0,"5":null,"5.1":0.021119,"6":0.006034,"6.1":0.003017,"7":0.015085,"7.1":0.006034,"8":0.075425,"9":0.039221,"9.1":0.178003,"10":0.597366,"10.1":null,"0":null},"ios_saf":{"3.2":0,"4.0-4.1":0,"4.2-4.3":0,"5.0-5.1":0,"6.0-6.1":0.00808916647215,"7.0-7.1":0.0357144331034,"8":0,"8.1-8.4":0.0486876246154,"9.0-9.2":0.00961542429708,"9.3":0.132021301857,"10.0-10.2":1.20437004966},"android":{"2.1":0,"2.2":0,"2.3":0,"3":0,"4":0.0599730442177,"4.1":0.179919132653,"4.2-4.3":0.579339607143,"4.4":1.27982476361,"4.4.3-4.4.4":0.722075452381,"53":null},"ie":{"5.5":null,"6":null,"7":null,"8":0.190961262295,"9":0.0272801803279,"10":0.157618819672,"11":0.918432737705},"op_mob":{"10":0,"11":0,"11.1":0,"11.5":0,"12":0,"12.1":0,"0":0.0989817379913},"edge":{"12":0.147833,"13":0.295666,"14":0.325836,"15":null},"bb":{"7":0.1152195,"10":null},"ie_mob":{"10":0.123253339806,"11":0.582029660194},"and_ff":{"0":0.013966},"and_qq":{"1.2":null},"samsung":{"0":1.403583},"and_uc":{"0":5.740026},"op_mini":{"0":45.234654262},"and_chr":{"0":11.461384}},"total":98.1437605}