{"id":"SB","name":"Solomon Islands","month":"2017-02","access_date":"2017-03-03","data":{"chrome":{"4":null,"5":null,"6":null,"7":null,"8":0.118195,"9":null,"10":null,"11":0.02149,"12":0.017192,"13":null,"14":null,"15":null,"16":null,"17":null,"18":null,"19":0.002149,"20":null,"21":0.008596,"22":0.004298,"23":null,"24":null,"25":null,"26":null,"27":null,"28":null,"29":0.023639,"30":null,"31":0.103152,"32":0.827365,"33":0.004298,"34":0.002149,"35":null,"36":0.023639,"37":0.006447,"38":0.008596,"39":null,"40":null,"41":0.025788,"42":0.008596,"43":0.012894,"44":0.002149,"45":0.019341,"46":0.019341,"47":0.073066,"48":null,"49":0.120344,"50":0.006447,"51":0.047278,"52":0.034384,"53":0.062321,"54":0.120344,"55":1.923355,"56":5.424076,"57":0.008596,"58":0.030086,"59":null},"firefox":{"2":null,"3":0.113897,"3.5":null,"3.6":0.002149,"4":0.004298,"5":null,"6":0.06447,"7":0.431949,"8":null,"9":null,"10":0.124642,"11":null,"12":0.004298,"13":0.002149,"14":0.006447,"15":0.004298,"16":0.008596,"17":null,"18":null,"19":0.04298,"20":null,"21":0.010745,"22":0.008596,"23":null,"24":0.012894,"25":0.008596,"26":0.017192,"27":0.004298,"28":null,"29":null,"30":0.103152,"31":0.002149,"32":0.010745,"33":0.008596,"34":0.004298,"35":0.015043,"36":0.006447,"37":0.030086,"38":0.006447,"39":0.010745,"40":0.034384,"41":0.012894,"42":null,"43":0.073066,"44":0.045129,"45":0.053725,"46":0.030086,"47":0.232092,"48":0.081662,"49":0.15043,"50":0.631806,"51":1.760031,"52":0.621061,"53":0.006447,"54":null},"opera":{"9":null,"9.5-9.6":null,"10.0-10.1":0,"10.5":null,"10.6":null,"11":null,"11.1":null,"11.5":null,"11.6":null,"12":null,"12.1":null,"15":null,"16":null,"17":null,"18":null,"19":0.137536,"20":null,"21":null,"22":null,"23":null,"24":null,"25":null,"26":0.017192,"27":0.004298,"28":null,"29":0.004298,"30":null,"31":null,"32":null,"33":0.012894,"34":null,"35":null,"36":0.002149,"37":0.053725,"38":0.002149,"39":0.002149,"40":null,"41":0.010745,"42":0.015043,"43":0.055874,"44":null,"45":null},"safari":{"3.1":null,"3.2":null,"4":0.002149,"5":null,"5.1":0.012894,"6":null,"6.1":0.02149,"7":0.012894,"7.1":null,"8":0.023639,"9":0.051576,"9.1":0.077364,"10":0.253582,"10.1":null,"0":null},"ios_saf":{"3.2":0,"4.0-4.1":0,"4.2-4.3":0,"5.0-5.1":0,"6.0-6.1":0.0135978487003,"7.0-7.1":0.0600357848276,"8":0,"8.1-8.4":0.0818436553846,"9.0-9.2":0.0161634805305,"9.3":0.221927153316,"10.0-10.2":2.02454007724},"android":{"2.1":0,"2.2":0,"2.3":0,"3":0,"4":0.11432684949,"4.1":0.342980548469,"4.2-4.3":1.10439736607,"4.4":2.43973496811,"4.4.3-4.4.4":1.37649526786,"53":null},"ie":{"5.5":null,"6":null,"7":null,"8":0.268625,"9":0.101003,"10":0.221347,"11":3.752154},"op_mob":{"10":0,"11":0,"11.1":0,"11.5":0,"12":0,"12.1":0,"0":0.0375750917031},"edge":{"12":0.070917,"13":0.240688,"14":0.728511,"15":null},"bb":{"7":0,"10":null},"ie_mob":{"10":0.194826757282,"11":0.920015242718},"and_ff":{"0":null},"and_qq":{"1.2":null},"samsung":{"0":3.901947},"and_uc":{"0":22.53237},"op_mini":{"0":17.1718169083},"and_chr":{"0":23.841483}},"total":96.465588}