{"id":"SC","name":"Seychelles","month":"2017-02","access_date":"2017-03-03","data":{"chrome":{"4":null,"5":null,"6":null,"7":null,"8":null,"9":null,"10":null,"11":0.02032,"12":0.14224,"13":null,"14":null,"15":0.01016,"16":null,"17":0.11176,"18":0.01016,"19":null,"20":null,"21":null,"22":null,"23":null,"24":0.00508,"25":null,"26":0.01016,"27":null,"28":null,"29":0.04064,"30":0.01016,"31":0.01016,"32":0.02032,"33":0.01016,"34":0.27432,"35":0.01016,"36":0.23876,"37":0.00508,"38":0.01524,"39":0.03048,"40":0.00508,"41":0.24384,"42":0.01016,"43":0.34036,"44":0.01016,"45":0.01524,"46":0.0762,"47":0.03048,"48":0.0254,"49":0.57404,"50":0.2032,"51":1.6764,"52":0.04572,"53":0.33528,"54":0.21844,"55":3.89636,"56":11.77036,"57":0.07112,"58":0.05588,"59":null},"firefox":{"2":null,"3":0.01524,"3.5":null,"3.6":0.01016,"4":0.00508,"5":0.03556,"6":0.00508,"7":null,"8":null,"9":0.00508,"10":0.29464,"11":0.01016,"12":0.02032,"13":0.02032,"14":0.01016,"15":0.10668,"16":null,"17":0.04572,"18":0.01016,"19":null,"20":null,"21":0.0254,"22":0.00508,"23":null,"24":0.16256,"25":null,"26":0.01016,"27":null,"28":0.01016,"29":0.17272,"30":0.09652,"31":0.0508,"32":0.01524,"33":0.00508,"34":0.01524,"35":0.01016,"36":0.0254,"37":0.13716,"38":0.26924,"39":0.05588,"40":0.02032,"41":0.03556,"42":0.7874,"43":0.35052,"44":0.127,"45":8.84428,"46":0.1524,"47":0.96012,"48":0.25908,"49":0.3048,"50":0.4826,"51":5.66928,"52":0.39624,"53":null,"54":0.0254},"opera":{"9":null,"9.5-9.6":null,"10.0-10.1":0,"10.5":null,"10.6":null,"11":null,"11.1":null,"11.5":null,"11.6":null,"12":null,"12.1":0.04572,"15":null,"16":null,"17":null,"18":null,"19":null,"20":null,"21":null,"22":null,"23":null,"24":null,"25":null,"26":null,"27":null,"28":null,"29":null,"30":null,"31":0.00508,"32":null,"33":null,"34":0.01524,"35":null,"36":0.01016,"37":null,"38":0.24384,"39":0.00508,"40":null,"41":0.00508,"42":0.19812,"43":0.16764,"44":null,"45":null},"safari":{"3.1":null,"3.2":null,"4":0,"5":null,"5.1":0.1016,"6":null,"6.1":0.01524,"7":0.03556,"7.1":null,"8":0.0762,"9":0.05588,"9.1":0.25908,"10":1.13284,"10.1":0.02032,"0":null},"ios_saf":{"3.2":0,"4.0-4.1":0,"4.2-4.3":0,"5.0-5.1":0,"6.0-6.1":0.0422281844032,"7.0-7.1":0.186441417931,"8":0,"8.1-8.4":0.254165864615,"9.0-9.2":0.050195766366,"9.3":0.689195839788,"10.0-10.2":6.2872189269},"android":{"2.1":0,"2.2":0,"2.3":0,"3":0,"4":0.0607802083333,"4.1":0.182340625,"4.2-4.3":0.5871368125,"4.4":1.29704964583,"4.4.3-4.4.4":0.731793708333,"53":null},"ie":{"5.5":null,"6":0.0206971693735,"7":0.0103485846868,"8":0.900326867749,"9":0.367374756381,"10":0.346677587007,"11":2.8148150348},"op_mob":{"10":0,"11":0,"11.1":0,"11.5":0,"12":0,"12.1":0,"0":0.00609215502183},"edge":{"12":0.21844,"13":0.66548,"14":0.87884,"15":null},"bb":{"7":0.034447,"10":null},"ie_mob":{"10":0.104057650485,"11":0.491383349515},"and_ff":{"0":0.073815},"and_qq":{"1.2":null},"samsung":{"0":5.142445},"and_uc":{"0":9.295769},"op_mini":{"0":2.78411484498},"and_chr":{"0":20.914282}},"total":98.485873}