{"id":"SD","name":"Sudan","month":"2017-02","access_date":"2017-03-03","data":{"chrome":{"4":0.005184,"5":0.006912,"6":0.003456,"7":0.001728,"8":0.003456,"9":0.03456,"10":0.00864,"11":0.07776,"12":0.003456,"13":0.010368,"14":0.003456,"15":0.001728,"16":0.003456,"17":0.015552,"18":0.005184,"19":0.012096,"20":0.012096,"21":0.003456,"22":0.038016,"23":0.032832,"24":0.024192,"25":0.058752,"26":0.06912,"27":0.063936,"28":0.03456,"29":0.20736,"30":0.038016,"31":0.098496,"32":0.05184,"33":0.09504,"34":0.029376,"35":0.06048,"36":0.139968,"37":0.020736,"38":0.048384,"39":0.084672,"40":0.122688,"41":0.06912,"42":0.0432,"43":0.805248,"44":0.050112,"45":0.06048,"46":0.082944,"47":0.081216,"48":0.105408,"49":0.193536,"50":0.13824,"51":0.179712,"52":0.274752,"53":0.3888,"54":0.361152,"55":0.962496,"56":0.753408,"57":0.005184,"58":0.001728,"59":null},"firefox":{"2":null,"3":0.091584,"3.5":0.005184,"3.6":0.039744,"4":0.010368,"5":0.006912,"6":0.012096,"7":0.003456,"8":0.005184,"9":0.010368,"10":0.00864,"11":0.013824,"12":0.024192,"13":0.005184,"14":0.010368,"15":0.00864,"16":0.020736,"17":0.012096,"18":0.00864,"19":0.010368,"20":0.013824,"21":0.019008,"22":0.012096,"23":0.012096,"24":0.010368,"25":0.015552,"26":0.015552,"27":0.00864,"28":0.006912,"29":0.01728,"30":0.031104,"31":0.03456,"32":0.039744,"33":0.022464,"34":0.029376,"35":0.038016,"36":0.079488,"37":0.031104,"38":0.03456,"39":0.041472,"40":0.046656,"41":0.038016,"42":0.036288,"43":0.165888,"44":0.115776,"45":0.09504,"46":0.046656,"47":0.300672,"48":0.145152,"49":0.141696,"50":0.297216,"51":4.29408,"52":0.421632,"53":0.005184,"54":null},"opera":{"9":null,"9.5-9.6":null,"10.0-10.1":0,"10.5":null,"10.6":0.001728,"11":0.001728,"11.1":null,"11.5":0.0432,"11.6":0.010368,"12":0.006912,"12.1":0.01728,"15":null,"16":null,"17":null,"18":0.003456,"19":0.003456,"20":0.001728,"21":0.003456,"22":0.003456,"23":null,"24":null,"25":null,"26":0.005184,"27":0.010368,"28":0.01728,"29":0.005184,"30":0.005184,"31":null,"32":0.006912,"33":0.005184,"34":0.010368,"35":0.006912,"36":0.032832,"37":0.013824,"38":0.00864,"39":0.003456,"40":0.01728,"41":0.013824,"42":0.3456,"43":0.482112,"44":0.00864,"45":null},"safari":{"3.1":null,"3.2":null,"4":0.013824,"5":0.001728,"5.1":0.012096,"6":0.001728,"6.1":null,"7":0.006912,"7.1":null,"8":0.027648,"9":0.013824,"9.1":0.081216,"10":0.338688,"10.1":null,"0":null},"ios_saf":{"3.2":0,"4.0-4.1":0,"4.2-4.3":0,"5.0-5.1":0,"6.0-6.1":0.010931327321,"7.0-7.1":0.0482628413793,"8":0,"8.1-8.4":0.0657942153846,"9.0-9.2":0.0129938419098,"9.3":0.178407511936,"10.0-10.2":1.62753026207},"android":{"2.1":0,"2.2":0,"2.3":0,"3":0,"4":0.205920748299,"4.1":0.617762244898,"4.2-4.3":1.98919442857,"4.4":4.39434876871,"4.4.3-4.4.4":2.47928580952,"53":null},"ie":{"5.5":null,"6":0.00351771428571,"7":0.0105531428571,"8":0.328906285714,"9":0.110808,"10":0.0844251428571,"11":0.939229714286},"op_mob":{"10":0,"11":0,"11.1":0,"11.5":0,"12":0,"12.1":0,"0":0.064568558952},"edge":{"12":0.108864,"13":0.046656,"14":0.195264,"15":null},"bb":{"7":0.008272,"10":null},"ie_mob":{"10":0.0404765825243,"11":0.191139417476},"and_ff":{"0":0.033088},"and_qq":{"1.2":null},"samsung":{"0":4.764672},"and_uc":{"0":15.369376},"op_mini":{"0":29.507831441},"and_chr":{"0":20.165488}},"total":98.25528}