{"id":"SE","name":"Sweden","month":"2017-02","access_date":"2017-03-03","data":{"chrome":{"4":null,"5":null,"6":null,"7":null,"8":null,"9":null,"10":null,"11":0.005734,"12":null,"13":null,"14":null,"15":null,"16":null,"17":null,"18":null,"19":null,"20":null,"21":null,"22":0.017202,"23":null,"24":null,"25":null,"26":null,"27":null,"28":null,"29":0.011468,"30":0.017202,"31":0.011468,"32":0.011468,"33":0.005734,"34":0.022936,"35":0.011468,"36":0.034404,"37":0.011468,"38":0.040138,"39":0.097478,"40":0.017202,"41":0.011468,"42":0.011468,"43":0.051606,"44":0.02867,"45":0.034404,"46":0.02867,"47":0.02867,"48":0.051606,"49":0.814228,"50":0.063074,"51":0.2867,"52":0.108946,"53":0.14335,"54":0.22936,"55":8.910636,"56":21.278874,"57":0.068808,"58":0.02867,"59":null},"firefox":{"2":null,"3":null,"3.5":null,"3.6":0.005734,"4":null,"5":null,"6":null,"7":null,"8":null,"9":null,"10":null,"11":null,"12":null,"13":null,"14":null,"15":null,"16":0.005734,"17":null,"18":null,"19":null,"20":null,"21":null,"22":null,"23":null,"24":0.005734,"25":null,"26":0.005734,"27":null,"28":null,"29":null,"30":null,"31":0.011468,"32":null,"33":null,"34":0.005734,"35":0.005734,"36":null,"37":0.017202,"38":0.034404,"39":0.011468,"40":0.011468,"41":0.011468,"42":0.02867,"43":0.02867,"44":0.017202,"45":0.25803,"46":0.02867,"47":0.097478,"48":0.177754,"49":0.074542,"50":0.321104,"51":5.223674,"52":0.034404,"53":null,"54":null},"opera":{"9":null,"9.5-9.6":null,"10.0-10.1":0,"10.5":null,"10.6":null,"11":null,"11.1":null,"11.5":null,"11.6":null,"12":null,"12.1":0.034404,"15":null,"16":null,"17":null,"18":null,"19":null,"20":null,"21":null,"22":null,"23":null,"24":null,"25":null,"26":null,"27":null,"28":0.005734,"29":null,"30":null,"31":null,"32":null,"33":null,"34":null,"35":null,"36":0.017202,"37":null,"38":0.022936,"39":null,"40":null,"41":null,"42":0.120414,"43":0.235094,"44":null,"45":null},"safari":{"3.1":null,"3.2":null,"4":0,"5":0.022936,"5.1":0.068808,"6":0.017202,"6.1":0.14335,"7":0.080276,"7.1":0.011468,"8":0.579134,"9":0.510326,"9.1":1.055056,"10":3.434666,"10.1":0.022936,"0":null},"ios_saf":{"3.2":0,"4.0-4.1":0,"4.2-4.3":0,"5.0-5.1":0,"6.0-6.1":0.122205521804,"7.0-7.1":0.539548907586,"8":0,"8.1-8.4":0.735538895385,"9.0-9.2":0.145263167427,"9.3":1.99448634642,"10.0-10.2":18.1947881614},"android":{"2.1":0,"2.2":0,"2.3":0,"3":0,"4":0.0136972151361,"4.1":0.0410916454082,"4.2-4.3":0.132315098214,"4.4":0.292298571003,"4.4.3-4.4.4":0.164914470238,"53":null},"ie":{"5.5":null,"6":null,"7":0.00574280122794,"8":0.0746564159632,"9":0.155055633154,"10":0.16654123561,"11":7.08087391404},"op_mob":{"10":0,"11":0,"11.1":0,"11.5":0,"12":0,"12.1":0,"0":0.000279497816594},"edge":{"12":0.051606,"13":0.25803,"14":3.503474,"15":null},"bb":{"7":0.0021335,"10":null},"ie_mob":{"10":0.0238620582524,"11":0.112681941748},"and_ff":{"0":0.055471},"and_qq":{"1.2":null},"samsung":{"0":5.064929},"and_uc":{"0":0.093874},"op_mini":{"0":0.127730502183},"and_chr":{"0":14.663281}},"total":99.1149705}