{"id":"SG","name":"Singapore","month":"2017-02","access_date":"2017-03-03","data":{"chrome":{"4":null,"5":null,"6":null,"7":null,"8":null,"9":null,"10":null,"11":0.013692,"12":null,"13":null,"14":null,"15":null,"16":null,"17":null,"18":null,"19":null,"20":null,"21":null,"22":0.02282,"23":null,"24":null,"25":null,"26":0.009128,"27":0.013692,"28":0.004564,"29":0.063896,"30":0.009128,"31":0.041076,"32":0.018256,"33":0.018256,"34":0.036512,"35":0.027384,"36":0.086716,"37":0.013692,"38":0.027384,"39":0.059332,"40":0.013692,"41":0.036512,"42":0.031948,"43":0.196252,"44":0.100408,"45":0.141484,"46":0.050204,"47":0.059332,"48":0.191688,"49":0.84434,"50":0.200816,"51":0.931056,"52":0.292096,"53":0.314916,"54":0.36512,"55":6.996612,"56":16.927876,"57":0.077588,"58":0.041076,"59":null},"firefox":{"2":0.004564,"3":0.054768,"3.5":null,"3.6":null,"4":null,"5":null,"6":null,"7":null,"8":null,"9":null,"10":null,"11":null,"12":null,"13":null,"14":null,"15":null,"16":0.009128,"17":0.009128,"18":null,"19":null,"20":null,"21":0.009128,"22":null,"23":null,"24":null,"25":null,"26":null,"27":null,"28":0.004564,"29":null,"30":null,"31":0.009128,"32":null,"33":0.004564,"34":0.009128,"35":0.004564,"36":0.009128,"37":0.018256,"38":0.059332,"39":0.013692,"40":0.013692,"41":0.013692,"42":0.013692,"43":0.095844,"44":0.009128,"45":0.1141,"46":0.063896,"47":0.355992,"48":0.424452,"49":0.09128,"50":0.29666,"51":3.267824,"52":0.063896,"53":0.009128,"54":null},"opera":{"9":null,"9.5-9.6":0.004564,"10.0-10.1":0,"10.5":null,"10.6":null,"11":null,"11.1":null,"11.5":null,"11.6":null,"12":null,"12.1":0.013692,"15":null,"16":null,"17":null,"18":null,"19":null,"20":null,"21":null,"22":null,"23":null,"24":null,"25":null,"26":null,"27":null,"28":0.018256,"29":null,"30":null,"31":null,"32":null,"33":null,"34":null,"35":null,"36":0.004564,"37":null,"38":0.118664,"39":0.009128,"40":0.009128,"41":null,"42":0.1141,"43":0.15974,"44":0.009128,"45":null},"safari":{"3.1":null,"3.2":null,"4":0.054768,"5":0.02282,"5.1":0.04564,"6":0.009128,"6.1":0.041076,"7":0.027384,"7.1":0.004564,"8":0.168868,"9":0.150612,"9.1":0.561372,"10":1.830164,"10.1":0.013692,"0":null},"ios_saf":{"3.2":0,"4.0-4.1":0,"4.2-4.3":0,"5.0-5.1":0,"6.0-6.1":0.0929282037135,"7.0-7.1":0.410286786207,"8":0,"8.1-8.4":0.559322584615,"9.0-9.2":0.110461827056,"9.3":1.5166584191,"10.0-10.2":13.8357821793},"android":{"2.1":0,"2.2":0,"2.3":0,"3":0,"4":0.0236900510204,"4.1":0.0710701530612,"4.2-4.3":0.228845892857,"4.4":0.505545688776,"4.4.3-4.4.4":0.285228214286,"53":null},"ie":{"5.5":null,"6":0.0558509195402,"7":0.0609282758621,"8":1.04085804598,"9":0.299564022989,"10":0.533122413793,"11":4.1837416092},"op_mob":{"10":0,"11":0,"11.1":0,"11.5":0,"12":0,"12.1":0,"0":0.00432031441048},"edge":{"12":0.031948,"13":0.155176,"14":1.337252,"15":null},"bb":{"7":1.153791,"10":null},"ie_mob":{"10":0.0132997281553,"11":0.0628042718447},"and_ff":{"0":0.05436},"and_qq":{"1.2":null},"samsung":{"0":5.240304},"and_uc":{"0":6.381864},"op_mini":{"0":1.97438368559},"and_chr":{"0":18.01392}},"total":94.9592522874}