{"id":"SH","name":"Saint Helena","month":"2017-02","access_date":"2017-03-03","data":{"chrome":{"4":null,"5":null,"6":null,"7":null,"8":null,"9":null,"10":null,"11":null,"12":null,"13":null,"14":null,"15":null,"16":null,"17":null,"18":null,"19":null,"20":null,"21":null,"22":null,"23":null,"24":null,"25":null,"26":null,"27":null,"28":null,"29":null,"30":null,"31":null,"32":null,"33":null,"34":null,"35":null,"36":null,"37":null,"38":null,"39":null,"40":null,"41":null,"42":null,"43":null,"44":null,"45":null,"46":null,"47":null,"48":null,"49":null,"50":null,"51":0.303484,"52":1.222862,"53":2.758134,"54":10.122084,"55":15.334868,"56":13.192628,"57":null,"58":null,"59":null},"firefox":{"2":0.303484,"3":null,"3.5":null,"3.6":null,"4":0.303484,"5":null,"6":null,"7":null,"8":null,"9":null,"10":null,"11":null,"12":null,"13":null,"14":null,"15":null,"16":null,"17":null,"18":null,"19":null,"20":null,"21":0.615894,"22":null,"23":null,"24":null,"25":null,"26":null,"27":null,"28":1.535272,"29":null,"30":null,"31":null,"32":null,"33":null,"34":null,"35":null,"36":null,"37":null,"38":null,"39":null,"40":null,"41":null,"42":null,"43":null,"44":null,"45":null,"46":null,"47":1.222862,"48":2.151166,"49":3.989922,"50":11.657356,"51":12.576734,"52":null,"53":null,"54":null},"opera":{"9":null,"9.5-9.6":null,"10.0-10.1":0,"10.5":null,"10.6":null,"11":null,"11.1":null,"11.5":null,"11.6":null,"12":null,"12.1":null,"15":null,"16":null,"17":null,"18":null,"19":null,"20":null,"21":null,"22":null,"23":null,"24":null,"25":null,"26":null,"27":null,"28":null,"29":null,"30":null,"31":null,"32":null,"33":null,"34":null,"35":null,"36":null,"37":null,"38":null,"39":null,"40":null,"41":null,"42":null,"43":null,"44":null,"45":null},"safari":{"3.1":null,"3.2":null,"4":0,"5":null,"5.1":null,"6":null,"6.1":null,"7":null,"7.1":null,"8":null,"9":null,"9.1":null,"10":null,"10.1":null,"0":null},"ios_saf":{"3.2":0,"4.0-4.1":0,"4.2-4.3":0,"5.0-5.1":0,"6.0-6.1":0.00832842843501,"7.0-7.1":0.0367707972414,"8":0,"8.1-8.4":0.0501277107692,"9.0-9.2":0.00989983002653,"9.3":0.135926237666,"10.0-10.2":1.23999299586},"android":{"2.1":0,"2.2":0,"2.3":0,"3":0,"4":0.00787691326531,"4.1":0.0236307397959,"4.2-4.3":0.0760909821429,"4.4":0.168093329082,"4.4.3-4.4.4":0.0948380357143,"53":null},"ie":{"5.5":null,"6":null,"7":null,"8":0.673564074545,"9":null,"10":null,"11":10.0644139255},"op_mob":{"10":0,"11":0,"11.1":0,"11.5":0,"12":0,"12.1":0,"0":0},"edge":{"12":null,"13":null,"14":null,"15":null},"bb":{"7":0,"10":null},"ie_mob":{"10":0.32357638835,"11":1.52799961165},"and_ff":{"0":1.851576},"and_qq":{"1.2":null},"samsung":{"0":0.37053},"and_uc":{"0":null},"op_mini":{"0":0},"and_chr":{"0":5.118226}},"total":99.071696}