{"id":"SI","name":"Slovenia","month":"2017-02","access_date":"2017-03-03","data":{"chrome":{"4":null,"5":null,"6":null,"7":null,"8":null,"9":0.007311,"10":null,"11":0.021933,"12":0.007311,"13":null,"14":0.007311,"15":0.007311,"16":0.007311,"17":null,"18":null,"19":null,"20":null,"21":0.007311,"22":0.021933,"23":0.014622,"24":null,"25":0.007311,"26":0.007311,"27":null,"28":null,"29":0.014622,"30":0.021933,"31":0.043866,"32":0.036555,"33":null,"34":0.029244,"35":0.14622,"36":0.233952,"37":0.014622,"38":0.043866,"39":0.051177,"40":0.014622,"41":0.021933,"42":0.021933,"43":0.07311,"44":0.043866,"45":0.014622,"46":0.160842,"47":0.058488,"48":0.029244,"49":1.805817,"50":0.058488,"51":0.248574,"52":0.07311,"53":0.182775,"54":0.14622,"55":8.934042,"56":26.999523,"57":0.095043,"58":0.065799,"59":null},"firefox":{"2":null,"3":null,"3.5":0.109665,"3.6":0.007311,"4":0.007311,"5":0.007311,"6":0.007311,"7":0.007311,"8":0.007311,"9":0.014622,"10":0.007311,"11":null,"12":0.014622,"13":0.021933,"14":null,"15":null,"16":null,"17":0.051177,"18":null,"19":0.014622,"20":0.014622,"21":0.007311,"22":null,"23":null,"24":0.014622,"25":null,"26":0.021933,"27":null,"28":0.014622,"29":null,"30":0.014622,"31":0.153531,"32":0.014622,"33":0.021933,"34":0.014622,"35":0.014622,"36":0.014622,"37":0.138909,"38":0.058488,"39":0.021933,"40":0.029244,"41":0.029244,"42":0.029244,"43":0.095043,"44":0.036555,"45":0.190086,"46":0.029244,"47":0.314373,"48":0.263196,"49":0.197397,"50":0.687234,"51":16.288908,"52":0.182775,"53":0.014622,"54":0.007311},"opera":{"9":null,"9.5-9.6":null,"10.0-10.1":0,"10.5":null,"10.6":null,"11":null,"11.1":null,"11.5":null,"11.6":null,"12":null,"12.1":0.051177,"15":null,"16":null,"17":null,"18":null,"19":null,"20":null,"21":null,"22":null,"23":null,"24":null,"25":null,"26":null,"27":null,"28":null,"29":null,"30":null,"31":null,"32":null,"33":null,"34":null,"35":null,"36":0.051177,"37":null,"38":0.029244,"39":null,"40":null,"41":null,"42":0.307062,"43":0.453282,"44":null,"45":null},"safari":{"3.1":null,"3.2":null,"4":0,"5":0.021933,"5.1":0.051177,"6":null,"6.1":0.021933,"7":0.007311,"7.1":null,"8":0.116976,"9":0.087732,"9.1":0.343617,"10":1.769262,"10.1":0.021933,"0":null},"ios_saf":{"3.2":0,"4.0-4.1":0,"4.2-4.3":0,"5.0-5.1":0,"6.0-6.1":0.0270366467905,"7.0-7.1":0.119369346207,"8":0,"8.1-8.4":0.162730006154,"9.0-9.2":0.0321379009019,"9.3":0.441258480637,"10.0-10.2":4.02539961931},"android":{"2.1":0,"2.2":0,"2.3":0,"3":0,"4":0.0225798256803,"4.1":0.0677394770408,"4.2-4.3":0.218121116071,"4.4":0.481853480017,"4.4.3-4.4.4":0.27186110119,"53":null},"ie":{"5.5":null,"6":null,"7":null,"8":0.197397,"9":0.182775,"10":0.190086,"11":6.865029},"op_mob":{"10":0,"11":0,"11.1":0,"11.5":0,"12":0,"12.1":0,"0":0.000311172489083},"edge":{"12":0.043866,"13":0.212019,"14":2.105568,"15":null},"bb":{"7":0.008067,"10":null},"ie_mob":{"10":0.0657891262136,"11":0.310670873786},"and_ff":{"0":0.02689},"and_qq":{"1.2":null},"samsung":{"0":3.345116},"and_uc":{"0":0.048402},"op_mini":{"0":0.142205827511},"and_chr":{"0":17.012805}},"total":98.975292}