{"id":"SK","name":"Slovakia (Slovak Republic)","month":"2017-02","access_date":"2017-03-03","data":{"chrome":{"4":null,"5":null,"6":null,"7":null,"8":null,"9":null,"10":null,"11":0.014984,"12":0.007492,"13":null,"14":null,"15":null,"16":null,"17":null,"18":0.007492,"19":null,"20":null,"21":null,"22":0.044952,"23":null,"24":null,"25":null,"26":0.014984,"27":null,"28":null,"29":null,"30":null,"31":0.022476,"32":0.052444,"33":0.007492,"34":0.052444,"35":0.014984,"36":0.052444,"37":0.022476,"38":0.029968,"39":0.044952,"40":0.014984,"41":0.007492,"42":0.007492,"43":0.11238,"44":0.044952,"45":0.014984,"46":0.044952,"47":0.044952,"48":0.044952,"49":2.442392,"50":0.044952,"51":0.1873,"52":0.059936,"53":0.119872,"54":0.1873,"55":9.230144,"56":29.233784,"57":0.104888,"58":0.044952,"59":null},"firefox":{"2":null,"3":0.007492,"3.5":null,"3.6":0.014984,"4":null,"5":null,"6":null,"7":null,"8":null,"9":null,"10":null,"11":null,"12":0.022476,"13":null,"14":null,"15":null,"16":0.007492,"17":null,"18":null,"19":null,"20":null,"21":null,"22":null,"23":null,"24":null,"25":null,"26":0.007492,"27":null,"28":0.014984,"29":0.044952,"30":0.007492,"31":0.022476,"32":0.007492,"33":0.044952,"34":0.022476,"35":0.014984,"36":0.052444,"37":1.041388,"38":0.067428,"39":0.03746,"40":0.022476,"41":0.029968,"42":0.044952,"43":0.127364,"44":0.022476,"45":0.367108,"46":0.03746,"47":0.292188,"48":0.1873,"49":0.142348,"50":0.704248,"51":14.279752,"52":0.044952,"53":0.014984,"54":0.022476},"opera":{"9":null,"9.5-9.6":null,"10.0-10.1":0,"10.5":null,"10.6":null,"11":null,"11.1":null,"11.5":null,"11.6":0.014984,"12":0.014984,"12.1":0.269712,"15":null,"16":null,"17":null,"18":null,"19":null,"20":null,"21":null,"22":null,"23":null,"24":null,"25":null,"26":0.007492,"27":null,"28":0.007492,"29":null,"30":0.014984,"31":null,"32":0.007492,"33":null,"34":0.007492,"35":0.014984,"36":0.1873,"37":0.022476,"38":0.022476,"39":0.007492,"40":0.007492,"41":0.014984,"42":0.854088,"43":1.6857,"44":0.014984,"45":null},"safari":{"3.1":null,"3.2":null,"4":0,"5":null,"5.1":0.052444,"6":null,"6.1":0.022476,"7":0.007492,"7.1":null,"8":0.067428,"9":0.082412,"9.1":0.322156,"10":1.775604,"10.1":0.03746,"0":null},"ios_saf":{"3.2":0,"4.0-4.1":0,"4.2-4.3":0,"5.0-5.1":0,"6.0-6.1":0.0222832806366,"7.0-7.1":0.0983827862069,"8":0,"8.1-8.4":0.134120123077,"9.0-9.2":0.0264876732095,"9.3":0.36367995756,"10.0-10.2":3.31768617931},"android":{"2.1":0,"2.2":0,"2.3":0,"3":0,"4":0.0310834183673,"4.1":0.093250255102,"4.2-4.3":0.300265821429,"4.4":0.663320147959,"4.4.3-4.4.4":0.374244357143,"53":null},"ie":{"5.5":null,"6":null,"7":0.00754145214521,"8":0.218702112211,"9":0.120663234323,"10":0.120663234323,"11":4.102549967},"op_mob":{"10":0,"11":0,"11.1":0,"11.5":0,"12":0,"12.1":0,"0":0.00105686462882},"edge":{"12":0.044952,"13":0.172316,"14":2.607216,"15":null},"bb":{"7":0.016302,"10":null},"ie_mob":{"10":0.0635522330097,"11":0.30010776699},"and_ff":{"0":0.030096},"and_qq":{"1.2":null},"samsung":{"0":1.881},"and_uc":{"0":0.080256},"op_mini":{"0":0.482987135371},"and_chr":{"0":16.874796}},"total":98.254402}