{"id":"SL","name":"Sierra Leone","month":"2017-02","access_date":"2017-03-03","data":{"chrome":{"4":null,"5":null,"6":null,"7":null,"8":null,"9":null,"10":null,"11":0.010545,"12":null,"13":0.008436,"14":null,"15":0.004218,"16":0.002109,"17":null,"18":null,"19":null,"20":0.002109,"21":null,"22":0.006327,"23":null,"24":0.008436,"25":0.004218,"26":0.016872,"27":null,"28":0.006327,"29":0.012654,"30":null,"31":0.010545,"32":0.006327,"33":0.006327,"34":0.004218,"35":null,"36":0.048507,"37":null,"38":0.004218,"39":null,"40":0.010545,"41":null,"42":0.004218,"43":0.409146,"44":0.101232,"45":0.097014,"46":0.099123,"47":0.006327,"48":0.023199,"49":0.215118,"50":0.023199,"51":0.130758,"52":0.061161,"53":0.350094,"54":0.06327,"55":1.670328,"56":5.312571,"57":0.082251,"58":0.006327,"59":null},"firefox":{"2":null,"3":0.014763,"3.5":0.002109,"3.6":0.012654,"4":0.008436,"5":0.02109,"6":0.016872,"7":0.002109,"8":0.016872,"9":null,"10":0.016872,"11":0.008436,"12":0.033744,"13":0.027417,"14":0.050616,"15":0.016872,"16":0.035853,"17":0.004218,"18":0.008436,"19":0.025308,"20":0.014763,"21":0.027417,"22":null,"23":0.016872,"24":0.012654,"25":0.120213,"26":0.010545,"27":0.002109,"28":null,"29":0.037962,"30":0.023199,"31":0.014763,"32":null,"33":0.023199,"34":0.012654,"35":0.014763,"36":0.008436,"37":0.008436,"38":0.018981,"39":0.016872,"40":0.040071,"41":0.018981,"42":0.008436,"43":0.101232,"44":0.164502,"45":0.067488,"46":0.02109,"47":0.413364,"48":0.236208,"49":0.175047,"50":0.364857,"51":4.401483,"52":0.65379,"53":null,"54":null},"opera":{"9":null,"9.5-9.6":null,"10.0-10.1":0.018981,"10.5":null,"10.6":null,"11":0.002109,"11.1":null,"11.5":0.002109,"11.6":0.02109,"12":0.002109,"12.1":0.016872,"15":0.004218,"16":0.002109,"17":null,"18":0.008436,"19":null,"20":null,"21":null,"22":null,"23":null,"24":null,"25":null,"26":null,"27":null,"28":null,"29":0.004218,"30":null,"31":0.004218,"32":null,"33":null,"34":0.004218,"35":null,"36":0.004218,"37":0.006327,"38":null,"39":null,"40":0.002109,"41":0.016872,"42":0.229881,"43":0.29526,"44":null,"45":null},"safari":{"3.1":null,"3.2":null,"4":0,"5":null,"5.1":0.006327,"6":0.006327,"6.1":null,"7":0.006327,"7.1":0.012654,"8":0.010545,"9":0.023199,"9.1":0.054834,"10":0.242535,"10.1":0.004218,"0":null},"ios_saf":{"3.2":0,"4.0-4.1":0,"4.2-4.3":0,"5.0-5.1":0,"6.0-6.1":0.0115800923077,"7.0-7.1":0.0511272,"8":0,"8.1-8.4":0.0696990461538,"9.0-9.2":0.0137650153846,"9.3":0.188995846154,"10.0-10.2":1.7241228},"android":{"2.1":0,"2.2":0,"2.3":0,"3":0,"4":0.0476352040816,"4.1":0.142905612245,"4.2-4.3":0.460156071429,"4.4":1.0165352551,"4.4.3-4.4.4":0.573527857143,"53":null},"ie":{"5.5":null,"6":0.00211338006231,"7":0.0570612616822,"8":0.283192928349,"9":0.0317007009346,"10":0.10989576324,"11":1.48781956386},"op_mob":{"10":0,"11":0,"11.1":0,"11.5":0,"12":0,"12.1":0,"0":0.125292510917},"edge":{"12":0.181374,"13":0.341658,"14":0.518814,"15":null},"bb":{"7":0.01578,"10":null},"ie_mob":{"10":0.100654951456,"11":0.475315048544},"and_ff":{"0":null},"and_qq":{"1.2":null},"samsung":{"0":1.80681},"and_uc":{"0":5.8386},"op_mini":{"0":57.2586774891},"and_chr":{"0":8.627121}},"total":98.7755885981}