{"id":"SM","name":"San Marino","month":"2017-02","access_date":"2017-03-03","data":{"chrome":{"4":null,"5":null,"6":null,"7":null,"8":null,"9":null,"10":null,"11":null,"12":null,"13":null,"14":null,"15":null,"16":null,"17":null,"18":null,"19":null,"20":null,"21":null,"22":null,"23":null,"24":null,"25":null,"26":0.015616,"27":null,"28":null,"29":1.163392,"30":null,"31":null,"32":null,"33":null,"34":0.023424,"35":null,"36":0.007808,"37":null,"38":0.031232,"39":null,"40":0.015616,"41":null,"42":null,"43":0.007808,"44":0.015616,"45":null,"46":0.015616,"47":0.007808,"48":null,"49":2.475136,"50":0.023424,"51":0.085888,"52":0.242048,"53":0.03904,"54":0.070272,"55":11.134208,"56":33.176192,"57":0.023424,"58":0.132736,"59":null},"firefox":{"2":null,"3":null,"3.5":null,"3.6":null,"4":null,"5":null,"6":null,"7":null,"8":null,"9":null,"10":null,"11":null,"12":null,"13":null,"14":null,"15":null,"16":0.046848,"17":null,"18":null,"19":null,"20":null,"21":null,"22":0.007808,"23":null,"24":null,"25":null,"26":null,"27":null,"28":0.007808,"29":0.023424,"30":null,"31":null,"32":null,"33":null,"34":null,"35":null,"36":0.007808,"37":0.03904,"38":null,"39":null,"40":0.07808,"41":null,"42":0.007808,"43":0.031232,"44":0.015616,"45":0.031232,"46":0.015616,"47":0.11712,"48":0.27328,"49":0.171776,"50":0.421632,"51":13.047168,"52":null,"53":null,"54":null},"opera":{"9":null,"9.5-9.6":null,"10.0-10.1":0,"10.5":null,"10.6":null,"11":null,"11.1":null,"11.5":null,"11.6":null,"12":null,"12.1":null,"15":null,"16":null,"17":null,"18":null,"19":null,"20":null,"21":null,"22":null,"23":null,"24":null,"25":null,"26":null,"27":null,"28":null,"29":null,"30":null,"31":null,"32":null,"33":null,"34":null,"35":null,"36":null,"37":null,"38":null,"39":null,"40":null,"41":null,"42":0.124928,"43":0.398208,"44":null,"45":null},"safari":{"3.1":null,"3.2":null,"4":0,"5":0.148352,"5.1":0.11712,"6":0.015616,"6.1":0.265472,"7":null,"7.1":0.015616,"8":0.070272,"9":0.242048,"9.1":0.50752,"10":4.731648,"10.1":null,"0":null},"ios_saf":{"3.2":0,"4.0-4.1":0,"4.2-4.3":0,"5.0-5.1":0,"6.0-6.1":0.0367739923607,"7.0-7.1":0.162360645517,"8":0,"8.1-8.4":0.221337803077,"9.0-9.2":0.0437124814854,"9.3":0.600179309284,"10.0-10.2":5.47516176828},"android":{"2.1":0,"2.2":0,"2.3":0,"3":0,"4":0.0226572704082,"4.1":0.0679718112245,"4.2-4.3":0.218869232143,"4.4":0.48350615051,"4.4.3-4.4.4":0.272793535714,"53":null},"ie":{"5.5":null,"6":null,"7":null,"8":1.18086470551,"9":0.23460888189,"10":0.148585625197,"11":3.4018287874},"op_mob":{"10":0,"11":0,"11.1":0,"11.5":0,"12":0,"12.1":0,"0":0.000100552401747},"edge":{"12":0.023424,"13":0.421632,"14":1.569408,"15":null},"bb":{"7":0.00164475,"10":null},"ie_mob":{"10":0.0896787961165,"11":0.423483203883},"and_ff":{"0":0.006579},"and_qq":{"1.2":null},"samsung":{"0":3.598713},"and_uc":{"0":0.063597},"op_mini":{"0":0.0459524475983},"and_chr":{"0":10.106235}},"total":98.60805975}