{"id":"SR","name":"Suriname","month":"2017-02","access_date":"2017-03-03","data":{"chrome":{"4":null,"5":null,"6":null,"7":null,"8":null,"9":null,"10":null,"11":0.033201,"12":null,"13":null,"14":null,"15":null,"16":null,"17":null,"18":0.018972,"19":null,"20":0.009486,"21":null,"22":0.104346,"23":null,"24":null,"25":0.009486,"26":0.014229,"27":0.004743,"28":0.028458,"29":0.009486,"30":0.004743,"31":0.175491,"32":0.137547,"33":null,"34":0.037944,"35":0.04743,"36":0.659277,"37":0.014229,"38":0.028458,"39":0.014229,"40":null,"41":null,"42":0.037944,"43":0.061659,"44":0.023715,"45":0.037944,"46":0.033201,"47":0.023715,"48":0.014229,"49":1.361241,"50":0.066402,"51":0.09486,"52":0.023715,"53":0.355725,"54":0.147033,"55":5.563539,"56":20.271582,"57":0.109089,"58":0.118575,"59":null},"firefox":{"2":null,"3":0.004743,"3.5":null,"3.6":null,"4":null,"5":null,"6":null,"7":null,"8":null,"9":null,"10":null,"11":null,"12":null,"13":null,"14":0.009486,"15":null,"16":null,"17":null,"18":null,"19":null,"20":null,"21":null,"22":null,"23":null,"24":null,"25":null,"26":null,"27":null,"28":null,"29":null,"30":null,"31":0.004743,"32":null,"33":0.009486,"34":null,"35":0.009486,"36":0.014229,"37":null,"38":null,"39":0.028458,"40":0.023715,"41":0.009486,"42":0.004743,"43":0.018972,"44":0.009486,"45":0.018972,"46":0.018972,"47":0.080631,"48":0.075888,"49":0.056916,"50":0.227664,"51":4.524822,"52":0.782595,"53":0.009486,"54":null},"opera":{"9":null,"9.5-9.6":null,"10.0-10.1":0,"10.5":null,"10.6":null,"11":null,"11.1":null,"11.5":null,"11.6":null,"12":null,"12.1":0.009486,"15":null,"16":null,"17":null,"18":null,"19":null,"20":null,"21":null,"22":null,"23":null,"24":null,"25":null,"26":null,"27":null,"28":null,"29":0.004743,"30":null,"31":0.023715,"32":null,"33":0.009486,"34":null,"35":null,"36":0.037944,"37":0.056916,"38":null,"39":0.04743,"40":null,"41":0.014229,"42":0.132804,"43":0.218178,"44":0.004743,"45":null},"safari":{"3.1":null,"3.2":null,"4":0,"5":null,"5.1":0.009486,"6":0.009486,"6.1":0.033201,"7":null,"7.1":0.009486,"8":0.028458,"9":0.04743,"9.1":0.184977,"10":0.811053,"10.1":0.004743,"0":null},"ios_saf":{"3.2":0,"4.0-4.1":0,"4.2-4.3":0,"5.0-5.1":0,"6.0-6.1":0.0328137198939,"7.0-7.1":0.144875668966,"8":0,"8.1-8.4":0.197501446154,"9.0-9.2":0.0390049877984,"9.3":0.53554467374,"10.0-10.2":4.88552950345},"android":{"2.1":0,"2.2":0,"2.3":0,"3":0,"4":0.12952514881,"4.1":0.388575446429,"4.2-4.3":1.2512129375,"4.4":2.7640666756,"4.4.3-4.4.4":1.55948279167,"53":null},"ie":{"5.5":null,"6":null,"7":0.009486,"8":0.294066,"9":0.270351,"10":0.194463,"11":2.708253},"op_mob":{"10":0,"11":0,"11.1":0,"11.5":0,"12":0,"12.1":0,"0":0.00371892576419},"edge":{"12":0.218178,"13":0.559674,"14":2.599164,"15":null},"bb":{"7":0.2129085,"10":null},"ie_mob":{"10":0.0551219417476,"11":0.260298058252},"and_ff":{"0":0.010514},"and_qq":{"1.2":null},"samsung":{"0":10.692738},"and_uc":{"0":0.746494},"op_mini":{"0":1.69954907424},"and_chr":{"0":28.443533}},"total":98.2435395}