{"id":"ST","name":"Sao Tome and Principe","month":"2017-02","access_date":"2017-03-03","data":{"chrome":{"4":null,"5":null,"6":null,"7":null,"8":null,"9":null,"10":null,"11":null,"12":null,"13":null,"14":0.011834,"15":null,"16":0.005917,"17":null,"18":0.053253,"19":null,"20":null,"21":null,"22":null,"23":null,"24":null,"25":null,"26":0.094672,"27":null,"28":null,"29":null,"30":0.005917,"31":0.023668,"32":0.35502,"33":0.124257,"34":0.005917,"35":0.023668,"36":3.680374,"37":null,"38":0.011834,"39":0.082838,"40":0.136091,"41":null,"42":null,"43":8.46131,"44":null,"45":0.023668,"46":0.005917,"47":null,"48":0.053253,"49":2.177456,"50":0.041419,"51":0.053253,"52":0.053253,"53":0.615368,"54":0.100589,"55":5.763158,"56":24.585135,"57":0.017751,"58":0.076921,"59":null},"firefox":{"2":null,"3":null,"3.5":null,"3.6":null,"4":null,"5":null,"6":null,"7":null,"8":null,"9":null,"10":null,"11":null,"12":null,"13":null,"14":null,"15":null,"16":null,"17":null,"18":null,"19":null,"20":null,"21":null,"22":null,"23":null,"24":null,"25":null,"26":null,"27":null,"28":0.047336,"29":null,"30":null,"31":null,"32":null,"33":null,"34":null,"35":null,"36":null,"37":null,"38":0.029585,"39":null,"40":0.053253,"41":null,"42":0.023668,"43":0.011834,"44":0.011834,"45":0.035502,"46":null,"47":0.100589,"48":0.011834,"49":0.094672,"50":0.23668,"51":3.597536,"52":0.005917,"53":null,"54":null},"opera":{"9":null,"9.5-9.6":null,"10.0-10.1":0,"10.5":null,"10.6":null,"11":null,"11.1":null,"11.5":null,"11.6":null,"12":null,"12.1":0.017751,"15":null,"16":null,"17":null,"18":null,"19":null,"20":null,"21":null,"22":null,"23":null,"24":null,"25":null,"26":null,"27":null,"28":null,"29":null,"30":null,"31":null,"32":null,"33":null,"34":null,"35":null,"36":0.011834,"37":null,"38":null,"39":null,"40":0.011834,"41":null,"42":0.189344,"43":0.502945,"44":null,"45":null},"safari":{"3.1":null,"3.2":null,"4":0,"5":null,"5.1":null,"6":null,"6.1":0.017751,"7":null,"7.1":null,"8":0.011834,"9":0.029585,"9.1":0.076921,"10":1.082811,"10.1":null,"0":null},"ios_saf":{"3.2":0,"4.0-4.1":0,"4.2-4.3":0,"5.0-5.1":0,"6.0-6.1":0.00929884297082,"7.0-7.1":0.0410552689655,"8":0,"8.1-8.4":0.0559685076923,"9.0-9.2":0.0110533416446,"9.3":0.151764135279,"10.0-10.2":1.38447490345},"android":{"2.1":0,"2.2":0,"2.3":0,"3":0,"4":0.14174190051,"4.1":0.425225701531,"4.2-4.3":1.36922675893,"4.4":3.02477215689,"4.4.3-4.4.4":1.70657248214,"53":null},"ie":{"5.5":null,"6":null,"7":null,"8":0.1693651417,"9":0.0725850607287,"10":0.0846825708502,"11":2.66145222672},"op_mob":{"10":0,"11":0,"11.1":0,"11.5":0,"12":0,"12.1":0,"0":0.0051973558952},"edge":{"12":0.153842,"13":0.183427,"14":1.082811,"15":null},"bb":{"7":0.0102075,"10":null},"ie_mob":{"10":0.117019572816,"11":0.552592427184},"and_ff":{"0":0.036747},"and_qq":{"1.2":null},"samsung":{"0":0.722691},"and_uc":{"0":5.222157},"op_mini":{"0":2.3751916441},"and_chr":{"0":23.46899}},"total":98.0966735}