{"id":"SV","name":"El Salvador","month":"2017-02","access_date":"2017-03-03","data":{"chrome":{"4":null,"5":null,"6":null,"7":null,"8":null,"9":null,"10":null,"11":0.016368,"12":null,"13":null,"14":null,"15":null,"16":null,"17":null,"18":null,"19":null,"20":null,"21":0.005456,"22":0.043648,"23":null,"24":null,"25":0.010912,"26":0.005456,"27":null,"28":0.005456,"29":0.010912,"30":0.005456,"31":0.02728,"32":0.038192,"33":0.010912,"34":0.02728,"35":0.02728,"36":0.152768,"37":0.038192,"38":0.043648,"39":0.05456,"40":0.02728,"41":0.010912,"42":0.038192,"43":0.08184,"44":0.02728,"45":0.016368,"46":0.032736,"47":0.049104,"48":0.043648,"49":1.647712,"50":0.130944,"51":0.10912,"52":0.098208,"53":0.294624,"54":0.250976,"55":8.527728,"56":28.518512,"57":0.070928,"58":0.016368,"59":null},"firefox":{"2":null,"3":0.032736,"3.5":null,"3.6":0.016368,"4":0.005456,"5":null,"6":null,"7":null,"8":null,"9":null,"10":null,"11":0.010912,"12":null,"13":null,"14":null,"15":null,"16":null,"17":null,"18":null,"19":null,"20":0.005456,"21":null,"22":0.005456,"23":null,"24":null,"25":null,"26":null,"27":null,"28":0.010912,"29":null,"30":0.005456,"31":0.016368,"32":0.010912,"33":0.010912,"34":0.005456,"35":0.016368,"36":0.005456,"37":0.016368,"38":0.02728,"39":0.021824,"40":0.076384,"41":0.032736,"42":0.010912,"43":0.065472,"44":0.021824,"45":0.152768,"46":0.065472,"47":0.16368,"48":0.294624,"49":0.114576,"50":0.35464,"51":4.69216,"52":0.032736,"53":0.010912,"54":null},"opera":{"9":null,"9.5-9.6":null,"10.0-10.1":0,"10.5":null,"10.6":null,"11":null,"11.1":null,"11.5":null,"11.6":null,"12":null,"12.1":0.010912,"15":null,"16":null,"17":null,"18":null,"19":null,"20":null,"21":null,"22":null,"23":null,"24":null,"25":null,"26":null,"27":null,"28":null,"29":0.005456,"30":null,"31":null,"32":null,"33":null,"34":null,"35":null,"36":0.010912,"37":0.005456,"38":null,"39":null,"40":0.016368,"41":0.010912,"42":0.196416,"43":0.343728,"44":null,"45":null},"safari":{"3.1":null,"3.2":null,"4":0.005456,"5":0.038192,"5.1":0.021824,"6":null,"6.1":0.005456,"7":0.016368,"7.1":null,"8":0.1364,"9":0.152768,"9.1":0.474672,"10":1.369456,"10.1":0.005456,"0":null},"ios_saf":{"3.2":0,"4.0-4.1":0,"4.2-4.3":0,"5.0-5.1":0,"6.0-6.1":0.0135939123607,"7.0-7.1":0.0600184055172,"8":0,"8.1-8.4":0.0818199630769,"9.0-9.2":0.0161588014854,"9.3":0.221862909284,"10.0-10.2":2.02395400828},"android":{"2.1":0,"2.2":0,"2.3":0,"3":0,"4":0.103167346939,"4.1":0.309502040816,"4.2-4.3":0.996596571429,"4.4":2.20159118367,"4.4.3-4.4.4":1.24213485714,"53":null},"ie":{"5.5":null,"6":null,"7":null,"8":0.213635136,"9":0.071211712,"10":0.104078656,"11":0.980530496},"op_mob":{"10":0,"11":0,"11.1":0,"11.5":0,"12":0,"12.1":0,"0":0.00360146724891},"edge":{"12":0.076384,"13":0.1364,"14":0.578336,"15":null},"bb":{"7":0.029536,"10":null},"ie_mob":{"10":0.0770274174757,"11":0.363740582524},"and_ff":{"0":0.027264},"and_qq":{"1.2":null},"samsung":{"0":2.24928},"and_uc":{"0":2.072064},"op_mini":{"0":1.64587053275},"and_chr":{"0":33.610512}},"total":99.164928}