{"id":"SY","name":"Syrian Arab Republic","month":"2017-02","access_date":"2017-03-03","data":{"chrome":{"4":null,"5":null,"6":null,"7":null,"8":0.005228,"9":0.002614,"10":0.007842,"11":0.031368,"12":0.005228,"13":null,"14":0.010456,"15":0.005228,"16":null,"17":0.005228,"18":0.007842,"19":0.002614,"20":0.005228,"21":0.002614,"22":0.010456,"23":0.01307,"24":0.005228,"25":0.005228,"26":0.007842,"27":0.020912,"28":0.018298,"29":0.007842,"30":0.01307,"31":0.049666,"32":0.10456,"33":0.057508,"34":0.015684,"35":0.010456,"36":0.049666,"37":0.002614,"38":0.031368,"39":0.031368,"40":0.070578,"41":0.018298,"42":0.015684,"43":0.624746,"44":0.03921,"45":0.020912,"46":0.020912,"47":0.067964,"48":0.049666,"49":0.428696,"50":0.083648,"51":0.177752,"52":0.23526,"53":0.50973,"54":0.167296,"55":3.134186,"56":8.845776,"57":0.041824,"58":0.020912,"59":null},"firefox":{"2":null,"3":0.047052,"3.5":0.005228,"3.6":0.015684,"4":0.007842,"5":0.007842,"6":0.002614,"7":null,"8":0.007842,"9":null,"10":0.028754,"11":0.023526,"12":0.057508,"13":0.010456,"14":null,"15":0.03921,"16":0.010456,"17":0.159454,"18":0.005228,"19":0.007842,"20":0.002614,"21":0.01307,"22":0.002614,"23":0.005228,"24":0.007842,"25":0.007842,"26":0.015684,"27":0.007842,"28":0.007842,"29":0.02614,"30":0.018298,"31":0.01307,"32":0.01307,"33":0.020912,"34":0.01307,"35":0.096718,"36":0.06535,"37":0.020912,"38":0.054894,"39":0.03921,"40":0.031368,"41":0.044438,"42":0.023526,"43":0.206506,"44":0.086262,"45":0.122858,"46":0.073192,"47":0.616904,"48":0.295382,"49":0.243102,"50":0.389486,"51":4.736568,"52":0.193436,"53":0.015684,"54":null},"opera":{"9":null,"9.5-9.6":null,"10.0-10.1":0,"10.5":null,"10.6":null,"11":0.007842,"11.1":null,"11.5":null,"11.6":0.002614,"12":null,"12.1":0.007842,"15":null,"16":null,"17":null,"18":null,"19":0.005228,"20":0.005228,"21":null,"22":null,"23":null,"24":null,"25":null,"26":null,"27":null,"28":null,"29":null,"30":null,"31":null,"32":null,"33":null,"34":null,"35":0.002614,"36":0.023526,"37":0.002614,"38":0.020912,"39":0.005228,"40":null,"41":0.002614,"42":0.154226,"43":0.284926,"44":null,"45":null},"safari":{"3.1":null,"3.2":null,"4":0,"5":0.002614,"5.1":0.01307,"6":null,"6.1":null,"7":0.007842,"7.1":null,"8":0.010456,"9":0.002614,"9.1":0.028754,"10":0.107174,"10.1":null,"0":null},"ios_saf":{"3.2":0,"4.0-4.1":0,"4.2-4.3":0,"5.0-5.1":0,"6.0-6.1":0.0124186675862,"7.0-7.1":0.0548295889655,"8":0,"8.1-8.4":0.07474632,"9.0-9.2":0.0147618124138,"9.3":0.202682027586,"10.0-10.2":1.84897558345},"android":{"2.1":0,"2.2":0,"2.3":0,"3":0,"4":0.276032908163,"4.1":0.82809872449,"4.2-4.3":2.66647789286,"4.4":5.8905422602,"4.4.3-4.4.4":3.32343621429,"53":null},"ie":{"5.5":null,"6":0.0133887804878,"7":0.00267775609756,"8":0.321330731707,"9":0.20886497561,"10":0.0374885853659,"11":0.514129170732},"op_mob":{"10":0,"11":0,"11.1":0,"11.5":0,"12":0,"12.1":0,"0":0.0164491703057},"edge":{"12":0.05228,"13":0.06535,"14":0.154226,"15":null},"bb":{"7":0.0055395,"10":null},"ie_mob":{"10":0.0154890873786,"11":0.0731429126214},"and_ff":{"0":0.044316},"and_qq":{"1.2":null},"samsung":{"0":6.817278},"and_uc":{"0":4.941234},"op_mini":{"0":7.51727082969},"and_chr":{"0":38.41553}},"total":98.1937735}