{"id":"TC","name":"Turks and Caicos Islands","month":"2017-02","access_date":"2017-03-03","data":{"chrome":{"4":null,"5":null,"6":null,"7":null,"8":null,"9":null,"10":null,"11":null,"12":null,"13":0.004975,"14":null,"15":null,"16":null,"17":null,"18":null,"19":null,"20":null,"21":null,"22":null,"23":null,"24":null,"25":null,"26":null,"27":null,"28":null,"29":null,"30":0.00995,"31":null,"32":0.00995,"33":null,"34":0.024875,"35":0.004975,"36":2.124325,"37":null,"38":0.00995,"39":0.0199,"40":null,"41":0.00995,"42":null,"43":0.094525,"44":0.014925,"45":0.0398,"46":0.0398,"47":0.0199,"48":0.0199,"49":0.74625,"50":0.064675,"51":0.06965,"52":0.064675,"53":0.203975,"54":0.0995,"55":6.711275,"56":16.62645,"57":0.194025,"58":0.06965,"59":null},"firefox":{"2":null,"3":null,"3.5":null,"3.6":null,"4":null,"5":null,"6":null,"7":0.02985,"8":null,"9":null,"10":null,"11":0.174125,"12":null,"13":null,"14":null,"15":null,"16":null,"17":null,"18":0.004975,"19":null,"20":null,"21":null,"22":null,"23":null,"24":0.00995,"25":null,"26":null,"27":null,"28":null,"29":0.004975,"30":null,"31":0.024875,"32":null,"33":null,"34":null,"35":null,"36":null,"37":0.004975,"38":null,"39":null,"40":0.014925,"41":null,"42":null,"43":0.014925,"44":null,"45":null,"46":0.014925,"47":0.0597,"48":0.14925,"49":0.024875,"50":0.18905,"51":3.228775,"52":0.0995,"53":0.004975,"54":null},"opera":{"9":null,"9.5-9.6":null,"10.0-10.1":0,"10.5":null,"10.6":null,"11":null,"11.1":null,"11.5":null,"11.6":null,"12":null,"12.1":null,"15":null,"16":null,"17":null,"18":null,"19":null,"20":null,"21":null,"22":null,"23":null,"24":null,"25":null,"26":null,"27":null,"28":null,"29":0.004975,"30":null,"31":null,"32":0.00995,"33":null,"34":null,"35":null,"36":null,"37":0.014925,"38":null,"39":null,"40":null,"41":null,"42":0.074625,"43":0.114425,"44":null,"45":null},"safari":{"3.1":null,"3.2":null,"4":0,"5":null,"5.1":0.18905,"6":0.00995,"6.1":0.074625,"7":0.084575,"7.1":null,"8":0.1194,"9":0.3582,"9.1":0.701475,"10":2.3681,"10.1":0.004975,"0":null},"ios_saf":{"3.2":0,"4.0-4.1":0,"4.2-4.3":0,"5.0-5.1":0,"6.0-6.1":0.127691862493,"7.0-7.1":0.56377161931,"8":0,"8.1-8.4":0.768560455385,"9.0-9.2":0.151784666737,"9.3":2.08402756711,"10.0-10.2":19.011631829},"android":{"2.1":0,"2.2":0,"2.3":0,"3":0,"4":0.0606880952381,"4.1":0.182064285714,"4.2-4.3":0.586247,"4.4":1.29508395238,"4.4.3-4.4.4":0.730684666667,"53":null},"ie":{"5.5":null,"6":0.00497910817506,"7":null,"8":0.0647284062758,"9":0.119498596201,"10":0.164310569777,"11":5.67618331957},"op_mob":{"10":0,"11":0,"11.1":0,"11.5":0,"12":0,"12.1":0,"0":0.000647454148472},"edge":{"12":0.2985,"13":0.4378,"14":4.621775,"15":null},"bb":{"7":0.095494,"10":null},"ie_mob":{"10":0.0377681941748,"11":0.178349805825},"and_ff":{"0":0.020104},"and_qq":{"1.2":null},"samsung":{"0":3.628772},"and_uc":{"0":0.567938},"op_mini":{"0":0.295886545852},"and_chr":{"0":21.106122}},"total":98.362793}