{"id":"TD","name":"Chad","month":"2017-02","access_date":"2017-03-03","data":{"chrome":{"4":0.00444,"5":null,"6":null,"7":null,"8":null,"9":null,"10":0.00111,"11":0.031635,"12":null,"13":null,"14":null,"15":null,"16":null,"17":null,"18":null,"19":null,"20":null,"21":null,"22":null,"23":0.027195,"24":null,"25":null,"26":0.01554,"27":null,"28":0.00444,"29":0.002775,"30":0.013875,"31":0.002775,"32":0.006105,"33":0.00111,"34":0.00111,"35":null,"36":null,"37":0.00777,"38":null,"39":null,"40":0.003885,"41":null,"42":null,"43":0.009435,"44":null,"45":0.15207,"46":0.002775,"47":null,"48":null,"49":0.024975,"50":0.00888,"51":0.018315,"52":0.002775,"53":0.01443,"54":0.0777,"55":0.25641,"56":0.94794,"57":null,"58":0.001665,"59":null},"firefox":{"2":null,"3":0.77589,"3.5":0.004995,"3.6":0.006105,"4":0.00333,"5":0.00111,"6":0.00111,"7":0.00111,"8":0.00111,"9":0.006105,"10":0.00111,"11":0.00222,"12":0.00111,"13":0.00111,"14":0.00222,"15":0.00111,"16":0.00555,"17":null,"18":0.01776,"19":null,"20":0.00222,"21":0.00222,"22":0.00111,"23":null,"24":null,"25":0.00111,"26":null,"27":null,"28":0.001665,"29":0.006105,"30":null,"31":0.00555,"32":0.002775,"33":0.004995,"34":0.00222,"35":0.006105,"36":0.00666,"37":0.009435,"38":0.012765,"39":0.00444,"40":0.002775,"41":0.00444,"42":0.034965,"43":0.02997,"44":0.01221,"45":0.016095,"46":0.02109,"47":0.434565,"48":0.050505,"49":0.07104,"50":0.112665,"51":1.03008,"52":0.0111,"53":0.00111,"54":null},"opera":{"9":null,"9.5-9.6":null,"10.0-10.1":0,"10.5":null,"10.6":null,"11":null,"11.1":null,"11.5":null,"11.6":null,"12":null,"12.1":0.00666,"15":null,"16":null,"17":null,"18":null,"19":null,"20":null,"21":null,"22":null,"23":null,"24":null,"25":null,"26":null,"27":null,"28":0.00111,"29":0.077145,"30":null,"31":null,"32":0.002775,"33":null,"34":0.00111,"35":null,"36":0.07215,"37":0.003885,"38":null,"39":0.00111,"40":0.00111,"41":null,"42":0.133755,"43":0.0777,"44":null,"45":null},"safari":{"3.1":null,"3.2":null,"4":0.00111,"5":null,"5.1":0.008325,"6":null,"6.1":null,"7":null,"7.1":0.003885,"8":0.007215,"9":0.027195,"9.1":0.012765,"10":0.08325,"10.1":null,"0":null},"ios_saf":{"3.2":0,"4.0-4.1":0,"4.2-4.3":0,"5.0-5.1":0,"6.0-6.1":0.00801828424403,"7.0-7.1":0.0354014813793,"8":0,"8.1-8.4":0.0482609938462,"9.0-9.2":0.00953116806366,"9.3":0.130864450398,"10.0-10.2":1.19381662207},"android":{"2.1":0,"2.2":0,"2.3":0,"3":0,"4":0.0770857142857,"4.1":0.231257142857,"4.2-4.3":0.744648,"4.4":1.64500914286,"4.4.3-4.4.4":0.928112,"53":null},"ie":{"5.5":null,"6":null,"7":0.00115320805369,"8":0.113014389262,"9":0.00518943624161,"10":0.0294068053691,"11":0.280806161074},"op_mob":{"10":0,"11":0,"11.1":0,"11.5":0,"12":0,"12.1":0,"0":0.119748786026},"edge":{"12":0.004995,"13":0.021645,"14":0.063825,"15":null},"bb":{"7":0.0424935,"10":null},"ie_mob":{"10":0.11056561165,"11":0.52211538835},"and_ff":{"0":0.018886},"and_qq":{"1.2":null},"samsung":{"0":1.633639},"and_uc":{"0":21.142877},"op_mini":{"0":54.725195214},"and_chr":{"0":9.649548}},"total":98.4355385}