{"id":"TG","name":"Togo","month":"2017-02","access_date":"2017-03-03","data":{"chrome":{"4":0.018576,"5":null,"6":null,"7":null,"8":null,"9":null,"10":null,"11":0.055728,"12":null,"13":null,"14":0.01548,"15":null,"16":0.034056,"17":null,"18":0.021672,"19":0.021672,"20":null,"21":null,"22":null,"23":null,"24":0.003096,"25":0.009288,"26":0.040248,"27":0.012384,"28":0.03096,"29":0.12384,"30":0.012384,"31":0.04644,"32":0.182664,"33":0.052632,"34":null,"35":0.012384,"36":0.003096,"37":0.018576,"38":0.009288,"39":0.012384,"40":0.027864,"41":0.009288,"42":0.01548,"43":0.653256,"44":0.12384,"45":0.130032,"46":0.055728,"47":0.03096,"48":0.10836,"49":0.318888,"50":0.102168,"51":0.102168,"52":0.126936,"53":0.362232,"54":0.142416,"55":1.647072,"56":5.458248,"57":0.024768,"58":0.01548,"59":null},"firefox":{"2":0.006192,"3":0.182664,"3.5":null,"3.6":0.01548,"4":null,"5":null,"6":null,"7":0.006192,"8":null,"9":0.003096,"10":0.009288,"11":0.021672,"12":0.040248,"13":0.024768,"14":0.003096,"15":0.012384,"16":0.01548,"17":0.003096,"18":0.009288,"19":0.006192,"20":0.037152,"21":0.027864,"22":0.01548,"23":0.024768,"24":0.018576,"25":0.06192,"26":0.024768,"27":0.021672,"28":0.012384,"29":0.105264,"30":0.102168,"31":0.374616,"32":0.06192,"33":0.068112,"34":0.071208,"35":0.13932,"36":0.04644,"37":0.117648,"38":0.226008,"39":0.06192,"40":0.312696,"41":0.12384,"42":0.117648,"43":0.5418,"44":0.210528,"45":0.235296,"46":0.226008,"47":0.832824,"48":0.390096,"49":0.60372,"50":0.832824,"51":8.504712,"52":0.551088,"53":0.009288,"54":0.006192},"opera":{"9":null,"9.5-9.6":null,"10.0-10.1":0,"10.5":null,"10.6":0.006192,"11":null,"11.1":null,"11.5":0.006192,"11.6":0.003096,"12":null,"12.1":0.006192,"15":null,"16":0.012384,"17":0.012384,"18":null,"19":0.043344,"20":null,"21":null,"22":0.003096,"23":null,"24":null,"25":null,"26":0.006192,"27":null,"28":null,"29":null,"30":null,"31":null,"32":null,"33":null,"34":0.012384,"35":0.009288,"36":0.01548,"37":0.03096,"38":0.012384,"39":0.006192,"40":0.009288,"41":0.009288,"42":0.346752,"43":0.359136,"44":null,"45":null},"safari":{"3.1":null,"3.2":null,"4":0.018576,"5":null,"5.1":0.006192,"6":null,"6.1":null,"7":0.040248,"7.1":null,"8":0.021672,"9":0.018576,"9.1":0.0774,"10":0.266256,"10.1":null,"0":null},"ios_saf":{"3.2":0,"4.0-4.1":0,"4.2-4.3":0,"5.0-5.1":0,"6.0-6.1":0.00559059183024,"7.0-7.1":0.0246829903448,"8":0,"8.1-8.4":0.0336490338462,"9.0-9.2":0.00664542047745,"9.3":0.0912426779841,"10.0-10.2":0.832365285517},"android":{"2.1":0,"2.2":0,"2.3":0,"3":0,"4":0.19828452381,"4.1":0.594853571429,"4.2-4.3":1.9154285,"4.4":4.2313917381,"4.4.3-4.4.4":2.38734566667,"53":null},"ie":{"5.5":null,"6":0.0101817509434,"7":0.0237574188679,"8":0.434421373585,"9":0.0814540075472,"10":0.302058611321,"11":0.946902837736},"op_mob":{"10":0,"11":0,"11.1":0,"11.5":0,"12":0,"12.1":0,"0":0.0424188995633},"edge":{"12":0.114552,"13":0.182664,"14":0.405576,"15":null},"bb":{"7":0.075944,"10":null},"ie_mob":{"10":0.240098330097,"11":1.1337976699},"and_ff":{"0":0.03452},"and_qq":{"1.2":null},"samsung":{"0":1.132256},"and_uc":{"0":10.756432},"op_mini":{"0":19.3854371004},"and_chr":{"0":25.963352}},"total":98.615384}