{"id":"TH","name":"Thailand","month":"2017-02","access_date":"2017-03-03","data":{"chrome":{"4":null,"5":null,"6":null,"7":null,"8":null,"9":null,"10":0.008472,"11":0.045184,"12":0.016944,"13":0.005648,"14":null,"15":0.002824,"16":0.008472,"17":0.002824,"18":0.002824,"19":null,"20":0.002824,"21":0.011296,"22":0.025416,"23":null,"24":0.002824,"25":0.01412,"26":0.01412,"27":0.008472,"28":0.005648,"29":0.008472,"30":0.008472,"31":0.04236,"32":0.025416,"33":0.02824,"34":0.033888,"35":0.016944,"36":0.033888,"37":0.01412,"38":0.039536,"39":0.02824,"40":0.02824,"41":0.011296,"42":0.019768,"43":1.17196,"44":0.025416,"45":0.022592,"46":0.050832,"47":0.04236,"48":0.036712,"49":0.929096,"50":0.048008,"51":0.166616,"52":0.118608,"53":0.172264,"54":0.200504,"55":4.399792,"56":13.916672,"57":0.079072,"58":0.0706,"59":null},"firefox":{"2":null,"3":null,"3.5":null,"3.6":0.005648,"4":null,"5":null,"6":null,"7":0.002824,"8":null,"9":null,"10":null,"11":0.002824,"12":0.005648,"13":null,"14":null,"15":null,"16":0.002824,"17":null,"18":null,"19":null,"20":null,"21":null,"22":null,"23":null,"24":null,"25":null,"26":0.008472,"27":null,"28":null,"29":0.005648,"30":0.011296,"31":0.005648,"32":null,"33":0.005648,"34":0.005648,"35":0.005648,"36":0.005648,"37":0.005648,"38":0.008472,"39":0.011296,"40":0.008472,"41":0.008472,"42":0.008472,"43":0.031064,"44":0.008472,"45":0.016944,"46":0.019768,"47":0.067776,"48":0.062128,"49":0.036712,"50":0.129904,"51":1.756528,"52":0.05648,"53":null,"54":null},"opera":{"9":null,"9.5-9.6":null,"10.0-10.1":0,"10.5":null,"10.6":null,"11":null,"11.1":null,"11.5":null,"11.6":null,"12":null,"12.1":null,"15":null,"16":null,"17":null,"18":null,"19":null,"20":null,"21":null,"22":null,"23":null,"24":null,"25":null,"26":null,"27":null,"28":0.002824,"29":null,"30":null,"31":null,"32":null,"33":null,"34":null,"35":null,"36":0.002824,"37":0.005648,"38":0.005648,"39":null,"40":null,"41":null,"42":0.04236,"43":0.08472,"44":null,"45":null},"safari":{"3.1":null,"3.2":null,"4":0.002824,"5":0.002824,"5.1":0.011296,"6":0.002824,"6.1":0.008472,"7":0.01412,"7.1":null,"8":0.039536,"9":0.031064,"9.1":0.118608,"10":0.434896,"10.1":null,"0":null},"ios_saf":{"3.2":0,"4.0-4.1":0,"4.2-4.3":0,"5.0-5.1":0,"6.0-6.1":0.0742693583024,"7.0-7.1":0.327906223448,"8":0,"8.1-8.4":0.447017458462,"9.0-9.2":0.0882824447745,"9.3":1.21213197984,"10.0-10.2":11.0577265352},"android":{"2.1":0,"2.2":0,"2.3":0,"3":0,"4":0.0689338435374,"4.1":0.206801530612,"4.2-4.3":0.665900928571,"4.4":1.47104822109,"4.4.3-4.4.4":0.82996347619,"53":null},"ie":{"5.5":null,"6":null,"7":0.00287115398887,"8":0.189496163265,"9":0.20385193321,"10":0.134944237477,"11":1.01638851206},"op_mob":{"10":0,"11":0,"11.1":0,"11.5":0,"12":0,"12.1":0,"0":0.00148805676856},"edge":{"12":0.022592,"13":0.048008,"14":0.2824,"15":null},"bb":{"7":0,"10":null},"ie_mob":{"10":0.0564168932039,"11":0.266413106796},"and_ff":{"0":0.021522},"and_qq":{"1.2":null},"samsung":{"0":6.262902},"and_uc":{"0":0.846532},"op_mini":{"0":0.680041943231},"and_chr":{"0":47.749584}},"total":99.32385}