{"id":"TJ","name":"Tajikistan","month":"2017-02","access_date":"2017-03-03","data":{"chrome":{"4":0.002948,"5":0.011792,"6":0.002948,"7":null,"8":0.017688,"9":null,"10":0.011792,"11":0.023584,"12":0.114972,"13":0.005896,"14":0.01474,"15":0.017688,"16":0.120868,"17":0.032428,"18":0.002948,"19":null,"20":0.005896,"21":0.011792,"22":0.056012,"23":0.005896,"24":0.023584,"25":0.011792,"26":0.008844,"27":0.008844,"28":0.020636,"29":0.008844,"30":0.005896,"31":0.02948,"32":0.008844,"33":0.002948,"34":0.005896,"35":0.032428,"36":0.005896,"37":0.011792,"38":0.026532,"39":0.008844,"40":0.032428,"41":0.082544,"42":null,"43":0.041272,"44":0.165088,"45":0.076648,"46":0.008844,"47":0.138556,"48":0.02948,"49":1.338392,"50":0.01474,"51":0.064856,"52":0.02948,"53":0.091388,"54":0.209308,"55":4.227432,"56":11.715352,"57":0.008844,"58":0.008844,"59":null},"firefox":{"2":null,"3":0.020636,"3.5":null,"3.6":0.053064,"4":0.005896,"5":0.002948,"6":null,"7":null,"8":null,"9":0.011792,"10":null,"11":null,"12":0.002948,"13":0.017688,"14":null,"15":0.005896,"16":null,"17":0.008844,"18":null,"19":0.002948,"20":null,"21":0.008844,"22":0.008844,"23":null,"24":null,"25":null,"26":null,"27":0.008844,"28":null,"29":null,"30":0.026532,"31":0.005896,"32":0.026532,"33":null,"34":0.005896,"35":0.017688,"36":0.005896,"37":0.002948,"38":0.035376,"39":0.002948,"40":0.035376,"41":0.011792,"42":0.005896,"43":0.041272,"44":0.008844,"45":0.020636,"46":0.011792,"47":0.100232,"48":0.056012,"49":0.04422,"50":0.274164,"51":1.815968,"52":0.02948,"53":null,"54":null},"opera":{"9":null,"9.5-9.6":null,"10.0-10.1":0.020636,"10.5":0.008844,"10.6":0.002948,"11":0.008844,"11.1":0.041272,"11.5":0.005896,"11.6":0.035376,"12":0.020636,"12.1":0.26532,"15":null,"16":0.032428,"17":0.005896,"18":0.008844,"19":null,"20":0.008844,"21":0.023584,"22":0.002948,"23":null,"24":null,"25":0.011792,"26":0.005896,"27":0.005896,"28":0.056012,"29":null,"30":0.02948,"31":null,"32":0.017688,"33":null,"34":0.005896,"35":0.017688,"36":0.170984,"37":0.01474,"38":0.023584,"39":0.005896,"40":0.150348,"41":0.011792,"42":0.424512,"43":0.595496,"44":null,"45":null},"safari":{"3.1":null,"3.2":null,"4":0,"5":0.005896,"5.1":null,"6":null,"6.1":null,"7":null,"7.1":null,"8":0.005896,"9":0.005896,"9.1":0.079596,"10":0.179828,"10.1":null,"0":null},"ios_saf":{"3.2":0,"4.0-4.1":0,"4.2-4.3":0,"5.0-5.1":0,"6.0-6.1":0.0194710022281,"7.0-7.1":0.0859663117241,"8":0,"8.1-8.4":0.117193390769,"9.0-9.2":0.0231447762334,"9.3":0.317781451459,"10.0-10.2":2.89897506759},"android":{"2.1":0,"2.2":0,"2.3":0,"3":0,"4":0.147366411565,"4.1":0.442099234694,"4.2-4.3":1.42355953571,"4.4":3.14479922279,"4.4.3-4.4.4":1.77429159524,"53":null},"ie":{"5.5":null,"6":0.00296433240997,"7":0.00592866481994,"8":0.332005229917,"9":0.0592866481994,"10":0.0652153130194,"11":0.604723811634},"op_mob":{"10":0,"11":0,"11.1":0,"11.5":0,"12":0,"12.1":0,"0":0.0574938165939},"edge":{"12":0.056012,"13":0.064856,"14":0.19162,"15":null},"bb":{"7":0.019393,"10":null},"ie_mob":{"10":0.0985910679612,"11":0.465568932039},"and_ff":{"0":null},"and_qq":{"1.2":null},"samsung":{"0":3.963224},"and_uc":{"0":8.208528},"op_mini":{"0":26.2746741834},"and_chr":{"0":20.223756}},"total":95.114689}