{"id":"TK","name":"Tokelau","month":"2017-02","access_date":"2017-03-03","data":{"chrome":{"4":null,"5":null,"6":null,"7":null,"8":null,"9":null,"10":null,"11":null,"12":null,"13":null,"14":null,"15":null,"16":null,"17":null,"18":null,"19":null,"20":null,"21":null,"22":null,"23":null,"24":null,"25":null,"26":null,"27":null,"28":null,"29":null,"30":null,"31":null,"32":null,"33":null,"34":null,"35":null,"36":null,"37":null,"38":null,"39":null,"40":null,"41":null,"42":null,"43":null,"44":null,"45":null,"46":null,"47":null,"48":null,"49":null,"50":null,"51":null,"52":0.689606,"53":0.111828,"54":2.42294,"55":53.630845,"56":10.959144,"57":null,"58":null,"59":null},"firefox":{"2":null,"3":null,"3.5":null,"3.6":null,"4":null,"5":null,"6":null,"7":null,"8":null,"9":null,"10":null,"11":null,"12":null,"13":null,"14":null,"15":null,"16":null,"17":null,"18":null,"19":null,"20":null,"21":null,"22":null,"23":null,"24":null,"25":null,"26":null,"27":null,"28":null,"29":null,"30":0.111828,"31":null,"32":null,"33":null,"34":null,"35":null,"36":null,"37":null,"38":null,"39":null,"40":null,"41":null,"42":null,"43":null,"44":null,"45":null,"46":null,"47":0.810753,"48":null,"49":1.155556,"50":3.802152,"51":3.802152,"52":null,"53":null,"54":null},"opera":{"9":null,"9.5-9.6":null,"10.0-10.1":0,"10.5":null,"10.6":null,"11":null,"11.1":null,"11.5":null,"11.6":null,"12":null,"12.1":null,"15":null,"16":null,"17":null,"18":null,"19":null,"20":null,"21":null,"22":null,"23":null,"24":null,"25":null,"26":null,"27":null,"28":null,"29":null,"30":null,"31":null,"32":null,"33":6.225092,"34":null,"35":null,"36":null,"37":null,"38":null,"39":null,"40":null,"41":null,"42":null,"43":null,"44":null,"45":null},"safari":{"3.1":null,"3.2":null,"4":0,"5":null,"5.1":null,"6":null,"6.1":null,"7":null,"7.1":null,"8":null,"9":null,"9.1":null,"10":1.155556,"10.1":null,"0":null},"ios_saf":{"3.2":0,"4.0-4.1":0,"4.2-4.3":0,"5.0-5.1":0,"6.0-6.1":0.0114884880637,"7.0-7.1":0.0507227586207,"8":0,"8.1-8.4":0.0691476923077,"9.0-9.2":0.013656127321,"9.3":0.187500795756,"10.0-10.2":1.71048413793},"android":{"2.1":0,"2.2":0,"2.3":0,"3":0,"4":0.00289540816327,"4.1":0.0086862244898,"4.2-4.3":0.0279696428571,"4.4":0.0617880102041,"4.4.3-4.4.4":0.0348607142857,"53":null},"ie":{"5.5":null,"6":null,"7":null,"8":0.232975,"9":null,"10":null,"11":4.957708},"op_mob":{"10":0,"11":0,"11.1":0,"11.5":0,"12":0,"12.1":0,"0":0},"edge":{"12":2.311112,"13":0.111828,"14":0.46595,"15":null},"bb":{"7":0,"10":null},"ie_mob":{"10":0.0238019417476,"11":0.112398058252},"and_ff":{"0":null},"and_qq":{"1.2":null},"samsung":{"0":0.2724},"and_uc":{"0":null},"op_mini":{"0":0},"and_chr":{"0":4.455175}},"total":100}