{"id":"TL","name":"Timor-Leste","month":"2017-02","access_date":"2017-03-03","data":{"chrome":{"4":0.019747,"5":0.039494,"6":null,"7":null,"8":null,"9":0.005642,"10":0.008463,"11":0.05642,"12":null,"13":0.002821,"14":null,"15":0.002821,"16":null,"17":0.002821,"18":null,"19":0.005642,"20":0.002821,"21":null,"22":null,"23":null,"24":null,"25":null,"26":0.022568,"27":0.005642,"28":0.016926,"29":0.005642,"30":0.008463,"31":0.042315,"32":0.05642,"33":0.025389,"34":0.036673,"35":0.011284,"36":0.005642,"37":0.005642,"38":0.008463,"39":null,"40":0.050778,"41":0.005642,"42":0.011284,"43":0.885794,"44":0.014105,"45":0.067704,"46":0.011284,"47":0.050778,"48":0.008463,"49":0.248248,"50":0.005642,"51":0.110019,"52":0.033852,"53":0.14105,"54":0.081809,"55":2.081898,"56":5.805618,"57":0.050778,"58":0.062062,"59":null},"firefox":{"2":null,"3":0.045136,"3.5":0.039494,"3.6":0.070525,"4":0.205933,"5":0.189007,"6":0.053599,"7":0.070525,"8":0.067704,"9":0.031031,"10":0.095914,"11":0.186186,"12":0.121303,"13":0.076167,"14":0.036673,"15":0.031031,"16":0.076167,"17":0.047957,"18":0.095914,"19":0.042315,"20":0.062062,"21":0.118482,"22":0.008463,"23":0.078988,"24":0.039494,"25":0.019747,"26":0.047957,"27":0.02821,"28":0.02821,"29":0.110019,"30":0.073346,"31":0.033852,"32":0.019747,"33":0.059241,"34":0.016926,"35":0.095914,"36":0.073346,"37":0.039494,"38":0.053599,"39":0.093093,"40":0.186186,"41":0.138229,"42":0.064883,"43":0.383656,"44":0.321594,"45":0.067704,"46":0.107198,"47":0.916825,"48":0.425971,"49":0.39494,"50":0.741923,"51":4.7957,"52":0.747565,"53":0.002821,"54":null},"opera":{"9":null,"9.5-9.6":0.005642,"10.0-10.1":0,"10.5":null,"10.6":0.005642,"11":null,"11.1":0.008463,"11.5":0.005642,"11.6":0.005642,"12":null,"12.1":0.016926,"15":null,"16":null,"17":null,"18":0.005642,"19":0.02821,"20":0.002821,"21":null,"22":0.002821,"23":null,"24":null,"25":null,"26":null,"27":null,"28":null,"29":null,"30":0.095914,"31":null,"32":null,"33":0.002821,"34":0.002821,"35":null,"36":0.005642,"37":0.022568,"38":0.062062,"39":null,"40":null,"41":0.014105,"42":0.290563,"43":0.45136,"44":null,"45":null},"safari":{"3.1":null,"3.2":null,"4":0,"5":0.008463,"5.1":0.042315,"6":0.053599,"6.1":0.014105,"7":0.019747,"7.1":0.005642,"8":0.087451,"9":0.098735,"9.1":0.256711,"10":0.369551,"10.1":null,"0":null},"ios_saf":{"3.2":0,"4.0-4.1":0,"4.2-4.3":0,"5.0-5.1":0,"6.0-6.1":0.0220016355438,"7.0-7.1":0.0971392965517,"8":0,"8.1-8.4":0.132424938462,"9.0-9.2":0.0261528875332,"9.3":0.359083297082,"10.0-10.2":3.27575294483},"android":{"2.1":0,"2.2":0,"2.3":0,"3":0,"4":0.127738584184,"4.1":0.383215752551,"4.2-4.3":1.23395472321,"4.4":2.72594138648,"4.4.3-4.4.4":1.53797255357,"53":null},"ie":{"5.5":null,"6":0.00847392,"7":null,"8":0.41522208,"9":0.09321312,"10":0.15253056,"11":1.51965632},"op_mob":{"10":0,"11":0,"11.1":0,"11.5":0,"12":0,"12.1":0,"0":0.0364749628821},"edge":{"12":0.149513,"13":0.177723,"14":0.19747,"15":null},"bb":{"7":0.0035895,"10":null},"ie_mob":{"10":0.0564562135922,"11":0.266598786408},"and_ff":{"0":0.014358},"and_qq":{"1.2":null},"samsung":{"0":3.496173},"and_uc":{"0":9.110151},"op_mini":{"0":16.6690580371},"and_chr":{"0":32.040187}},"total":98.4223875}