{"id":"TM","name":"Turkmenistan","month":"2017-02","access_date":"2017-03-03","data":{"chrome":{"4":0.010689,"5":0.017815,"6":0.010689,"7":null,"8":0.03563,"9":0.024941,"10":0.010689,"11":0.07126,"12":0.03563,"13":0.024941,"14":0.017815,"15":0.024941,"16":0.017815,"17":0.017815,"18":0.053445,"19":0.010689,"20":0.032067,"21":null,"22":0.014252,"23":0.028504,"24":0.007126,"25":0.014252,"26":null,"27":null,"28":0.007126,"29":0.003563,"30":0.017815,"31":0.14252,"32":null,"33":0.028504,"34":0.017815,"35":0.007126,"36":null,"37":0.014252,"38":0.010689,"39":0.042756,"40":0.010689,"41":0.085512,"42":0.021378,"43":0.081949,"44":0.039193,"45":0.10689,"46":0.021378,"47":0.103327,"48":0.024941,"49":0.673407,"50":0.064134,"51":0.78386,"52":0.081949,"53":0.14252,"54":0.327796,"55":3.944241,"56":12.808985,"57":0.028504,"58":0.171024,"59":null},"firefox":{"2":0.024941,"3":0.007126,"3.5":0.007126,"3.6":0.060571,"4":null,"5":null,"6":0.039193,"7":null,"8":0.007126,"9":null,"10":0.003563,"11":null,"12":0.039193,"13":0.007126,"14":0.017815,"15":null,"16":null,"17":0.007126,"18":null,"19":null,"20":0.003563,"21":0.010689,"22":0.007126,"23":0.021378,"24":null,"25":0.014252,"26":0.014252,"27":null,"28":null,"29":0.21378,"30":0.007126,"31":null,"32":0.014252,"33":0.039193,"34":0.007126,"35":0.067697,"36":0.10689,"37":0.017815,"38":0.03563,"39":null,"40":0.014252,"41":0.010689,"42":0.042756,"43":0.267225,"44":0.053445,"45":0.028504,"46":0.014252,"47":0.587895,"48":0.085512,"49":0.103327,"50":0.224469,"51":0.958447,"52":0.007126,"53":0.010689,"54":null},"opera":{"9":null,"9.5-9.6":null,"10.0-10.1":0.007126,"10.5":null,"10.6":null,"11":0.007126,"11.1":null,"11.5":0.199528,"11.6":0.014252,"12":0.039193,"12.1":0.185276,"15":null,"16":0.110453,"17":null,"18":0.010689,"19":0.007126,"20":null,"21":null,"22":null,"23":0.024941,"24":null,"25":0.028504,"26":0.017815,"27":0.007126,"28":0.003563,"29":0.007126,"30":0.003563,"31":0.128268,"32":null,"33":0.010689,"34":0.032067,"35":0.103327,"36":0.003563,"37":null,"38":0.010689,"39":0.017815,"40":0.017815,"41":0.014252,"42":0.103327,"43":0.128268,"44":null,"45":null},"safari":{"3.1":null,"3.2":null,"4":0.010689,"5":0.003563,"5.1":0.032067,"6":0.007126,"6.1":null,"7":0.007126,"7.1":0.021378,"8":0.010689,"9":0.003563,"9.1":0.046319,"10":0.210217,"10.1":null,"0":null},"ios_saf":{"3.2":0,"4.0-4.1":0,"4.2-4.3":0,"5.0-5.1":0,"6.0-6.1":0.0322519311406,"7.0-7.1":0.142395318621,"8":0,"8.1-8.4":0.194120113846,"9.0-9.2":0.0383372011671,"9.3":0.526375857294,"10.0-10.2":4.80188657793},"android":{"2.1":0,"2.2":0,"2.3":0,"3":0,"4":0.282713477891,"4.1":0.848140433673,"4.2-4.3":2.73101219643,"4.4":6.0331056182,"4.4.3-4.4.4":3.40387027381,"53":null},"ie":{"5.5":null,"6":0.00364507958115,"7":0.0109352387435,"8":0.546761937173,"9":0.225994934031,"10":0.207769536126,"11":2.48229919476},"op_mob":{"10":0,"11":0,"11.1":0,"11.5":0,"12":0,"12.1":0,"0":0.00140545851528},"edge":{"12":0.03563,"13":0.028504,"14":0.277914,"15":null},"bb":{"7":0.0289665,"10":null},"ie_mob":{"10":0.0371221165049,"11":0.175298883495},"and_ff":{"0":0.006437},"and_qq":{"1.2":null},"samsung":{"0":13.820239},"and_uc":{"0":2.310883},"op_mini":{"0":0.642294541485},"and_chr":{"0":26.202587}},"total":91.1802314204}