{"id":"TN","name":"Tunisia","month":"2017-02","access_date":"2017-03-03","data":{"chrome":{"4":null,"5":null,"6":0.013492,"7":0.013492,"8":0.013492,"9":null,"10":0.026984,"11":0.047222,"12":0.020238,"13":0.006746,"14":0.013492,"15":0.006746,"16":0.020238,"17":0.006746,"18":0.242856,"19":0.013492,"20":0.013492,"21":0.013492,"22":0.013492,"23":0.03373,"24":0.03373,"25":0.013492,"26":0.03373,"27":0.026984,"28":0.020238,"29":0.060714,"30":0.094444,"31":0.107936,"32":0.114682,"33":0.047222,"34":0.026984,"35":0.026984,"36":0.121428,"37":0.013492,"38":0.03373,"39":0.040476,"40":0.040476,"41":0.040476,"42":0.020238,"43":0.458728,"44":0.047222,"45":0.040476,"46":0.06746,"47":0.06746,"48":0.114682,"49":3.683316,"50":0.148412,"51":0.661108,"52":0.229364,"53":0.634124,"54":0.330554,"55":10.89479,"56":34.91055,"57":0.290078,"58":0.074206,"59":null},"firefox":{"2":null,"3":0.053968,"3.5":0.013492,"3.6":0.013492,"4":null,"5":null,"6":null,"7":null,"8":null,"9":null,"10":null,"11":null,"12":0.026984,"13":null,"14":null,"15":null,"16":null,"17":null,"18":null,"19":null,"20":null,"21":null,"22":null,"23":null,"24":null,"25":null,"26":0.013492,"27":null,"28":null,"29":null,"30":null,"31":0.006746,"32":null,"33":0.006746,"34":null,"35":0.013492,"36":0.006746,"37":0.013492,"38":0.026984,"39":0.013492,"40":0.013492,"41":0.013492,"42":0.013492,"43":0.074206,"44":0.020238,"45":0.060714,"46":0.053968,"47":0.256348,"48":0.296824,"49":0.074206,"50":0.317062,"51":3.926172,"52":0.047222,"53":0.020238,"54":0.006746},"opera":{"9":null,"9.5-9.6":0.006746,"10.0-10.1":0,"10.5":null,"10.6":null,"11":null,"11.1":null,"11.5":null,"11.6":0.006746,"12":null,"12.1":0.006746,"15":null,"16":null,"17":null,"18":null,"19":null,"20":null,"21":null,"22":null,"23":null,"24":null,"25":null,"26":null,"27":null,"28":null,"29":null,"30":null,"31":null,"32":null,"33":null,"34":null,"35":null,"36":0.060714,"37":0.006746,"38":0.047222,"39":0.006746,"40":0.020238,"41":0.020238,"42":0.431744,"43":0.721822,"44":0.013492,"45":null},"safari":{"3.1":null,"3.2":null,"4":0.026984,"5":null,"5.1":0.053968,"6":0.013492,"6.1":0.013492,"7":0.047222,"7.1":null,"8":0.128174,"9":0.060714,"9.1":0.209126,"10":0.478966,"10.1":null,"0":null},"ios_saf":{"3.2":0,"4.0-4.1":0,"4.2-4.3":0,"5.0-5.1":0,"6.0-6.1":0.00966153167109,"7.0-7.1":0.0426565737931,"8":0,"8.1-8.4":0.0581514830769,"9.0-9.2":0.0114844621751,"9.3":0.157683488594,"10.0-10.2":1.43847446069},"android":{"2.1":0,"2.2":0,"2.3":0,"3":0,"4":0.0720113520408,"4.1":0.216034056122,"4.2-4.3":0.695629660714,"4.4":1.53672225255,"4.4.3-4.4.4":0.867016678571,"53":null},"ie":{"5.5":null,"6":0.0164691079812,"7":0.0329382159624,"8":0.625826103286,"9":0.13998741784,"10":0.222332957746,"11":0.716406197183},"op_mob":{"10":0,"11":0,"11.1":0,"11.5":0,"12":0,"12.1":0,"0":0.00572647161572},"edge":{"12":0.047222,"13":0.087698,"14":0.377776,"15":null},"bb":{"7":0.0138295,"10":null},"ie_mob":{"10":0.138753087379,"11":0.655222912621},"and_ff":{"0":0.152938},"and_qq":{"1.2":null},"samsung":{"0":2.089068},"and_uc":{"0":0.631276},"op_mini":{"0":2.61699752838},"and_chr":{"0":21.809084}},"total":97.3593895}