{"id":"TO","name":"Tonga","month":"2017-02","access_date":"2017-03-03","data":{"chrome":{"4":null,"5":null,"6":null,"7":null,"8":null,"9":null,"10":0.08892,"11":0.02964,"12":null,"13":null,"14":null,"15":null,"16":null,"17":null,"18":null,"19":null,"20":null,"21":0.08151,"22":0.02223,"23":null,"24":null,"25":null,"26":null,"27":null,"28":null,"29":0.02223,"30":0.01482,"31":null,"32":0.00741,"33":null,"34":null,"35":null,"36":null,"37":0.01482,"38":0.00741,"39":null,"40":0.01482,"41":0.01482,"42":0.05187,"43":0.01482,"44":0.00741,"45":0.12597,"46":0.00741,"47":0.03705,"48":0.00741,"49":0.48906,"50":0.13338,"51":0.05187,"52":0.02964,"53":0.60021,"54":0.28158,"55":4.88319,"56":14.39022,"57":0.03705,"58":0.06669,"59":null},"firefox":{"2":null,"3":null,"3.5":null,"3.6":0.01482,"4":null,"5":null,"6":null,"7":null,"8":null,"9":null,"10":null,"11":null,"12":0.02964,"13":null,"14":0.00741,"15":null,"16":0.01482,"17":null,"18":null,"19":null,"20":null,"21":null,"22":null,"23":null,"24":null,"25":null,"26":null,"27":null,"28":null,"29":0.02223,"30":null,"31":0.01482,"32":0.01482,"33":null,"34":null,"35":0.00741,"36":0.02223,"37":0.02964,"38":0.01482,"39":0.02223,"40":0.05928,"41":null,"42":null,"43":0.11856,"44":0.08151,"45":0.0741,"46":null,"47":0.16302,"48":0.46683,"49":0.19266,"50":0.80028,"51":40.76982,"52":1.98588,"53":null,"54":0.01482},"opera":{"9":null,"9.5-9.6":null,"10.0-10.1":0,"10.5":null,"10.6":null,"11":null,"11.1":null,"11.5":null,"11.6":null,"12":null,"12.1":0.02223,"15":null,"16":null,"17":null,"18":null,"19":null,"20":null,"21":null,"22":null,"23":null,"24":null,"25":null,"26":null,"27":null,"28":null,"29":null,"30":null,"31":null,"32":null,"33":null,"34":null,"35":null,"36":null,"37":null,"38":null,"39":null,"40":null,"41":null,"42":0.03705,"43":0.01482,"44":null,"45":null},"safari":{"3.1":null,"3.2":null,"4":0,"5":0.00741,"5.1":0.03705,"6":0.01482,"6.1":0.01482,"7":0.0741,"7.1":null,"8":0.05187,"9":0.02223,"9.1":0.20748,"10":0.54834,"10.1":null,"0":null},"ios_saf":{"3.2":0,"4.0-4.1":0,"4.2-4.3":0,"5.0-5.1":0,"6.0-6.1":0.0222253602122,"7.0-7.1":0.098127062069,"8":0,"8.1-8.4":0.133771507692,"9.0-9.2":0.0264188244032,"9.3":0.36273465252,"10.0-10.2":3.3090625931},"android":{"2.1":0,"2.2":0,"2.3":0,"3":0,"4":0.0529672619048,"4.1":0.158901785714,"4.2-4.3":0.51166375,"4.4":1.13032136905,"4.4.3-4.4.4":0.637725833333,"53":null},"ie":{"5.5":null,"6":null,"7":null,"8":0.819272866894,"9":0.0297917406143,"10":0.268125665529,"11":3.24729972696},"op_mob":{"10":0,"11":0,"11.1":0,"11.5":0,"12":0,"12.1":0,"0":0.00075211790393},"edge":{"12":0.03705,"13":0.25935,"14":1.07445,"15":null},"bb":{"7":0.00518,"10":null},"ie_mob":{"10":0.0783034951456,"11":0.369766504854},"and_ff":{"0":0.00777},"and_qq":{"1.2":null},"samsung":{"0":1.91142},"and_uc":{"0":1.28723},"op_mini":{"0":0.343717882096},"and_chr":{"0":15.45488}},"total":99.16561}