{"id":"TT","name":"Trinidad and Tobago","month":"2017-02","access_date":"2017-03-03","data":{"chrome":{"4":null,"5":null,"6":null,"7":null,"8":null,"9":null,"10":null,"11":0.01167,"12":0.005835,"13":null,"14":null,"15":null,"16":null,"17":null,"18":0.005835,"19":null,"20":0.005835,"21":null,"22":0.099195,"23":null,"24":null,"25":null,"26":0.02334,"27":0.005835,"28":0.005835,"29":null,"30":null,"31":0.01167,"32":0.134205,"33":0.01167,"34":0.05835,"35":0.017505,"36":0.38511,"37":0.01167,"38":0.052515,"39":0.02334,"40":0.029175,"41":0.005835,"42":0.005835,"43":0.075855,"44":0.03501,"45":0.029175,"46":0.02334,"47":0.03501,"48":0.02334,"49":1.00362,"50":0.064185,"51":0.122535,"52":0.09336,"53":0.402615,"54":0.180885,"55":8.7525,"56":25.7907,"57":0.1167,"58":0.134205,"59":null},"firefox":{"2":null,"3":null,"3.5":null,"3.6":0.02334,"4":null,"5":null,"6":null,"7":null,"8":null,"9":null,"10":null,"11":null,"12":null,"13":null,"14":null,"15":null,"16":0.005835,"17":null,"18":null,"19":null,"20":null,"21":null,"22":null,"23":null,"24":null,"25":null,"26":null,"27":null,"28":null,"29":null,"30":null,"31":null,"32":null,"33":0.01167,"34":null,"35":0.005835,"36":null,"37":0.01167,"38":0.02334,"39":null,"40":0.02334,"41":null,"42":null,"43":0.07002,"44":0.005835,"45":0.040845,"46":0.01167,"47":0.122535,"48":0.134205,"49":0.064185,"50":0.309255,"51":4.70301,"52":0.19839,"53":0.005835,"54":null},"opera":{"9":null,"9.5-9.6":null,"10.0-10.1":0,"10.5":null,"10.6":null,"11":null,"11.1":null,"11.5":null,"11.6":null,"12":null,"12.1":0.017505,"15":null,"16":null,"17":null,"18":null,"19":null,"20":null,"21":null,"22":null,"23":null,"24":null,"25":null,"26":null,"27":null,"28":null,"29":0.017505,"30":null,"31":null,"32":null,"33":null,"34":null,"35":null,"36":null,"37":0.02334,"38":0.005835,"39":null,"40":null,"41":0.005835,"42":0.122535,"43":0.215895,"44":null,"45":null},"safari":{"3.1":null,"3.2":null,"4":0,"5":0.02334,"5.1":0.03501,"6":0.017505,"6.1":0.03501,"7":0.02334,"7.1":null,"8":0.099195,"9":0.05835,"9.1":0.332595,"10":1.73883,"10.1":0.02334,"0":null},"ios_saf":{"3.2":0,"4.0-4.1":0,"4.2-4.3":0,"5.0-5.1":0,"6.0-6.1":0.035904730504,"7.0-7.1":0.158522772414,"8":0,"8.1-8.4":0.216105830769,"9.0-9.2":0.0426792079576,"9.3":0.585992299735,"10.0-10.2":5.34574015862},"android":{"2.1":0,"2.2":0,"2.3":0,"3":0,"4":0.0468385416667,"4.1":0.140515625,"4.2-4.3":0.4524603125,"4.4":0.999534479167,"4.4.3-4.4.4":0.563936041667,"53":null},"ie":{"5.5":null,"6":null,"7":0.02334,"8":0.180885,"9":0.239235,"10":0.227565,"11":3.501},"op_mob":{"10":0,"11":0,"11.1":0,"11.5":0,"12":0,"12.1":0,"0":0.00219162663755},"edge":{"12":0.1167,"13":0.29175,"14":2.74245,"15":null},"bb":{"7":0.03644375,"10":null},"ie_mob":{"10":0.0742421359223,"11":0.350587864078},"and_ff":{"0":0.045815},"and_qq":{"1.2":null},"samsung":{"0":5.285385},"and_uc":{"0":0.387345},"op_mini":{"0":1.00157337336},"and_chr":{"0":28.5907}},"total":98.04451375}