{"id":"TV","name":"Tuvalu","month":"2017-02","access_date":"2017-03-03","data":{"chrome":{"4":null,"5":null,"6":null,"7":null,"8":null,"9":null,"10":null,"11":null,"12":null,"13":null,"14":null,"15":null,"16":null,"17":null,"18":null,"19":null,"20":null,"21":null,"22":null,"23":null,"24":null,"25":null,"26":null,"27":null,"28":null,"29":null,"30":null,"31":null,"32":null,"33":null,"34":null,"35":null,"36":null,"37":null,"38":null,"39":null,"40":null,"41":null,"42":null,"43":0.15916,"44":null,"45":null,"46":null,"47":null,"48":0.15916,"49":null,"50":null,"51":null,"52":1.782592,"53":0.326278,"54":0.644598,"55":8.427522,"56":25.123406,"57":0.15916,"58":null,"59":null},"firefox":{"2":null,"3":null,"3.5":null,"3.6":null,"4":null,"5":null,"6":null,"7":null,"8":null,"9":null,"10":null,"11":null,"12":null,"13":null,"14":null,"15":null,"16":null,"17":null,"18":null,"19":null,"20":null,"21":null,"22":null,"23":null,"24":null,"25":null,"26":null,"27":null,"28":null,"29":null,"30":null,"31":null,"32":null,"33":null,"34":null,"35":null,"36":null,"37":null,"38":null,"39":null,"40":null,"41":null,"42":null,"43":null,"44":null,"45":null,"46":0.15916,"47":2.10887,"48":null,"49":null,"50":2.26803,"51":23.014536,"52":0.644598,"53":null,"54":null},"opera":{"9":null,"9.5-9.6":null,"10.0-10.1":0,"10.5":null,"10.6":null,"11":null,"11.1":null,"11.5":null,"11.6":null,"12":null,"12.1":null,"15":null,"16":null,"17":null,"18":null,"19":null,"20":null,"21":null,"22":null,"23":null,"24":null,"25":null,"26":null,"27":null,"28":null,"29":null,"30":null,"31":null,"32":null,"33":null,"34":null,"35":null,"36":null,"37":null,"38":null,"39":null,"40":null,"41":null,"42":null,"43":null,"44":null,"45":null},"safari":{"3.1":null,"3.2":null,"4":0,"5":null,"5.1":null,"6":null,"6.1":0.15916,"7":null,"7.1":null,"8":null,"9":1.137994,"9.1":0.15916,"10":3.565184,"10.1":null,"0":null},"ios_saf":{"3.2":0,"4.0-4.1":0,"4.2-4.3":0,"5.0-5.1":0,"6.0-6.1":0.00675192445623,"7.0-7.1":0.0298103834483,"8":0,"8.1-8.4":0.0406389415385,"9.0-9.2":0.00802587246684,"9.3":0.110196502918,"10.0-10.2":1.00527237517},"android":{"2.1":0,"2.2":0,"2.3":0,"3":0,"4":0.148939243197,"4.1":0.446817729592,"4.2-4.3":1.43875308929,"4.4":3.17836344983,"4.4.3-4.4.4":1.7932284881,"53":null},"ie":{"5.5":null,"6":null,"7":null,"8":1.782592,"9":0.15916,"10":0.326278,"11":5.347776},"op_mob":{"10":0,"11":0,"11.1":0,"11.5":0,"12":0,"12.1":0,"0":0},"edge":{"12":0.15916,"13":0.15916,"14":null,"15":null},"bb":{"7":0.050029,"10":null},"ie_mob":{"10":0,"11":0},"and_ff":{"0":null},"and_qq":{"1.2":null},"samsung":{"0":0.200116},"and_uc":{"0":null},"op_mini":{"0":0},"and_chr":{"0":12.25541}},"total":98.645047}