{"id":"TW","name":"Taiwan","month":"2017-02","access_date":"2017-03-03","data":{"chrome":{"4":null,"5":null,"6":null,"7":null,"8":null,"9":null,"10":null,"11":0.041552,"12":null,"13":null,"14":null,"15":null,"16":null,"17":null,"18":null,"19":null,"20":null,"21":null,"22":null,"23":null,"24":null,"25":null,"26":null,"27":0.015582,"28":0.005194,"29":0.020776,"30":0.010388,"31":0.041552,"32":0.010388,"33":0.046746,"34":0.015582,"35":0.020776,"36":0.036358,"37":0.015582,"38":0.098686,"39":0.046746,"40":0.015582,"41":0.02597,"42":0.020776,"43":0.093492,"44":0.041552,"45":0.166208,"46":0.05194,"47":0.093492,"48":0.088298,"49":2.25939,"50":0.192178,"51":0.592116,"52":0.18179,"53":0.20776,"54":0.28567,"55":8.092252,"56":24.068996,"57":0.067522,"58":0.057134,"59":null},"firefox":{"2":null,"3":0.005194,"3.5":null,"3.6":null,"4":null,"5":null,"6":null,"7":null,"8":null,"9":null,"10":null,"11":null,"12":null,"13":null,"14":null,"15":null,"16":0.010388,"17":null,"18":null,"19":null,"20":null,"21":0.010388,"22":null,"23":null,"24":null,"25":null,"26":null,"27":null,"28":0.005194,"29":0.005194,"30":null,"31":0.005194,"32":null,"33":0.005194,"34":0.010388,"35":0.005194,"36":0.010388,"37":0.010388,"38":0.020776,"39":0.005194,"40":0.010388,"41":0.015582,"42":0.015582,"43":0.072716,"44":0.015582,"45":0.057134,"46":0.05194,"47":0.23373,"48":0.135044,"49":0.041552,"50":0.218148,"51":3.03849,"52":0.036358,"53":null,"54":null},"opera":{"9":null,"9.5-9.6":null,"10.0-10.1":0,"10.5":null,"10.6":null,"11":null,"11.1":null,"11.5":null,"11.6":null,"12":null,"12.1":0.010388,"15":null,"16":null,"17":null,"18":null,"19":null,"20":null,"21":null,"22":null,"23":null,"24":null,"25":null,"26":null,"27":null,"28":0.010388,"29":null,"30":null,"31":null,"32":null,"33":null,"34":null,"35":null,"36":0.010388,"37":null,"38":0.083104,"39":null,"40":null,"41":null,"42":0.057134,"43":0.083104,"44":null,"45":null},"safari":{"3.1":null,"3.2":null,"4":0.010388,"5":0.015582,"5.1":0.02597,"6":null,"6.1":0.02597,"7":0.02597,"7.1":null,"8":0.083104,"9":0.067522,"9.1":0.275282,"10":1.0388,"10.1":0.010388,"0":null},"ios_saf":{"3.2":0,"4.0-4.1":0,"4.2-4.3":0,"5.0-5.1":0,"6.0-6.1":0.0762667581963,"7.0-7.1":0.336724932414,"8":0,"8.1-8.4":0.459039544615,"9.0-9.2":0.0906567125729,"9.3":1.24473105358,"10.0-10.2":11.3551129986},"android":{"2.1":0,"2.2":0,"2.3":0,"3":0,"4":0.0298331632653,"4.1":0.0894994897959,"4.2-4.3":0.288188357143,"4.4":0.636639704082,"4.4.3-4.4.4":0.359191285714,"53":null},"ie":{"5.5":null,"6":0.0317919899244,"7":0.0211946599496,"8":0.868981057935,"9":0.28612790932,"10":0.302023904282,"11":4.78999314861},"op_mob":{"10":0,"11":0,"11.1":0,"11.5":0,"12":0,"12.1":0,"0":0.00069256768559},"edge":{"12":0.02597,"13":0.15582,"14":1.111516,"15":null},"bb":{"7":0.002403,"10":null},"ie_mob":{"10":0.0125982524272,"11":0.0594917475728},"and_ff":{"0":0.02403},"and_qq":{"1.2":null},"samsung":{"0":3.061422},"and_uc":{"0":0.2403},"op_mini":{"0":0.316503432314},"and_chr":{"0":29.915312}},"total":99.10488367}