{"id":"TZ","name":"Tanzania","month":"2017-02","access_date":"2017-03-03","data":{"chrome":{"4":null,"5":null,"6":null,"7":null,"8":null,"9":0.001775,"10":0.0071,"11":0.044375,"12":null,"13":null,"14":null,"15":null,"16":null,"17":null,"18":0.005325,"19":null,"20":0.001775,"21":0.0213,"22":0.00355,"23":0.001775,"24":null,"25":0.0071,"26":0.00355,"27":0.008875,"28":0.00355,"29":0.012425,"30":0.001775,"31":0.019525,"32":0.008875,"33":0.0142,"34":0.00355,"35":null,"36":0.03905,"37":null,"38":0.0142,"39":0.005325,"40":0.012425,"41":0.00355,"42":0.00355,"43":0.115375,"44":0.00355,"45":0.030175,"46":0.008875,"47":0.0071,"48":0.008875,"49":0.14555,"50":0.019525,"51":0.072775,"52":0.019525,"53":0.2272,"54":0.03905,"55":2.007525,"56":5.5096,"57":0.023075,"58":0.0284,"59":null},"firefox":{"2":null,"3":0.0071,"3.5":0.00355,"3.6":0.0142,"4":0.030175,"5":0.0071,"6":0.019525,"7":0.0142,"8":0.0071,"9":0.005325,"10":0.0071,"11":0.015975,"12":0.02485,"13":0.0213,"14":0.015975,"15":0.015975,"16":0.02485,"17":0.01065,"18":0.01775,"19":0.0142,"20":0.015975,"21":0.01775,"22":0.008875,"23":0.02485,"24":0.0071,"25":0.012425,"26":0.012425,"27":0.01065,"28":0.008875,"29":0.0426,"30":0.033725,"31":0.023075,"32":0.0142,"33":0.019525,"34":0.0213,"35":0.030175,"36":0.01775,"37":0.03195,"38":0.033725,"39":0.019525,"40":0.026625,"41":0.019525,"42":0.026625,"43":0.13135,"44":0.11005,"45":0.051475,"46":0.03905,"47":0.314175,"48":0.140225,"49":0.15975,"50":0.3479,"51":2.698,"52":0.3692,"53":0.008875,"54":null},"opera":{"9":null,"9.5-9.6":0.001775,"10.0-10.1":0,"10.5":null,"10.6":0.015975,"11":0.00355,"11.1":0.001775,"11.5":0.0071,"11.6":0.01065,"12":0.00355,"12.1":0.0142,"15":0.00355,"16":0.001775,"17":0.0071,"18":0.00355,"19":0.001775,"20":0.00355,"21":null,"22":0.005325,"23":null,"24":null,"25":null,"26":0.008875,"27":null,"28":0.00355,"29":0.00355,"30":0.005325,"31":null,"32":null,"33":0.0071,"34":0.00355,"35":0.01065,"36":0.0213,"37":0.062125,"38":0.00355,"39":0.005325,"40":0.01065,"41":0.019525,"42":0.278675,"43":0.406475,"44":null,"45":null},"safari":{"3.1":null,"3.2":null,"4":0.001775,"5":0.008875,"5.1":0.012425,"6":0.023075,"6.1":0.0071,"7":0.0071,"7.1":0.008875,"8":0.03905,"9":0.04615,"9.1":0.101175,"10":0.3266,"10.1":null,"0":null},"ios_saf":{"3.2":0,"4.0-4.1":0,"4.2-4.3":0,"5.0-5.1":0,"6.0-6.1":0.00601275862069,"7.0-7.1":0.0265468965517,"8":0,"8.1-8.4":0.03619,"9.0-9.2":0.00714724137931,"9.3":0.0981327586207,"10.0-10.2":0.895220344828},"android":{"2.1":0,"2.2":0,"2.3":0,"3":0,"4":0.131837797619,"4.1":0.395513392857,"4.2-4.3":1.273553125,"4.4":2.81341860119,"4.4.3-4.4.4":1.58732708333,"53":null},"ie":{"5.5":null,"6":0.00535928111588,"7":0.00178642703863,"8":0.191147693133,"9":0.0214371244635,"10":0.0660978004292,"11":0.54664667382},"op_mob":{"10":0,"11":0,"11.1":0,"11.5":0,"12":0,"12.1":0,"0":0.0928096069869},"edge":{"12":0.0852,"13":0.058575,"14":0.213,"15":null},"bb":{"7":0.03495625,"10":null},"ie_mob":{"10":0.152362135922,"11":0.719487864078},"and_ff":{"0":0.024675},"and_qq":{"1.2":null},"samsung":{"0":1.751925},"and_uc":{"0":12.0414},"op_mini":{"0":42.413990393},"and_chr":{"0":15.590875}},"total":96.44113125}