{"id":"UA","name":"Ukraine","month":"2017-02","access_date":"2017-03-03","data":{"chrome":{"4":0.008311,"5":0.008311,"6":null,"7":null,"8":null,"9":0.008311,"10":0.008311,"11":0.058177,"12":0.024933,"13":0.024933,"14":0.024933,"15":0.016622,"16":0.024933,"17":0.033244,"18":0.058177,"19":0.024933,"20":0.024933,"21":0.033244,"22":0.058177,"23":0.033244,"24":0.033244,"25":0.024933,"26":0.033244,"27":0.033244,"28":0.049866,"29":0.016622,"30":0.024933,"31":0.041555,"32":0.024933,"33":0.016622,"34":0.041555,"35":0.024933,"36":0.033244,"37":0.016622,"38":0.024933,"39":0.132976,"40":0.049866,"41":0.058177,"42":0.033244,"43":0.282574,"44":0.041555,"45":0.08311,"46":0.08311,"47":0.108043,"48":0.149598,"49":3.058448,"50":0.157909,"51":1.446114,"52":0.24933,"53":0.357373,"54":0.390617,"55":10.712879,"56":32.471077,"57":0.124665,"58":0.199464,"59":null},"firefox":{"2":0.016622,"3":0.033244,"3.5":0.049866,"3.6":0.182842,"4":0.016622,"5":null,"6":null,"7":null,"8":null,"9":0.008311,"10":0.008311,"11":0.008311,"12":0.024933,"13":null,"14":null,"15":0.016622,"16":0.049866,"17":null,"18":0.008311,"19":null,"20":0.016622,"21":0.024933,"22":0.008311,"23":0.016622,"24":0.033244,"25":0.016622,"26":0.016622,"27":null,"28":0.016622,"29":0.008311,"30":null,"31":0.016622,"32":0.008311,"33":0.033244,"34":0.024933,"35":0.033244,"36":0.033244,"37":0.033244,"38":0.124665,"39":0.016622,"40":0.033244,"41":0.033244,"42":0.049866,"43":0.149598,"44":0.033244,"45":0.556837,"46":0.108043,"47":0.373995,"48":0.24933,"49":0.141287,"50":0.556837,"51":7.81234,"52":0.066488,"53":0.049866,"54":null},"opera":{"9":null,"9.5-9.6":null,"10.0-10.1":0,"10.5":0.008311,"10.6":0.024933,"11":0.008311,"11.1":0.016622,"11.5":0.024933,"11.6":0.182842,"12":0.08311,"12.1":2.061128,"15":0.016622,"16":0.016622,"17":null,"18":0.016622,"19":null,"20":0.024933,"21":null,"22":null,"23":null,"24":null,"25":null,"26":0.016622,"27":0.041555,"28":0.024933,"29":0.016622,"30":0.033244,"31":0.016622,"32":0.016622,"33":0.024933,"34":0.024933,"35":0.033244,"36":0.8311,"37":0.066488,"38":0.108043,"39":0.041555,"40":0.041555,"41":0.074799,"42":1.811798,"43":3.299467,"44":0.024933,"45":null},"safari":{"3.1":null,"3.2":null,"4":0.024933,"5":0.049866,"5.1":0.049866,"6":0.016622,"6.1":0.016622,"7":0.016622,"7.1":null,"8":0.058177,"9":0.066488,"9.1":0.265952,"10":1.41287,"10.1":0.016622,"0":null},"ios_saf":{"3.2":0,"4.0-4.1":0,"4.2-4.3":0,"5.0-5.1":0,"6.0-6.1":0.0181788369231,"7.0-7.1":0.08026128,"8":0,"8.1-8.4":0.109416018462,"9.0-9.2":0.0216088061538,"9.3":0.296692338462,"10.0-10.2":2.70658872},"android":{"2.1":0,"2.2":0,"2.3":0,"3":0,"4":0.0261392857143,"4.1":0.0784178571429,"4.2-4.3":0.2525055,"4.4":0.557812357143,"4.4.3-4.4.4":0.314717,"53":null},"ie":{"5.5":null,"6":0.0172404930233,"7":0.0258607395349,"8":0.456873065116,"9":0.137923944186,"10":0.163784683721,"11":1.05167007442},"op_mob":{"10":0,"11":0,"11.1":0,"11.5":0,"12":0,"12.1":0,"0":0.00311616812227},"edge":{"12":0.024933,"13":0.091421,"14":0.606703,"15":null},"bb":{"7":0.005067,"10":null},"ie_mob":{"10":0.0392569514563,"11":0.185380048544},"and_ff":{"0":0.013512},"and_qq":{"1.2":null},"samsung":{"0":0.761739},"and_uc":{"0":0.619863},"op_mini":{"0":1.42408883188},"and_chr":{"0":9.374972}},"total":92.718897}