{"id":"UG","name":"Uganda","month":"2017-02","access_date":"2017-03-03","data":{"chrome":{"4":null,"5":0.00578,"6":null,"7":null,"8":0.00578,"9":null,"10":0.00289,"11":0.04335,"12":null,"13":null,"14":null,"15":null,"16":null,"17":null,"18":0.00578,"19":0.00578,"20":null,"21":0.00578,"22":0.00867,"23":0.01445,"24":0.01156,"25":0.01445,"26":0.01445,"27":null,"28":0.01734,"29":0.00578,"30":0.00867,"31":0.02023,"32":0.03468,"33":0.03757,"34":0.00289,"35":0.20519,"36":0.0289,"37":0.00289,"38":0.00867,"39":0.01734,"40":0.01445,"41":0.00289,"42":0.00578,"43":0.07514,"44":0.00867,"45":0.01734,"46":0.00867,"47":0.02312,"48":0.02312,"49":0.43928,"50":0.03179,"51":0.04335,"52":0.04913,"53":0.16762,"54":0.09537,"55":2.70215,"56":8.03131,"57":0.04624,"58":0.04046,"59":null},"firefox":{"2":null,"3":0.0289,"3.5":0.00867,"3.6":0.02312,"4":0.02023,"5":0.01156,"6":0.00289,"7":0.02023,"8":0.02023,"9":0.02023,"10":0.02312,"11":0.02023,"12":0.05491,"13":0.04046,"14":0.05202,"15":0.03179,"16":0.02312,"17":0.07225,"18":0.01445,"19":0.03179,"20":0.04046,"21":0.03757,"22":0.03468,"23":0.01734,"24":0.03179,"25":0.02601,"26":0.01445,"27":0.02312,"28":0.02312,"29":0.08092,"30":0.06069,"31":0.06936,"32":0.03179,"33":0.03179,"34":0.0578,"35":0.06358,"36":0.04335,"37":0.10693,"38":0.07803,"39":0.10404,"40":0.06647,"41":0.10115,"42":0.07803,"43":0.37859,"44":0.31501,"45":0.20808,"46":0.09248,"47":0.64158,"48":0.37281,"49":0.4335,"50":0.71961,"51":6.59209,"52":1.20224,"53":0.0289,"54":0.00289},"opera":{"9":null,"9.5-9.6":null,"10.0-10.1":0,"10.5":null,"10.6":null,"11":0.00289,"11.1":0.00289,"11.5":0.00289,"11.6":0.00867,"12":null,"12.1":0.00578,"15":null,"16":null,"17":null,"18":null,"19":null,"20":0.00289,"21":0.00289,"22":null,"23":null,"24":null,"25":null,"26":null,"27":null,"28":0.00867,"29":0.01156,"30":null,"31":null,"32":null,"33":0.00578,"34":0.00578,"35":0.00578,"36":0.02023,"37":0.02601,"38":0.00578,"39":0.00867,"40":0.00867,"41":0.01156,"42":0.1734,"43":0.2312,"44":null,"45":null},"safari":{"3.1":null,"3.2":null,"4":0,"5":0.00289,"5.1":0.01734,"6":0.01156,"6.1":null,"7":0.02312,"7.1":null,"8":0.06069,"9":0.06358,"9.1":0.0867,"10":0.20519,"10.1":null,"0":null},"ios_saf":{"3.2":0,"4.0-4.1":0,"4.2-4.3":0,"5.0-5.1":0,"6.0-6.1":0.00539756498674,"7.0-7.1":0.0238307586207,"8":0,"8.1-8.4":0.0324872307692,"9.0-9.2":0.0064159734748,"9.3":0.0880923342175,"10.0-10.2":0.803626137931},"android":{"2.1":0,"2.2":0,"2.3":0,"3":0,"4":0.0837359693878,"4.1":0.251207908163,"4.2-4.3":0.808889464286,"4.4":1.78692558673,"4.4.3-4.4.4":1.00818107143,"53":null},"ie":{"5.5":null,"6":0.00584689814815,"7":null,"8":0.190024189815,"9":0.0555455324074,"10":0.119861412037,"11":0.891651967593},"op_mob":{"10":0,"11":0,"11.1":0,"11.5":0,"12":0,"12.1":0,"0":0.105920371179},"edge":{"12":0.13005,"13":0.08959,"14":0.21097,"15":null},"bb":{"7":0.046215,"10":null},"ie_mob":{"10":0.191348737864,"11":0.903591262136},"and_ff":{"0":0.01422},"and_qq":{"1.2":null},"samsung":{"0":1.07361},"and_uc":{"0":4.72815},"op_mini":{"0":48.4056096288},"and_chr":{"0":10.13159}},"total":98.300845}