{"id":"US","name":"United States of America","month":"2017-02","access_date":"2017-03-03","data":{"chrome":{"4":null,"5":null,"6":null,"7":null,"8":null,"9":null,"10":0.005345,"11":0.016035,"12":null,"13":null,"14":null,"15":null,"16":null,"17":null,"18":0.016035,"19":null,"20":null,"21":0.01069,"22":0.005345,"23":0.005345,"24":null,"25":0.01069,"26":null,"27":0.016035,"28":null,"29":0.016035,"30":null,"31":0.02138,"32":0.02138,"33":0.01069,"34":0.02138,"35":0.016035,"36":0.03207,"37":0.03207,"38":0.037415,"39":0.03207,"40":0.04276,"41":0.1069,"42":0.08552,"43":0.229835,"44":0.069485,"45":0.080175,"46":0.048105,"47":0.058795,"48":0.133625,"49":0.924685,"50":0.18173,"51":0.507775,"52":0.229835,"53":0.304665,"54":0.550535,"55":8.10302,"56":16.82606,"57":0.07483,"58":0.06414,"59":null},"firefox":{"2":null,"3":0.02138,"3.5":null,"3.6":0.01069,"4":null,"5":null,"6":null,"7":null,"8":null,"9":null,"10":0.005345,"11":0.01069,"12":0.005345,"13":null,"14":null,"15":null,"16":0.01069,"17":0.005345,"18":null,"19":null,"20":null,"21":0.02138,"22":null,"23":null,"24":0.01069,"25":0.005345,"26":0.005345,"27":0.005345,"28":0.01069,"29":0.016035,"30":0.005345,"31":0.03207,"32":null,"33":0.016035,"34":0.005345,"35":0.016035,"36":0.026725,"37":0.02138,"38":0.05345,"39":0.016035,"40":0.016035,"41":0.026725,"42":0.016035,"43":0.058795,"44":0.016035,"45":0.240525,"46":0.069485,"47":0.229835,"48":0.31001,"49":0.122935,"50":0.411565,"51":4.730325,"52":0.04276,"53":0.005345,"54":null},"opera":{"9":null,"9.5-9.6":null,"10.0-10.1":0,"10.5":null,"10.6":null,"11":null,"11.1":null,"11.5":null,"11.6":null,"12":null,"12.1":0.016035,"15":null,"16":null,"17":null,"18":null,"19":null,"20":null,"21":null,"22":null,"23":null,"24":null,"25":null,"26":null,"27":null,"28":0.016035,"29":null,"30":null,"31":null,"32":null,"33":null,"34":null,"35":null,"36":0.01069,"37":null,"38":0.048105,"39":null,"40":null,"41":null,"42":0.06414,"43":0.090865,"44":null,"45":null},"safari":{"3.1":null,"3.2":null,"4":0.026725,"5":0.037415,"5.1":0.1069,"6":0.01069,"6.1":0.06414,"7":0.03207,"7.1":0.01069,"8":0.176385,"9":0.187075,"9.1":0.999515,"10":3.404765,"10.1":0.02138,"0":null},"ios_saf":{"3.2":0,"4.0-4.1":0,"4.2-4.3":0,"5.0-5.1":0,"6.0-6.1":0.136016950663,"7.0-7.1":0.600527668966,"8":0,"8.1-8.4":0.818668061538,"9.0-9.2":0.16168052626,"9.3":2.21989928912,"10.0-10.2":20.2511275034},"android":{"2.1":0,"2.2":0,"2.3":0,"3":0,"4":0.0130653061224,"4.1":0.0391959183673,"4.2-4.3":0.126210857143,"4.4":0.278813632653,"4.4.3-4.4.4":0.157306285714,"53":null},"ie":{"5.5":null,"6":0.0651594437086,"7":0.0380096754967,"8":0.358376940397,"9":0.309507357616,"10":0.331227172185,"11":7.09151945695},"op_mob":{"10":0,"11":0,"11.1":0,"11.5":0,"12":0,"12.1":0,"0":0.000254148471616},"edge":{"12":0.058795,"13":0.219145,"14":3.08941,"15":null},"bb":{"7":0.012804,"10":null},"ie_mob":{"10":0.0292921165049,"11":0.138323883495},"and_ff":{"0":0.060528},"and_qq":{"1.2":null},"samsung":{"0":2.93328},"and_uc":{"0":0.3492},"op_mini":{"0":0.116145851528},"and_chr":{"0":18.051291}},"total":98.9600660464}