{"id":"UY","name":"Uruguay","month":"2017-02","access_date":"2017-03-03","data":{"chrome":{"4":null,"5":0.006026,"6":null,"7":null,"8":null,"9":null,"10":null,"11":0.024104,"12":null,"13":null,"14":null,"15":null,"16":null,"17":null,"18":0.036156,"19":null,"20":null,"21":null,"22":0.012052,"23":null,"24":null,"25":null,"26":0.018078,"27":0.024104,"28":null,"29":0.006026,"30":null,"31":0.018078,"32":0.102442,"33":null,"34":0.024104,"35":0.048208,"36":0.51221,"37":0.024104,"38":0.042182,"39":0.072312,"40":0.018078,"41":0.012052,"42":0.048208,"43":0.108468,"44":0.042182,"45":0.042182,"46":0.457976,"47":0.235014,"48":2.964792,"49":2.458608,"50":0.198858,"51":0.235014,"52":0.174754,"53":0.228988,"54":0.247066,"55":9.093234,"56":27.526768,"57":0.084364,"58":0.024104,"59":null},"firefox":{"2":null,"3":0.024104,"3.5":null,"3.6":0.054234,"4":null,"5":null,"6":null,"7":null,"8":null,"9":null,"10":null,"11":null,"12":0.012052,"13":null,"14":null,"15":null,"16":0.042182,"17":0.048208,"18":null,"19":null,"20":0.036156,"21":null,"22":null,"23":0.57247,"24":null,"25":0.36156,"26":null,"27":0.144624,"28":0.012052,"29":0.012052,"30":0.006026,"31":null,"32":0.006026,"33":0.427846,"34":0.012052,"35":0.03013,"36":0.006026,"37":0.018078,"38":0.144624,"39":0.024104,"40":0.09039,"41":0.018078,"42":0.018078,"43":0.162702,"44":0.012052,"45":0.204884,"46":0.054234,"47":0.222962,"48":0.126546,"49":0.132572,"50":0.313352,"51":4.585786,"52":0.024104,"53":0.012052,"54":null},"opera":{"9":null,"9.5-9.6":null,"10.0-10.1":0,"10.5":null,"10.6":null,"11":null,"11.1":null,"11.5":null,"11.6":null,"12":null,"12.1":0.012052,"15":null,"16":null,"17":null,"18":null,"19":null,"20":null,"21":null,"22":null,"23":null,"24":null,"25":null,"26":null,"27":null,"28":null,"29":null,"30":null,"31":null,"32":null,"33":null,"34":null,"35":null,"36":0.018078,"37":null,"38":0.024104,"39":null,"40":null,"41":0.012052,"42":0.15065,"43":0.253092,"44":null,"45":null},"safari":{"3.1":null,"3.2":null,"4":0.006026,"5":null,"5.1":0.012052,"6":null,"6.1":0.012052,"7":0.006026,"7.1":null,"8":0.102442,"9":0.054234,"9.1":0.259118,"10":0.861718,"10.1":0.012052,"0":null},"ios_saf":{"3.2":0,"4.0-4.1":0,"4.2-4.3":0,"5.0-5.1":0,"6.0-6.1":0.0262066246154,"7.0-7.1":0.11570472,"8":0,"8.1-8.4":0.157734212308,"9.0-9.2":0.0311512707692,"9.3":0.427711892308,"10.0-10.2":3.90182028},"android":{"2.1":0,"2.2":0,"2.3":0,"3":0,"4":0.0368245748299,"4.1":0.11047372449,"4.2-4.3":0.355725392857,"4.4":0.785836426871,"4.4.3-4.4.4":0.443367880952,"53":null},"ie":{"5.5":null,"6":0.0126589352518,"7":0.0126589352518,"8":0.265837640288,"9":0.101271482014,"10":0.120259884892,"11":1.2469051223},"op_mob":{"10":0,"11":0,"11.1":0,"11.5":0,"12":0,"12.1":0,"0":0.00181300655022},"edge":{"12":0.066286,"13":0.096416,"14":0.741198,"15":null},"bb":{"7":0.011919,"10":null},"ie_mob":{"10":0.360347242718,"11":1.70163975728},"and_ff":{"0":0.071514},"and_qq":{"1.2":null},"samsung":{"0":2.069933},"and_uc":{"0":0.135082},"op_mini":{"0":0.82854399345},"and_chr":{"0":28.824091}},"total":97.999974}