{"id":"UZ","name":"Uzbekistan","month":"2017-02","access_date":"2017-03-03","data":{"chrome":{"4":0.022955,"5":0.064274,"6":null,"7":0.013773,"8":0.022955,"9":null,"10":0.004591,"11":0.032137,"12":0.09182,"13":0.018364,"14":0.004591,"15":0.013773,"16":0.165276,"17":0.073456,"18":0.041319,"19":0.004591,"20":0.027546,"21":0.018364,"22":0.027546,"23":0.027546,"24":0.032137,"25":0.013773,"26":0.013773,"27":0.022955,"28":0.022955,"29":0.013773,"30":0.022955,"31":0.073456,"32":0.022955,"33":0.009182,"34":0.022955,"35":0.055092,"36":0.009182,"37":0.022955,"38":0.027546,"39":0.197413,"40":0.04591,"41":0.027546,"42":0.018364,"43":0.09182,"44":0.055092,"45":0.087229,"46":0.041319,"47":0.082638,"48":0.114775,"49":2.727054,"50":0.032137,"51":0.188231,"52":0.110184,"53":0.18364,"54":0.206595,"55":5.711204,"56":20.608999,"57":0.041319,"58":0.09182,"59":null},"firefox":{"2":0.013773,"3":0.027546,"3.5":0.036728,"3.6":0.09182,"4":0.009182,"5":0.009182,"6":0.004591,"7":null,"8":null,"9":0.013773,"10":null,"11":0.009182,"12":0.004591,"13":0.013773,"14":0.009182,"15":null,"16":0.004591,"17":0.009182,"18":null,"19":0.013773,"20":null,"21":null,"22":0.022955,"23":0.013773,"24":0.009182,"25":null,"26":0.009182,"27":0.004591,"28":0.004591,"29":0.004591,"30":0.032137,"31":0.009182,"32":0.004591,"33":0.022955,"34":0.009182,"35":0.018364,"36":0.004591,"37":0.022955,"38":0.036728,"39":0.018364,"40":0.114775,"41":0.009182,"42":0.032137,"43":0.123957,"44":0.032137,"45":0.064274,"46":0.027546,"47":0.234141,"48":0.068865,"49":0.114775,"50":0.330552,"51":2.841829,"52":0.018364,"53":null,"54":null},"opera":{"9":null,"9.5-9.6":0.018364,"10.0-10.1":0.004591,"10.5":0.013773,"10.6":0.013773,"11":0.018364,"11.1":0.055092,"11.5":0.013773,"11.6":0.064274,"12":0.073456,"12.1":0.656513,"15":null,"16":0.004591,"17":null,"18":0.022955,"19":null,"20":0.022955,"21":0.009182,"22":null,"23":0.013773,"24":0.009182,"25":0.009182,"26":0.004591,"27":0.032137,"28":0.004591,"29":0.009182,"30":0.013773,"31":0.032137,"32":0.009182,"33":0.009182,"34":0.032137,"35":0.022955,"36":0.266278,"37":0.009182,"38":0.032137,"39":0.022955,"40":0.013773,"41":0.032137,"42":0.775879,"43":1.69867,"44":0.009182,"45":null},"safari":{"3.1":null,"3.2":null,"4":0.018364,"5":0.018364,"5.1":0.013773,"6":null,"6.1":null,"7":0.004591,"7.1":null,"8":0.018364,"9":0.022955,"9.1":0.073456,"10":0.385644,"10.1":null,"0":null},"ios_saf":{"3.2":0,"4.0-4.1":0,"4.2-4.3":0,"5.0-5.1":0,"6.0-6.1":0.0250024927321,"7.0-7.1":0.110388364138,"8":0,"8.1-8.4":0.150486701538,"9.0-9.2":0.029719944191,"9.3":0.408059551194,"10.0-10.2":3.72254094621},"android":{"2.1":0,"2.2":0,"2.3":0,"3":0,"4":0.128210778061,"4.1":0.384632334184,"4.2-4.3":1.23851611607,"4.4":2.73601800383,"4.4.3-4.4.4":1.54365776786,"53":null},"ie":{"5.5":null,"6":0.027660775,"7":0.00461012916667,"8":0.341149558333,"9":0.1244734875,"10":0.0968127125,"11":0.5117243375},"op_mob":{"10":0,"11":0,"11.1":0,"11.5":0,"12":0,"12.1":0,"0":0.00690887554585},"edge":{"12":0.068865,"13":0.064274,"14":0.142321,"15":null},"bb":{"7":0.005409,"10":null},"ie_mob":{"10":0.0397010097087,"11":0.187476990291},"and_ff":{"0":0.016227},"and_qq":{"1.2":null},"samsung":{"0":3.94857},"and_uc":{"0":18.899046},"op_mini":{"0":3.15735612445},"and_chr":{"0":15.393799}},"total":94.378109}