{"id":"VA","name":"Holy See (Vatican City State)","month":"2017-02","access_date":"2017-03-03","data":{"chrome":{"4":null,"5":null,"6":null,"7":null,"8":null,"9":null,"10":null,"11":null,"12":null,"13":null,"14":null,"15":null,"16":null,"17":null,"18":null,"19":null,"20":null,"21":0.009162,"22":0.100782,"23":null,"24":null,"25":null,"26":null,"27":null,"28":null,"29":null,"30":null,"31":null,"32":null,"33":null,"34":null,"35":5.26815,"36":1.814076,"37":0.009162,"38":null,"39":null,"40":0.009162,"41":null,"42":null,"43":0.036648,"44":null,"45":null,"46":null,"47":0.04581,"48":null,"49":1.64916,"50":null,"51":0.036648,"52":0.036648,"53":0.13743,"54":0.027486,"55":8.282448,"56":29.107674,"57":0.540558,"58":0.018324,"59":null},"firefox":{"2":null,"3":null,"3.5":null,"3.6":null,"4":null,"5":null,"6":null,"7":null,"8":null,"9":null,"10":null,"11":null,"12":null,"13":0.054972,"14":null,"15":null,"16":null,"17":null,"18":null,"19":null,"20":null,"21":null,"22":null,"23":null,"24":null,"25":null,"26":null,"27":null,"28":null,"29":null,"30":0.018324,"31":null,"32":null,"33":0.009162,"34":null,"35":0.04581,"36":0.338994,"37":0.009162,"38":0.009162,"39":0.027486,"40":null,"41":null,"42":null,"43":null,"44":null,"45":null,"46":0.018324,"47":0.705474,"48":0.119106,"49":0.027486,"50":0.293184,"51":16.115958,"52":0.009162,"53":null,"54":null},"opera":{"9":null,"9.5-9.6":null,"10.0-10.1":0,"10.5":null,"10.6":null,"11":null,"11.1":null,"11.5":null,"11.6":null,"12":null,"12.1":null,"15":null,"16":null,"17":null,"18":null,"19":null,"20":null,"21":null,"22":null,"23":null,"24":null,"25":null,"26":null,"27":null,"28":null,"29":null,"30":null,"31":null,"32":null,"33":null,"34":null,"35":null,"36":null,"37":null,"38":null,"39":null,"40":null,"41":null,"42":0.054972,"43":0.119106,"44":null,"45":null},"safari":{"3.1":null,"3.2":null,"4":0,"5":0.027486,"5.1":0.09162,"6":null,"6.1":null,"7":0.009162,"7.1":0.054972,"8":0.018324,"9":0.018324,"9.1":0.623016,"10":2.189718,"10.1":null,"0":null},"ios_saf":{"3.2":0,"4.0-4.1":0,"4.2-4.3":0,"5.0-5.1":0,"6.0-6.1":0.0177656,"7.0-7.1":0.0784368,"8":0,"8.1-8.4":0.1069288,"9.0-9.2":0.0211176,"9.3":0.289948,"10.0-10.2":2.6450632},"android":{"2.1":0,"2.2":0,"2.3":0,"3":0,"4":0.00995837585034,"4.1":0.029875127551,"4.2-4.3":0.0961979107143,"4.4":0.212511740646,"4.4.3-4.4.4":0.119898845238,"53":null},"ie":{"5.5":null,"6":null,"7":null,"8":0.256536,"9":0.348156,"10":0.054972,"11":19.890702},"op_mob":{"10":0,"11":0,"11.1":0,"11.5":0,"12":0,"12.1":0,"0":4.94017467249e-5},"edge":{"12":0.009162,"13":0.284022,"14":2.272176,"15":null},"bb":{"7":0,"10":null},"ie_mob":{"10":0.0130337475728,"11":0.0615482524272},"and_ff":{"0":null},"and_qq":{"1.2":null},"samsung":{"0":0.605874},"and_uc":{"0":null},"op_mini":{"0":0.0225765982533},"and_chr":{"0":3.868096}},"total":99.4524}