{"id":"VC","name":"Saint Vincent and the Grenadines","month":"2017-02","access_date":"2017-03-03","data":{"chrome":{"4":null,"5":null,"6":null,"7":null,"8":null,"9":null,"10":null,"11":0.024288,"12":null,"13":null,"14":0.012144,"15":null,"16":null,"17":null,"18":null,"19":null,"20":0.006072,"21":null,"22":0.042504,"23":null,"24":null,"25":null,"26":null,"27":null,"28":null,"29":null,"30":null,"31":0.03036,"32":0.255024,"33":null,"34":0.042504,"35":0.006072,"36":1.414776,"37":0.012144,"38":0.06072,"39":0.024288,"40":0.012144,"41":0.024288,"42":0.024288,"43":0.139656,"44":0.012144,"45":null,"46":0.012144,"47":0.048576,"48":0.036432,"49":0.765072,"50":0.085008,"51":0.412896,"52":0.072864,"53":0.340032,"54":0.309672,"55":8.937984,"56":27.147912,"57":0.194304,"58":0.097152,"59":null},"firefox":{"2":null,"3":null,"3.5":null,"3.6":0.012144,"4":null,"5":null,"6":null,"7":null,"8":null,"9":null,"10":null,"11":0.006072,"12":null,"13":null,"14":0.006072,"15":null,"16":0.012144,"17":null,"18":null,"19":null,"20":null,"21":null,"22":null,"23":null,"24":null,"25":null,"26":null,"27":null,"28":null,"29":null,"30":null,"31":0.006072,"32":null,"33":0.006072,"34":null,"35":null,"36":null,"37":null,"38":0.03036,"39":0.012144,"40":null,"41":0.012144,"42":0.012144,"43":0.042504,"44":null,"45":0.097152,"46":0.115368,"47":0.224664,"48":0.127512,"49":0.054648,"50":0.595056,"51":4.46292,"52":0.163944,"53":null,"54":0.03036},"opera":{"9":null,"9.5-9.6":null,"10.0-10.1":0,"10.5":null,"10.6":null,"11":null,"11.1":null,"11.5":null,"11.6":null,"12":null,"12.1":0.012144,"15":null,"16":null,"17":null,"18":null,"19":null,"20":null,"21":null,"22":null,"23":null,"24":null,"25":null,"26":null,"27":null,"28":null,"29":null,"30":null,"31":null,"32":null,"33":null,"34":null,"35":null,"36":null,"37":0.012144,"38":0.036432,"39":null,"40":null,"41":0.024288,"42":0.279312,"43":0.406824,"44":null,"45":null},"safari":{"3.1":null,"3.2":null,"4":0,"5":null,"5.1":0.115368,"6":null,"6.1":0.036432,"7":0.042504,"7.1":0.012144,"8":0.066792,"9":0.085008,"9.1":0.54648,"10":1.080816,"10.1":null,"0":null},"ios_saf":{"3.2":0,"4.0-4.1":0,"4.2-4.3":0,"5.0-5.1":0,"6.0-6.1":0.0240040739523,"7.0-7.1":0.105980251034,"8":0,"8.1-8.4":0.144477350769,"9.0-9.2":0.0285331445093,"9.3":0.391764603183,"10.0-10.2":3.57388957655},"android":{"2.1":0,"2.2":0,"2.3":0,"3":0,"4":0.091746875,"4.1":0.275240625,"4.2-4.3":0.8862748125,"4.4":1.9578783125,"4.4.3-4.4.4":1.104632375,"53":null},"ie":{"5.5":null,"6":null,"7":null,"8":0.133584,"9":0.1518,"10":0.170016,"11":2.908488},"op_mob":{"10":0,"11":0,"11.1":0,"11.5":0,"12":0,"12.1":0,"0":0.00225502401747},"edge":{"12":0.157872,"13":0.497904,"14":3.27888,"15":null},"bb":{"7":0.0883575,"10":null},"ie_mob":{"10":0.0981368737864,"11":0.463424126214},"and_ff":{"0":0.011781},"and_qq":{"1.2":null},"samsung":{"0":3.027717},"and_uc":{"0":0.891429},"op_mini":{"0":1.03054597598},"and_chr":{"0":27.373335}},"total":98.2595955}