{"id":"VE","name":"Venezuela","month":"2017-02","access_date":"2017-03-03","data":{"chrome":{"4":null,"5":null,"6":0.065655,"7":null,"8":null,"9":null,"10":null,"11":0.04377,"12":0.007295,"13":0.01459,"14":null,"15":null,"16":null,"17":null,"18":0.021885,"19":null,"20":0.02918,"21":0.01459,"22":0.01459,"23":0.007295,"24":0.02918,"25":0.01459,"26":0.021885,"27":0.04377,"28":null,"29":0.021885,"30":0.021885,"31":0.02918,"32":0.094835,"33":0.021885,"34":0.02918,"35":0.13131,"36":0.4377,"37":0.065655,"38":0.051065,"39":0.05836,"40":0.109425,"41":0.02918,"42":0.036475,"43":0.20426,"44":0.080245,"45":0.065655,"46":0.1459,"47":0.138605,"48":0.094835,"49":5.36912,"50":0.138605,"51":0.824335,"52":0.386635,"53":0.4377,"54":0.42311,"55":10.512095,"56":34.716905,"57":0.10213,"58":0.051065,"59":null},"firefox":{"2":0.065655,"3":0.02918,"3.5":0.01459,"3.6":0.211555,"4":null,"5":0.01459,"6":null,"7":null,"8":0.532535,"9":null,"10":null,"11":0.01459,"12":0.01459,"13":0.007295,"14":0.007295,"15":null,"16":0.01459,"17":null,"18":null,"19":null,"20":0.007295,"21":0.007295,"22":null,"23":0.065655,"24":0.007295,"25":0.007295,"26":0.065655,"27":0.853515,"28":0.007295,"29":0.021885,"30":0.021885,"31":0.021885,"32":0.01459,"33":0.021885,"34":0.01459,"35":0.02918,"36":0.01459,"37":0.02918,"38":0.05836,"39":0.051065,"40":0.094835,"41":0.04377,"42":0.036475,"43":0.16049,"44":0.036475,"45":0.226145,"46":0.051065,"47":0.37934,"48":0.35016,"49":0.16049,"50":0.45229,"51":7.32418,"52":0.080245,"53":0.01459,"54":null},"opera":{"9":null,"9.5-9.6":null,"10.0-10.1":0,"10.5":null,"10.6":null,"11":null,"11.1":null,"11.5":null,"11.6":null,"12":null,"12.1":0.02918,"15":null,"16":null,"17":null,"18":null,"19":null,"20":null,"21":null,"22":null,"23":null,"24":null,"25":null,"26":null,"27":null,"28":null,"29":null,"30":null,"31":null,"32":null,"33":null,"34":null,"35":null,"36":0.051065,"37":null,"38":0.051065,"39":0.007295,"40":0.007295,"41":0.007295,"42":0.21885,"43":0.401225,"44":null,"45":null},"safari":{"3.1":null,"3.2":null,"4":0.01459,"5":0.021885,"5.1":0.01459,"6":null,"6.1":0.01459,"7":0.01459,"7.1":0.007295,"8":0.036475,"9":0.036475,"9.1":0.17508,"10":0.444995,"10.1":null,"0":null},"ios_saf":{"3.2":0,"4.0-4.1":0,"4.2-4.3":0,"5.0-5.1":0,"6.0-6.1":0.0109175613793,"7.0-7.1":0.0482020634483,"8":0,"8.1-8.4":0.06571136,"9.0-9.2":0.0129774786207,"9.3":0.178182841379,"10.0-10.2":1.62548069517},"android":{"2.1":0,"2.2":0,"2.3":0,"3":0,"4":0.114736054422,"4.1":0.344208163265,"4.2-4.3":1.10835028571,"4.4":2.44846740136,"4.4.3-4.4.4":1.38142209524,"53":null},"ie":{"5.5":null,"6":0.0153256302521,"7":0.0229884453782,"8":0.421454831933,"9":0.122605042017,"10":0.0996165966387,"11":1.14175945378},"op_mob":{"10":0,"11":0,"11.1":0,"11.5":0,"12":0,"12.1":0,"0":0.00577404366812},"edge":{"12":0.065655,"13":0.10213,"14":0.430405,"15":null},"bb":{"7":0.258908,"10":null},"ie_mob":{"10":0.101596893204,"11":0.479763106796},"and_ff":{"0":0.062192},"and_qq":{"1.2":null},"samsung":{"0":0.719264},"and_uc":{"0":0.367744},"op_mini":{"0":2.63873795633},"and_chr":{"0":15.109899}},"total":97.873215}