{"id":"VG","name":"British Virgin Islands","month":"2017-02","access_date":"2017-03-03","data":{"chrome":{"4":null,"5":null,"6":null,"7":null,"8":null,"9":null,"10":null,"11":null,"12":0.0177,"13":null,"14":null,"15":null,"16":0.0059,"17":null,"18":0.4366,"19":null,"20":0.0059,"21":0.0118,"22":null,"23":null,"24":null,"25":null,"26":null,"27":0.0059,"28":null,"29":0.0059,"30":null,"31":0.0177,"32":0.3009,"33":0.0177,"34":0.0177,"35":null,"36":null,"37":0.0059,"38":0.0118,"39":0.0295,"40":0.0177,"41":0.0413,"42":0.0767,"43":0.2714,"44":0.0177,"45":0.0177,"46":0.0059,"47":0.0472,"48":0.0236,"49":1.6697,"50":0.1239,"51":1.1977,"52":0.4484,"53":0.2832,"54":0.0708,"55":7.8942,"56":16.874,"57":0.0118,"58":0.0354,"59":null},"firefox":{"2":null,"3":0.0118,"3.5":null,"3.6":null,"4":null,"5":null,"6":null,"7":null,"8":null,"9":null,"10":null,"11":null,"12":null,"13":null,"14":null,"15":null,"16":null,"17":null,"18":null,"19":null,"20":null,"21":null,"22":null,"23":null,"24":null,"25":null,"26":null,"27":null,"28":0.0118,"29":0.0177,"30":0.0059,"31":0.0177,"32":null,"33":null,"34":null,"35":0.0059,"36":null,"37":0.0118,"38":0.1062,"39":null,"40":null,"41":null,"42":0.0118,"43":0.0708,"44":null,"45":0.0413,"46":0.0826,"47":0.4366,"48":0.1475,"49":0.0649,"50":0.2891,"51":7.5225,"52":0.0531,"53":null,"54":null},"opera":{"9":null,"9.5-9.6":0.0059,"10.0-10.1":0,"10.5":null,"10.6":null,"11":null,"11.1":null,"11.5":null,"11.6":null,"12":null,"12.1":null,"15":null,"16":null,"17":null,"18":null,"19":null,"20":null,"21":null,"22":null,"23":null,"24":null,"25":null,"26":null,"27":null,"28":null,"29":0.0295,"30":null,"31":null,"32":null,"33":null,"34":null,"35":null,"36":null,"37":null,"38":0.3717,"39":null,"40":null,"41":null,"42":0.059,"43":0.1475,"44":null,"45":null},"safari":{"3.1":null,"3.2":null,"4":0,"5":0.0177,"5.1":0.0413,"6":null,"6.1":0.0177,"7":0.0295,"7.1":0.0236,"8":0.3776,"9":0.1652,"9.1":0.7965,"10":2.2243,"10.1":null,"0":null},"ios_saf":{"3.2":0,"4.0-4.1":0,"4.2-4.3":0,"5.0-5.1":0,"6.0-6.1":0.0779934054111,"7.0-7.1":0.344348242759,"8":0,"8.1-8.4":0.469432006154,"9.0-9.2":0.0927091422812,"9.3":1.27291123926,"10.0-10.2":11.6121879641},"android":{"2.1":0,"2.2":0,"2.3":0,"3":0,"4":0.0230158163265,"4.1":0.0690474489796,"4.2-4.3":0.222332785714,"4.4":0.491157520408,"4.4.3-4.4.4":0.277110428571,"53":null},"ie":{"5.5":null,"6":0.0059979253112,"7":0.0239917012448,"8":0.335883817427,"9":0.719751037344,"10":0.14994813278,"11":5.99192738589},"op_mob":{"10":0,"11":0,"11.1":0,"11.5":0,"12":0,"12.1":0,"0":0.00154906768559},"edge":{"12":0.2124,"13":0.767,"14":5.5401,"15":null},"bb":{"7":0.00307575,"10":null},"ie_mob":{"10":0.0236504271845,"11":0.111682572816},"and_ff":{"0":null},"and_qq":{"1.2":null},"samsung":{"0":8.349636},"and_uc":{"0":0.069717},"op_mini":{"0":0.707923932314},"and_chr":{"0":17.78257}},"total":98.98425075}