{"id":"VI","name":"Virgin Islands (US)","month":"2017-02","access_date":"2017-03-03","data":{"chrome":{"4":null,"5":null,"6":null,"7":null,"8":null,"9":null,"10":null,"11":0.010758,"12":null,"13":null,"14":null,"15":null,"16":null,"17":null,"18":null,"19":null,"20":null,"21":null,"22":null,"23":0.021516,"24":null,"25":null,"26":null,"27":null,"28":0.010758,"29":null,"30":null,"31":null,"32":null,"33":null,"34":0.010758,"35":0.005379,"36":null,"37":0.005379,"38":0.016137,"39":0.016137,"40":null,"41":0.005379,"42":null,"43":0.043032,"44":0.010758,"45":0.010758,"46":0.010758,"47":0.021516,"48":0.026895,"49":0.844503,"50":0.010758,"51":0.209781,"52":0.188265,"53":0.242055,"54":0.080685,"55":6.363357,"56":16.927713,"57":0.242055,"58":0.069927,"59":null},"firefox":{"2":null,"3":null,"3.5":null,"3.6":null,"4":null,"5":null,"6":null,"7":null,"8":null,"9":null,"10":0.016137,"11":null,"12":null,"13":null,"14":null,"15":0.010758,"16":null,"17":null,"18":null,"19":null,"20":null,"21":0.005379,"22":null,"23":null,"24":null,"25":null,"26":null,"27":null,"28":null,"29":null,"30":0.010758,"31":null,"32":0.005379,"33":null,"34":0.016137,"35":null,"36":null,"37":null,"38":0.010758,"39":null,"40":null,"41":0.016137,"42":null,"43":0.021516,"44":null,"45":0.032274,"46":0.010758,"47":0.096822,"48":0.134475,"49":0.037653,"50":0.392667,"51":6.196608,"52":0.043032,"53":null,"54":null},"opera":{"9":null,"9.5-9.6":null,"10.0-10.1":0,"10.5":null,"10.6":null,"11":null,"11.1":null,"11.5":null,"11.6":null,"12":null,"12.1":null,"15":null,"16":null,"17":null,"18":null,"19":null,"20":null,"21":null,"22":null,"23":null,"24":null,"25":null,"26":null,"27":null,"28":null,"29":null,"30":null,"31":null,"32":null,"33":null,"34":null,"35":null,"36":0.016137,"37":null,"38":null,"39":null,"40":null,"41":null,"42":0.021516,"43":0.080685,"44":null,"45":null},"safari":{"3.1":null,"3.2":null,"4":0,"5":0.005379,"5.1":0.145233,"6":null,"6.1":0.043032,"7":0.016137,"7.1":0.010758,"8":0.199023,"9":0.193644,"9.1":1.000494,"10":3.512487,"10.1":0.016137,"0":null},"ios_saf":{"3.2":0,"4.0-4.1":0,"4.2-4.3":0,"5.0-5.1":0,"6.0-6.1":0.133019591194,"7.0-7.1":0.587294044138,"8":0,"8.1-8.4":0.800627350769,"9.0-9.2":0.158117627268,"9.3":2.17098012042,"10.0-10.2":19.8048602662},"android":{"2.1":0,"2.2":0,"2.3":0,"3":0,"4":0.0197453443878,"4.1":0.0592360331633,"4.2-4.3":0.190740026786,"4.4":0.421365649235,"4.4.3-4.4.4":0.237733946429,"53":null},"ie":{"5.5":null,"6":null,"7":null,"8":0.10758,"9":0.355014,"10":0.478731,"11":7.223997},"op_mob":{"10":0,"11":0,"11.1":0,"11.5":0,"12":0,"12.1":0,"0":0.000363222707424},"edge":{"12":0.16137,"13":0.365772,"14":6.626928,"15":null},"bb":{"7":0.0023105,"10":null},"ie_mob":{"10":0.0605665048544,"11":0.286008495146},"and_ff":{"0":0.013863},"and_qq":{"1.2":null},"samsung":{"0":4.916744},"and_uc":{"0":0.221808},"op_mini":{"0":0.165992777293},"and_chr":{"0":15.978368}},"total":99.2720635}