{"id":"VN","name":"Viet Nam","month":"2017-02","access_date":"2017-03-03","data":{"chrome":{"4":null,"5":null,"6":null,"7":null,"8":null,"9":null,"10":null,"11":0.010302,"12":null,"13":null,"14":null,"15":null,"16":null,"17":0.010302,"18":0.005151,"19":null,"20":null,"21":null,"22":0.010302,"23":0.010302,"24":null,"25":null,"26":0.005151,"27":null,"28":0.005151,"29":0.015453,"30":0.010302,"31":0.030906,"32":0.015453,"33":0.010302,"34":0.025755,"35":0.010302,"36":0.036057,"37":0.010302,"38":0.020604,"39":0.030906,"40":0.005151,"41":0.097869,"42":0.036057,"43":0.216342,"44":0.061812,"45":0.05151,"46":0.231795,"47":0.283305,"48":0.113322,"49":1.5453,"50":0.190587,"51":1.122918,"52":0.298758,"53":0.303909,"54":0.273003,"55":4.641051,"56":18.569355,"57":0.118473,"58":0.046359,"59":null},"firefox":{"2":null,"3":0.025755,"3.5":null,"3.6":0.010302,"4":null,"5":null,"6":null,"7":null,"8":null,"9":null,"10":null,"11":null,"12":0.010302,"13":null,"14":null,"15":null,"16":null,"17":null,"18":null,"19":null,"20":null,"21":null,"22":0.010302,"23":null,"24":null,"25":null,"26":0.010302,"27":null,"28":null,"29":0.005151,"30":0.005151,"31":0.005151,"32":null,"33":0.015453,"34":null,"35":0.025755,"36":0.025755,"37":0.010302,"38":0.041208,"39":0.020604,"40":0.020604,"41":0.025755,"42":0.020604,"43":0.113322,"44":0.010302,"45":0.077265,"46":0.082416,"47":0.427533,"48":0.175134,"49":0.061812,"50":0.242097,"51":2.415819,"52":0.092718,"53":0.015453,"54":null},"opera":{"9":null,"9.5-9.6":null,"10.0-10.1":0,"10.5":null,"10.6":null,"11":null,"11.1":null,"11.5":null,"11.6":null,"12":null,"12.1":0.015453,"15":null,"16":null,"17":null,"18":null,"19":null,"20":null,"21":null,"22":null,"23":null,"24":null,"25":null,"26":null,"27":null,"28":null,"29":null,"30":null,"31":null,"32":null,"33":null,"34":null,"35":null,"36":0.005151,"37":null,"38":0.159681,"39":0.010302,"40":null,"41":null,"42":0.092718,"43":0.139077,"44":null,"45":null},"safari":{"3.1":null,"3.2":null,"4":0.015453,"5":0.010302,"5.1":0.010302,"6":null,"6.1":0.005151,"7":0.190587,"7.1":0.005151,"8":0.061812,"9":0.072114,"9.1":0.216342,"10":0.685083,"10.1":0.005151,"0":null},"ios_saf":{"3.2":0,"4.0-4.1":0,"4.2-4.3":0,"5.0-5.1":0,"6.0-6.1":0.11624172,"7.0-7.1":0.51321816,"8":0,"8.1-8.4":0.69964356,"9.0-9.2":0.13817412,"9.3":1.8971526,"10.0-10.2":17.30685684},"android":{"2.1":0,"2.2":0,"2.3":0,"3":0,"4":0.0324709821429,"4.1":0.0974129464286,"4.2-4.3":0.3136696875,"4.4":0.692930758929,"4.4.3-4.4.4":0.390950625,"53":null},"ie":{"5.5":null,"6":0.0174716351351,"7":0.0291193918919,"8":0.39602372973,"9":0.122301445946,"10":0.145596959459,"11":0.582387837838},"op_mob":{"10":0,"11":0,"11.1":0,"11.5":0,"12":0,"12.1":0,"0":0.00104814628821},"edge":{"12":0.046359,"13":0.10302,"14":0.319362,"15":null},"bb":{"7":0.04242875,"10":null},"ie_mob":{"10":0.154226446602,"11":0.728291553398},"and_ff":{"0":0.019396},"and_qq":{"1.2":null},"samsung":{"0":1.032837},"and_uc":{"0":1.4547},"op_mini":{"0":0.479002853712},"and_chr":{"0":22.230466}},"total":84.28479675}