{"id":"WF","name":"Wallis and Futuna","month":"2017-02","access_date":"2017-03-03","data":{"chrome":{"4":null,"5":null,"6":null,"7":null,"8":null,"9":null,"10":null,"11":null,"12":null,"13":null,"14":null,"15":null,"16":null,"17":null,"18":null,"19":null,"20":null,"21":null,"22":null,"23":null,"24":null,"25":0.027858,"26":null,"27":1.388257,"28":null,"29":null,"30":null,"31":0.088217,"32":null,"33":null,"34":0.027858,"35":null,"36":null,"37":null,"38":null,"39":null,"40":null,"41":null,"42":null,"43":null,"44":null,"45":null,"46":null,"47":null,"48":null,"49":0.956458,"50":null,"51":0.027858,"52":0.204292,"53":null,"54":0.287866,"55":3.240814,"56":18.311992,"57":null,"58":null,"59":null},"firefox":{"2":null,"3":null,"3.5":null,"3.6":0.027858,"4":null,"5":null,"6":null,"7":null,"8":null,"9":null,"10":null,"11":null,"12":null,"13":null,"14":null,"15":null,"16":null,"17":null,"18":null,"19":null,"20":null,"21":null,"22":null,"23":null,"24":null,"25":null,"26":null,"27":null,"28":null,"29":null,"30":null,"31":null,"32":0.027858,"33":null,"34":null,"35":null,"36":null,"37":null,"38":null,"39":null,"40":null,"41":null,"42":null,"43":0.055716,"44":null,"45":0.724308,"46":null,"47":0.171791,"48":null,"49":0.055716,"50":0.376083,"51":9.546008,"52":null,"53":null,"54":null},"opera":{"9":null,"9.5-9.6":null,"10.0-10.1":0,"10.5":null,"10.6":null,"11":null,"11.1":null,"11.5":null,"11.6":null,"12":null,"12.1":null,"15":null,"16":null,"17":null,"18":null,"19":null,"20":null,"21":null,"22":null,"23":null,"24":null,"25":null,"26":null,"27":null,"28":null,"29":null,"30":null,"31":null,"32":null,"33":null,"34":null,"35":null,"36":null,"37":null,"38":null,"39":null,"40":null,"41":null,"42":null,"43":0.116075,"44":null,"45":null},"safari":{"3.1":null,"3.2":null,"4":0,"5":null,"5.1":null,"6":0.027858,"6.1":0.204292,"7":null,"7.1":null,"8":0.320367,"9":0.055716,"9.1":0.348225,"10":0.520016,"10.1":null,"0":null},"ios_saf":{"3.2":0,"4.0-4.1":0,"4.2-4.3":0,"5.0-5.1":0,"6.0-6.1":0.0281661681698,"7.0-7.1":0.124356289655,"8":0,"8.1-8.4":0.169528446154,"9.0-9.2":0.0334805395225,"9.3":0.459693122016,"10.0-10.2":4.19357043448},"android":{"2.1":0,"2.2":0,"2.3":0,"3":0,"4":0.0272177508503,"4.1":0.081653252551,"4.2-4.3":0.262923473214,"4.4":0.580826803146,"4.4.3-4.4.4":0.327701720238,"53":null},"ie":{"5.5":null,"6":null,"7":null,"8":0.204292,"9":0.69645,"10":0.171791,"11":1.388257},"op_mob":{"10":0,"11":0,"11.1":0,"11.5":0,"12":0,"12.1":0,"0":0},"edge":{"12":5.149087,"13":0.807882,"14":0.376083,"15":null},"bb":{"7":0.00937475,"10":null},"ie_mob":{"10":0.0327661165049,"11":0.154728883495},"and_ff":{"0":null},"and_qq":{"1.2":null},"samsung":{"0":3.540977},"and_uc":{"0":0.37499},"op_mini":{"0":0},"and_chr":{"0":42.918525}},"total":99.25367875}