{"id":"WS","name":"Samoa","month":"2017-02","access_date":"2017-03-03","data":{"chrome":{"4":null,"5":null,"6":null,"7":null,"8":null,"9":null,"10":null,"11":null,"12":null,"13":null,"14":0.0679,"15":null,"16":null,"17":null,"18":0.091665,"19":null,"20":null,"21":0.00679,"22":null,"23":null,"24":0.091665,"25":0.010185,"26":null,"27":0.152775,"28":null,"29":null,"30":null,"31":null,"32":null,"33":0.010185,"34":null,"35":0.003395,"36":null,"37":null,"38":null,"39":0.00679,"40":0.01358,"41":null,"42":null,"43":null,"44":0.03395,"45":0.02037,"46":0.003395,"47":0.010185,"48":0.02037,"49":2.1049,"50":0.023765,"51":0.02716,"52":0.010185,"53":0.091665,"54":0.08148,"55":3.06229,"56":13.108095,"57":0.04074,"58":null,"59":null},"firefox":{"2":null,"3":0.044135,"3.5":null,"3.6":0.02716,"4":0.050925,"5":0.003395,"6":0.098455,"7":0.003395,"8":null,"9":null,"10":0.003395,"11":0.010185,"12":0.07469,"13":null,"14":0.071295,"15":null,"16":0.023765,"17":0.091665,"18":null,"19":0.00679,"20":null,"21":null,"22":null,"23":null,"24":0.01358,"25":null,"26":null,"27":0.003395,"28":null,"29":null,"30":0.01358,"31":0.00679,"32":null,"33":0.01358,"34":null,"35":0.01358,"36":null,"37":0.00679,"38":null,"39":null,"40":0.023765,"41":0.064505,"42":null,"43":0.234255,"44":0.03395,"45":0.02716,"46":null,"47":0.166355,"48":0.05432,"49":0.2716,"50":0.193515,"51":5.92088,"52":0.14938,"53":null,"54":null},"opera":{"9":null,"9.5-9.6":null,"10.0-10.1":0,"10.5":null,"10.6":null,"11":null,"11.1":null,"11.5":null,"11.6":null,"12":null,"12.1":null,"15":null,"16":null,"17":null,"18":null,"19":null,"20":null,"21":null,"22":null,"23":null,"24":null,"25":null,"26":null,"27":null,"28":0.00679,"29":null,"30":null,"31":null,"32":null,"33":null,"34":null,"35":null,"36":null,"37":null,"38":null,"39":null,"40":null,"41":null,"42":0.037345,"43":0.064505,"44":null,"45":null},"safari":{"3.1":null,"3.2":null,"4":0,"5":0.037345,"5.1":0.01358,"6":null,"6.1":0.016975,"7":null,"7.1":null,"8":0.02037,"9":0.030555,"9.1":0.363265,"10":0.526225,"10.1":null,"0":null},"ios_saf":{"3.2":0,"4.0-4.1":0,"4.2-4.3":0,"5.0-5.1":0,"6.0-6.1":0.00850555809019,"7.0-7.1":0.0375528413793,"8":0,"8.1-8.4":0.0511938307692,"9.0-9.2":0.0101103803714,"9.3":0.138817127321,"10.0-10.2":1.26636526207},"android":{"2.1":0,"2.2":0,"2.3":0,"3":0,"4":0.00870556972789,"4.1":0.0261167091837,"4.2-4.3":0.0840958035714,"4.4":0.185776857993,"4.4.3-4.4.4":0.104815059524,"53":null},"ie":{"5.5":null,"6":null,"7":null,"8":0.72653,"9":1.123745,"10":0.125615,"11":2.60736},"op_mob":{"10":0,"11":0,"11.1":0,"11.5":0,"12":0,"12.1":0,"0":0.0213869323144},"edge":{"12":0.19691,"13":0.322525,"14":0.478695,"15":null},"bb":{"7":0,"10":null},"ie_mob":{"10":0,"11":0},"and_ff":{"0":null},"and_qq":{"1.2":null},"samsung":{"0":0.984145},"and_uc":{"0":49.385585},"op_mini":{"0":9.77382806769},"and_chr":{"0":4.07423}},"total":99.673275}