{"id":"YT","name":"Mayotte","month":"2017-02","access_date":"2017-03-03","data":{"chrome":{"4":null,"5":null,"6":null,"7":null,"8":null,"9":null,"10":null,"11":0.012944,"12":null,"13":null,"14":null,"15":null,"16":null,"17":null,"18":0.06472,"19":null,"20":null,"21":0.019416,"22":0.012944,"23":null,"24":null,"25":0.058248,"26":null,"27":null,"28":null,"29":null,"30":null,"31":null,"32":null,"33":0.038832,"34":null,"35":0.25888,"36":0.634256,"37":null,"38":0.012944,"39":0.025888,"40":0.051776,"41":null,"42":0.025888,"43":0.187688,"44":0.012944,"45":0.019416,"46":0.012944,"47":0.025888,"48":0.045304,"49":0.42068,"50":0.142384,"51":0.35596,"52":0.181216,"53":0.621312,"54":0.142384,"55":7.028592,"56":24.095256,"57":0.045304,"58":0.090608,"59":null},"firefox":{"2":null,"3":null,"3.5":null,"3.6":null,"4":null,"5":null,"6":null,"7":null,"8":null,"9":null,"10":null,"11":null,"12":null,"13":null,"14":null,"15":null,"16":null,"17":0.174744,"18":0.012944,"19":null,"20":null,"21":null,"22":null,"23":0.012944,"24":0.019416,"25":null,"26":null,"27":null,"28":null,"29":0.006472,"30":null,"31":0.019416,"32":0.012944,"33":0.012944,"34":0.06472,"35":0.012944,"36":0.025888,"37":0.019416,"38":0.045304,"39":null,"40":null,"41":0.077664,"42":0.103552,"43":0.110024,"44":0.012944,"45":0.155328,"46":0.051776,"47":0.22652,"48":0.135912,"49":0.155328,"50":0.4854,"51":12.342104,"52":0.012944,"53":0.012944,"54":null},"opera":{"9":null,"9.5-9.6":null,"10.0-10.1":0,"10.5":null,"10.6":null,"11":null,"11.1":null,"11.5":null,"11.6":null,"12":null,"12.1":null,"15":null,"16":null,"17":null,"18":null,"19":null,"20":null,"21":null,"22":null,"23":null,"24":null,"25":null,"26":null,"27":null,"28":null,"29":null,"30":null,"31":null,"32":null,"33":null,"34":null,"35":null,"36":0.03236,"37":0.006472,"38":null,"39":null,"40":0.446568,"41":null,"42":0.375376,"43":0.278296,"44":null,"45":null},"safari":{"3.1":null,"3.2":null,"4":0,"5":null,"5.1":null,"6":null,"6.1":0.012944,"7":0.006472,"7.1":null,"8":0.025888,"9":0.025888,"9.1":0.304184,"10":2.252256,"10.1":0.019416,"0":null},"ios_saf":{"3.2":0,"4.0-4.1":0,"4.2-4.3":0,"5.0-5.1":0,"6.0-6.1":0.0210037059947,"7.0-7.1":0.0927333434483,"8":0,"8.1-8.4":0.126418532308,"9.0-9.2":0.0249666693899,"9.3":0.342796333687,"10.0-10.2":3.12717441517},"android":{"2.1":0,"2.2":0,"2.3":0,"3":0,"4":0.043337712585,"4.1":0.130013137755,"4.2-4.3":0.418642303571,"4.4":0.924826786565,"4.4.3-4.4.4":0.521786059524,"53":null},"ie":{"5.5":null,"6":null,"7":0.019416,"8":0.187688,"9":0.051776,"10":0.058248,"11":2.938288},"op_mob":{"10":0,"11":0,"11.1":0,"11.5":0,"12":0,"12.1":0,"0":0.000831694323144},"edge":{"12":0.459512,"13":0.673088,"14":3.404272,"15":null},"bb":{"7":0.0052905,"10":null},"ie_mob":{"10":0.0807443300971,"11":0.381292669903},"and_ff":{"0":0.017635},"and_qq":{"1.2":null},"samsung":{"0":2.870978},"and_uc":{"0":0.472618},"op_mini":{"0":0.380084305677},"and_chr":{"0":27.378407}},"total":97.9071405}