{"id":"ZA","name":"South Africa","month":"2017-02","access_date":"2017-03-03","data":{"chrome":{"4":null,"5":null,"6":null,"7":null,"8":null,"9":null,"10":null,"11":0.031537,"12":0.005734,"13":null,"14":null,"15":null,"16":null,"17":null,"18":0.008601,"19":null,"20":null,"21":0.014335,"22":0.005734,"23":null,"24":null,"25":0.002867,"26":0.037271,"27":0.002867,"28":0.008601,"29":0.005734,"30":0.005734,"31":0.02867,"32":0.034404,"33":0.014335,"34":0.011468,"35":0.017202,"36":0.097478,"37":0.008601,"38":0.017202,"39":0.022936,"40":0.08601,"41":0.034404,"42":0.008601,"43":0.054473,"44":0.037271,"45":0.020069,"46":0.017202,"47":0.022936,"48":0.020069,"49":0.645075,"50":0.043005,"51":0.091744,"52":0.051606,"53":0.111813,"54":0.120414,"55":3.190971,"56":10.390008,"57":0.045872,"58":0.031537,"59":null},"firefox":{"2":null,"3":0.008601,"3.5":null,"3.6":0.008601,"4":null,"5":null,"6":null,"7":null,"8":null,"9":null,"10":0.005734,"11":null,"12":0.008601,"13":null,"14":null,"15":0.002867,"16":0.002867,"17":null,"18":null,"19":0.037271,"20":0.011468,"21":0.005734,"22":0.005734,"23":null,"24":null,"25":0.002867,"26":null,"27":null,"28":0.005734,"29":0.008601,"30":0.008601,"31":0.005734,"32":0.002867,"33":0.005734,"34":0.005734,"35":0.005734,"36":0.020069,"37":0.011468,"38":0.022936,"39":0.017202,"40":0.031537,"41":0.017202,"42":0.014335,"43":0.051606,"44":0.022936,"45":0.054473,"46":0.02867,"47":0.126148,"48":0.100345,"49":0.068808,"50":0.22936,"51":2.468487,"52":0.151951,"53":0.005734,"54":null},"opera":{"9":null,"9.5-9.6":null,"10.0-10.1":0,"10.5":null,"10.6":null,"11":null,"11.1":null,"11.5":null,"11.6":0.014335,"12":null,"12.1":0.017202,"15":null,"16":null,"17":null,"18":null,"19":null,"20":null,"21":null,"22":null,"23":null,"24":null,"25":null,"26":null,"27":null,"28":0.008601,"29":null,"30":null,"31":null,"32":null,"33":null,"34":0.005734,"35":0.005734,"36":0.011468,"37":0.031537,"38":0.005734,"39":0.002867,"40":0.002867,"41":0.011468,"42":0.083143,"43":0.14335,"44":null,"45":null},"safari":{"3.1":null,"3.2":null,"4":0,"5":0.008601,"5.1":0.02867,"6":0.008601,"6.1":0.017202,"7":0.020069,"7.1":0.048739,"8":0.063074,"9":0.065941,"9.1":0.226493,"10":0.728218,"10.1":0.002867,"0":null},"ios_saf":{"3.2":0,"4.0-4.1":0,"4.2-4.3":0,"5.0-5.1":0,"6.0-6.1":0.0308857007958,"7.0-7.1":0.136363282759,"8":0,"8.1-8.4":0.185896953846,"9.0-9.2":0.0367131915119,"9.3":0.50407794695,"10.0-10.2":4.59847292414},"android":{"2.1":0,"2.2":0,"2.3":0,"3":0,"4":0.0727857142857,"4.1":0.218357142857,"4.2-4.3":0.70311,"4.4":1.55324714286,"4.4.3-4.4.4":0.87634,"53":null},"ie":{"5.5":null,"6":0.0114743924192,"7":0.0286859810479,"8":0.329888782051,"9":0.370049155518,"10":0.335625978261,"11":4.0705407107},"op_mob":{"10":0,"11":0,"11.1":0,"11.5":0,"12":0,"12.1":0,"0":0.0430004650655},"edge":{"12":0.108946,"13":0.252296,"14":0.980514,"15":null},"bb":{"7":0.813162,"10":null},"ie_mob":{"10":0.287951592233,"11":1.35977140777},"and_ff":{"0":0.028532},"and_qq":{"1.2":null},"samsung":{"0":9.693747},"and_uc":{"0":3.06719},"op_mini":{"0":19.6512125349},"and_chr":{"0":25.455857}},"total":96.363952}