{"id":"ZM","name":"Zambia","month":"2017-02","access_date":"2017-03-03","data":{"chrome":{"4":null,"5":null,"6":null,"7":null,"8":null,"9":null,"10":0.00219,"11":0.02847,"12":0.00219,"13":null,"14":null,"15":null,"16":null,"17":null,"18":null,"19":null,"20":0.00219,"21":0.01095,"22":0.00219,"23":null,"24":null,"25":0.01533,"26":0.01752,"27":0.00657,"28":0.01095,"29":0.00657,"30":0.00657,"31":0.04161,"32":0.03066,"33":0.01752,"34":0.00438,"35":0.00438,"36":0.08103,"37":0.00438,"38":0.01095,"39":0.01971,"40":0.01971,"41":0.01095,"42":0.00657,"43":0.14454,"44":0.01752,"45":0.04161,"46":0.02628,"47":0.02409,"48":0.01752,"49":0.22119,"50":0.11169,"51":0.0657,"52":0.05913,"53":0.16206,"54":0.08322,"55":2.01042,"56":5.88234,"57":0.03942,"58":0.01533,"59":null},"firefox":{"2":null,"3":0.01971,"3.5":0.00438,"3.6":0.01752,"4":0.02409,"5":0.00876,"6":0.00438,"7":0.00438,"8":0.01314,"9":0.01314,"10":0.01314,"11":0.01752,"12":0.0219,"13":0.01095,"14":0.01533,"15":0.01752,"16":0.02409,"17":0.0219,"18":0.00876,"19":0.01095,"20":0.01971,"21":0.01752,"22":0.00657,"23":0.00876,"24":0.00657,"25":0.01095,"26":0.01533,"27":0.00657,"28":0.00876,"29":0.03504,"30":0.0219,"31":0.01752,"32":0.00657,"33":0.01533,"34":0.01533,"35":0.02847,"36":0.01314,"37":0.02628,"38":0.03066,"39":0.02409,"40":0.02628,"41":0.02409,"42":0.01314,"43":0.12483,"44":0.07008,"45":0.06351,"46":0.0438,"47":0.2409,"48":0.14454,"49":0.12702,"50":0.28032,"51":3.87411,"52":0.42486,"53":0.00438,"54":0.00219},"opera":{"9":null,"9.5-9.6":0.00219,"10.0-10.1":0,"10.5":null,"10.6":0.00219,"11":0.00876,"11.1":0.00657,"11.5":0.01095,"11.6":0.01533,"12":0.03285,"12.1":0.0219,"15":0.00438,"16":0.00438,"17":0.00438,"18":null,"19":null,"20":0.00438,"21":null,"22":null,"23":null,"24":null,"25":null,"26":null,"27":null,"28":0.00438,"29":0.00438,"30":null,"31":0.00219,"32":null,"33":0.01752,"34":0.00876,"35":0.01095,"36":0.01752,"37":0.02628,"38":0.00876,"39":0.00438,"40":0.01314,"41":0.0219,"42":0.32631,"43":0.41172,"44":0.00219,"45":null},"safari":{"3.1":null,"3.2":null,"4":0.01095,"5":0.00657,"5.1":0.00876,"6":null,"6.1":0.01095,"7":0.01095,"7.1":0.01752,"8":0.05037,"9":0.03504,"9.1":0.10074,"10":0.3285,"10.1":null,"0":null},"ios_saf":{"3.2":0,"4.0-4.1":0,"4.2-4.3":0,"5.0-5.1":0,"6.0-6.1":0.00781745782493,"7.0-7.1":0.0345148137931,"8":0,"8.1-8.4":0.0470522461538,"9.0-9.2":0.00929244986737,"9.3":0.127586811671,"10.0-10.2":1.16391622069},"android":{"2.1":0,"2.2":0,"2.3":0,"3":0,"4":0.080856079932,"4.1":0.242568239796,"4.2-4.3":0.781069732143,"4.4":1.72546874575,"4.4.3-4.4.4":0.973507202381,"53":null},"ie":{"5.5":null,"6":0.0110034667969,"7":0.00660208007812,"8":0.358713017578,"9":0.132041601562,"10":0.195861708984,"11":1.549288125},"op_mob":{"10":0,"11":0,"11.1":0,"11.5":0,"12":0,"12.1":0,"0":0.0790549344978},"edge":{"12":0.22119,"13":0.21243,"14":0.42267,"15":null},"bb":{"7":0.2011075,"10":null},"ie_mob":{"10":0.405361747573,"11":1.91420825243},"and_ff":{"0":0.01562},"and_qq":{"1.2":null},"samsung":{"0":2.70226},"and_uc":{"0":18.36131},"op_mini":{"0":36.1281050655},"and_chr":{"0":12.02311}},"total":97.0688575}