{"id":"ZW","name":"Zimbabwe","month":"2017-02","access_date":"2017-03-03","data":{"chrome":{"4":null,"5":null,"6":null,"7":null,"8":null,"9":null,"10":null,"11":0.0191,"12":null,"13":null,"14":null,"15":null,"16":null,"17":null,"18":null,"19":null,"20":0.01146,"21":null,"22":null,"23":null,"24":null,"25":0.01528,"26":0.01146,"27":0.00764,"28":0.00764,"29":0.02674,"30":0.00382,"31":0.0382,"32":0.09168,"33":0.0191,"34":0.02292,"35":0.00382,"36":0.1528,"37":null,"38":0.00764,"39":0.01528,"40":0.0382,"41":0.02292,"42":0.01146,"43":0.29414,"44":0.02292,"45":0.04584,"46":0.0191,"47":0.02292,"48":0.02292,"49":0.4393,"50":0.05348,"51":0.12606,"52":0.06112,"53":0.3247,"54":0.16044,"55":3.50294,"56":12.23928,"57":0.06876,"58":0.03438,"59":null},"firefox":{"2":null,"3":0.06876,"3.5":0.03056,"3.6":0.0191,"4":0.00764,"5":0.00764,"6":0.00764,"7":0.00382,"8":0.01528,"9":0.00764,"10":0.0191,"11":0.02674,"12":0.0191,"13":0.01146,"14":0.01528,"15":0.02292,"16":0.01146,"17":0.00764,"18":0.01528,"19":0.01146,"20":0.02292,"21":0.0191,"22":0.02292,"23":0.00764,"24":0.04966,"25":0.01528,"26":0.00764,"27":0.0191,"28":0.02292,"29":0.0382,"30":0.04202,"31":0.06112,"32":0.00764,"33":0.0191,"34":0.0191,"35":0.02292,"36":0.03056,"37":0.05348,"38":0.06112,"39":0.02674,"40":0.04584,"41":0.04966,"42":0.0382,"43":0.20628,"44":0.14516,"45":0.1337,"46":0.08022,"47":0.47368,"48":0.2101,"49":0.30178,"50":0.5539,"51":6.37176,"52":0.7831,"53":0.01528,"54":0.00764},"opera":{"9":null,"9.5-9.6":null,"10.0-10.1":0,"10.5":null,"10.6":null,"11":null,"11.1":null,"11.5":0.00764,"11.6":0.02674,"12":0.01528,"12.1":0.05348,"15":0.00382,"16":0.00382,"17":null,"18":0.00764,"19":null,"20":0.00764,"21":0.00382,"22":null,"23":null,"24":null,"25":null,"26":null,"27":null,"28":0.01528,"29":0.00382,"30":0.01146,"31":null,"32":0.01146,"33":0.00382,"34":0.0191,"35":0.03438,"36":0.06876,"37":0.06494,"38":0.01528,"39":0.01146,"40":0.04584,"41":0.04584,"42":0.52334,"43":0.81366,"44":0.00764,"45":null},"safari":{"3.1":null,"3.2":null,"4":0,"5":0.00764,"5.1":0.05348,"6":null,"6.1":0.00764,"7":0.01146,"7.1":0.00764,"8":0.0382,"9":0.08786,"9.1":0.12988,"10":0.48896,"10.1":null,"0":null},"ios_saf":{"3.2":0,"4.0-4.1":0,"4.2-4.3":0,"5.0-5.1":0,"6.0-6.1":0.00722729931034,"7.0-7.1":0.0319092082759,"8":0,"8.1-8.4":0.04350016,"9.0-9.2":0.00859094068966,"9.3":0.11795497931,"10.0-10.2":1.07604941241},"android":{"2.1":0,"2.2":0,"2.3":0,"3":0,"4":0.110339285714,"4.1":0.331017857143,"4.2-4.3":1.0658775,"4.4":2.35464035714,"4.4.3-4.4.4":1.328485,"53":null},"ie":{"5.5":null,"6":0.0153629683258,"7":0.00384074208145,"8":0.626040959276,"9":0.276533429864,"10":0.391755692308,"11":2.93048620814},"op_mob":{"10":0,"11":0,"11.1":0,"11.5":0,"12":0,"12.1":0,"0":0.0714092729258},"edge":{"12":0.35908,"13":0.35908,"14":0.79074,"15":null},"bb":{"7":0.07260325,"10":null},"ie_mob":{"10":0.395216038835,"11":1.86629796117},"and_ff":{"0":0.024716},"and_qq":{"1.2":null},"samsung":{"0":1.971101},"and_uc":{"0":7.217072},"op_mini":{"0":32.6340377271},"and_chr":{"0":10.589159}},"total":98.00830425}